number	kind	name	file	line
1	def	ones	ACIManifold.lean	25
2	abbrev	StateSpace	ACIManifold.lean	27
3	def	ConservationSet	ACIManifold.lean	29
4	theorem	conservationSet_nonempty	ACIManifold.lean	33
5	theorem	conservationSet_affine_closed	ACIManifold.lean	37
6	def	V0	ACIManifold.lean	48
7	theorem	mem_V0_iff	ACIManifold.lean	65
8	theorem	V0_preserves_conservationSet	ACIManifold.lean	67
9	def	sumFunctional	ACIManifold.lean	76
10	theorem	sumFunctional_apply	ACIManifold.lean	81
11	theorem	sumFunctional_ker_eq_V0	ACIManifold.lean	84
12	theorem	sumFunctional_surjective	ACIManifold.lean	90
13	theorem	V0_codim_one	ACIManifold.lean	100
14	theorem	ones_annihilates_P	ACIManifold.lean	129
15	theorem	P_idempotent	ACIManifold.lean	138
16	theorem	P_self_adjoint	ACIManifold.lean	145
17	theorem	P_range_eq_V0	ACIManifold.lean	168
18	theorem	P_fixes_V0	ACIManifold.lean	172
19	theorem	P_annihilates_uniform	ACIManifold.lean	180
20	theorem	J_red_decoupling	ACIManifold.lean	199
21	theorem	spectrum_beta_invariant	ACIManifold.lean	209
22	theorem	lyapunov_pos_def	ACIManifold.lean	221
23	theorem	lyapunov_zero_iff	ACIManifold.lean	227
24	def	V0_stable	ACIManifold.lean	245
25	theorem	PWP_is_V0_stable	ACIManifold.lean	249
26	def	V0_neg_def	ACIManifold.lean	257
27	structure	ACI_AuditVector	ACIManifold.lean	262
28	def	ACI_v1_audit	ACIManifold.lean	271
29	structure	SystemCore	AM10.lean	5
30	theorem	system_exists	AM10.lean	11
31	inductive	NodeChain	AM10.lean	13
32	def	M_N7	AM10.lean	17
33	theorem	validity_requires_positive_margin	AM10.lean	20
34	theorem	bottleneck_law	AM10.lean	24
35	theorem	closure_gate	AM10.lean	45
36	theorem	halt_condition	AM10.lean	48
37	def	SystemValid	AM10.lean	51
38	theorem	global_closure	AM10.lean	54
39	structure	AxiomCore	AWM21.lean	20
40	def	AxiomCore.valid	AWM21.lean	26
41	structure	Governance	AWM21.lean	29
42	def	Governance.consistent	AWM21.lean	34
43	structure	SystemState	AWM21.lean	38
44	structure	ValidTransition	AWM21.lean	43
45	theorem	transition_chain	AWM21.lean	48
46	def	id_transition	AWM21.lean	54
47	theorem	transition_assoc	AWM21.lean	57
48	inductive	Domain	AWM21.lean	67
49	def	all_domains	AWM21.lean	76
50	theorem	all_domains_count	AWM21.lean	84
51	theorem	all_domains_nodup	AWM21.lean	85
52	theorem	all_domains_complete	AWM21.lean	86
53	def	domain_priority	AWM21.lean	89
54	def	bottleneck	AWM21.lean	102
55	theorem	bottleneck_exists_iff	AWM21.lean	109
56	def	depends_on	AWM21.lean	119
57	theorem	domain_wf	AWM21.lean	122
58	structure	AWM_AuditVector	AWM21.lean	147
59	theorem	priority_injective	AWM21.lean	157
60	theorem	depends_irrefl	AWM21.lean	161
61	theorem	depends_asymm	AWM21.lean	164
62	theorem	depends_trans	AWM21.lean	168
63	def	AWM21_audit	AWM21.lean	173
64	theorem	audit_fully_sealed	AWM21.lean	184
65	structure	GeometryBounds	AWMCore.lean	15
66	theorem	GeometryBounds.span_pos	AWMCore.lean	23
67	theorem	GeometryBounds.mid_in_range	AWMCore.lean	26
68	theorem	tanh_lt_one	AWMCore.lean	37
69	theorem	neg_one_lt_tanh	AWMCore.lean	39
70	theorem	tanh_abs_lt_one	AWMCore.lean	41
71	theorem	sin_abs_le_one	AWMCore.lean	45
72	theorem	perturbation_bound	AWMCore.lean	47
73	theorem	y_prime_bound	AWMCore.lean	58
74	theorem	squash_near_mid	AWMCore.lean	66
75	theorem	energy_nonneg	AWMCore.lean	84
76	theorem	energy_zero_iff	AWMCore.lean	87
77	theorem	energy_scale	AWMCore.lean	98
78	theorem	energy_nonneg_sqrt	AWMCore.lean	102
79	def	Trajectory	AWMCore.lean	107
80	def	step_diff	AWMCore.lean	109
81	theorem	mobility_nonneg	AWMCore.lean	118
82	theorem	mobility_static	AWMCore.lean	126
83	def	spectrally_normalized	AWMCore.lean	132
84	theorem	zero_normalized	AWMCore.lean	137
85	structure	AWMParams	AWMCore.lean	145
86	structure	AWMState	AWMCore.lean	153
87	theorem	awm_energy_bounded	AWMCore.lean	170
88	structure	AWMCoreAudit	AWMCore.lean	193
89	def	AWMCore_audit	AWMCore.lean	203
90	theorem	awmcore_apex_sealed	AWMCore.lean	214
91	structure	FiniteGroup	AbstractAlgebra.lean	14
92	theorem	group_one_unique	AbstractAlgebra.lean	31
93	theorem	group_inv_unique	AbstractAlgebra.lean	39
94	theorem	group_order_pos	AbstractAlgebra.lean	56
95	def	is_subgroup	AbstractAlgebra.lean	61
96	theorem	trivial_subgroup	AbstractAlgebra.lean	68
97	theorem	lagrange_card_le	AbstractAlgebra.lean	84
98	structure	Ring	AbstractAlgebra.lean	93
99	theorem	ring_mul_zero	AbstractAlgebra.lean	122
100	def	has_zero_divisor	AbstractAlgebra.lean	135
101	def	is_integral_domain	AbstractAlgebra.lean	140
102	def	is_ideal	AbstractAlgebra.lean	143
103	theorem	zero_ideal	AbstractAlgebra.lean	148
104	structure	Field	AbstractAlgebra.lean	161
105	theorem	field_no_zero_divisors	AbstractAlgebra.lean	169
106	theorem	finite_field_order	AbstractAlgebra.lean	189
107	structure	VectorSpace	AbstractAlgebra.lean	198
108	theorem	std_basis_independent	AbstractAlgebra.lean	202
109	theorem	dimension_formula	AbstractAlgebra.lean	209
110	def	is_group_hom	AbstractAlgebra.lean	217
111	theorem	hom_preserves_inv	AbstractAlgebra.lean	228
112	theorem	kernel_is_subgroup	AbstractAlgebra.lean	238
113	theorem	image_is_subgroup	AbstractAlgebra.lean	261
114	theorem	first_iso_theorem	AbstractAlgebra.lean	281
115	structure	GaloisGroup	AbstractAlgebra.lean	296
116	theorem	galois_fundamental	AbstractAlgebra.lean	301
117	theorem	tower_law	AbstractAlgebra.lean	304
118	theorem	galois_correspondence	AbstractAlgebra.lean	329
119	def	is_solvable_group	AbstractAlgebra.lean	336
120	theorem	abelian_is_solvable	AbstractAlgebra.lean	341
121	structure	Representation	AbstractAlgebra.lean	349
122	theorem	character_identity	AbstractAlgebra.lean	358
123	theorem	schur_lemma_diff_dim	AbstractAlgebra.lean	367
124	theorem	peter_weyl_dimension	AbstractAlgebra.lean	377
125	def	is_simple_module	AbstractAlgebra.lean	385
126	theorem	jordan_holder	AbstractAlgebra.lean	389
127	theorem	maschke	AbstractAlgebra.lean	395
128	inductive	Domain21	AbstractAlgebra.lean	403
129	structure	DomainMonoid	AbstractAlgebra.lean	414
130	theorem	monoid_id_unique	AbstractAlgebra.lean	423
131	structure	DomainGroup	AbstractAlgebra.lean	431
132	theorem	domain_group_inv_unique	AbstractAlgebra.lean	436
133	theorem	symmetry_order_pos	AbstractAlgebra.lean	452
134	structure	DomainRing	AbstractAlgebra.lean	456
135	theorem	domain_repr_dim_val	AbstractAlgebra.lean	469
136	theorem	AWM_basis_orthonormal	AbstractAlgebra.lean	477
137	theorem	AWM_basis_spans	AbstractAlgebra.lean	490
138	def	domain_mass_map	AbstractAlgebra.lean	505
139	theorem	domain_total_mass_pos	AbstractAlgebra.lean	512
140	theorem	domain_total_mass_eq_card	AbstractAlgebra.lean	516
141	theorem	domain_repr_dim_eq_matrix_rank	AbstractAlgebra.lean	521
142	theorem	domain_hamiltonian_nonneg	AbstractAlgebra.lean	531
143	structure	AbstractAlgebraLock	AbstractAlgebra.lean	546
144	def	AALock	AbstractAlgebra.lean	618
145	theorem	sound_speed_pos	AcousticsWaves.lean	16
146	theorem	acoustic_bounded	AcousticsWaves.lean	28
147	theorem	wavelength_freq	AcousticsWaves.lean	39
148	theorem	acoustic_intensity_nonneg	AcousticsWaves.lean	60
149	theorem	dB_nonneg	AcousticsWaves.lean	74
150	theorem	standing_wave_bounded	AcousticsWaves.lean	86
151	theorem	resonant_freq_nonneg	AcousticsWaves.lean	109
152	theorem	doppler_pos	AcousticsWaves.lean	127
153	theorem	RT_nonneg	AcousticsWaves.lean	145
154	theorem	absorption_valid	AcousticsWaves.lean	152
155	theorem	room_mode_pos	AcousticsWaves.lean	157
156	theorem	mach_nonneg	AcousticsWaves.lean	168
157	def	is_supersonic	AcousticsWaves.lean	173
158	theorem	nonlinear_beta_pos	AcousticsWaves.lean	175
159	theorem	harmonic_nonneg	AcousticsWaves.lean	185
160	theorem	semitone_pos	AcousticsWaves.lean	193
161	theorem	consonance_proxy	AcousticsWaves.lean	197
162	theorem	piezo_freq_pos	AcousticsWaves.lean	204
163	theorem	impedance_pos	AcousticsWaves.lean	210
164	inductive	Domain21	AcousticsWaves.lean	228
165	theorem	domain_ss_pos	AcousticsWaves.lean	240
166	theorem	domain_ai_nonneg	AcousticsWaves.lean	249
167	theorem	domain_resonant_nonneg	AcousticsWaves.lean	258
168	theorem	domain_harmonic_nonneg	AcousticsWaves.lean	266
169	theorem	domain_impedance_pos	AcousticsWaves.lean	273
170	theorem	domain_RT_nonneg	AcousticsWaves.lean	281
171	structure	AcousticsLock	AcousticsWaves.lean	289
172	def	ALock	AcousticsWaves.lean	327
173	def	sumset	AdditiveNumberTheory.lean	11
174	theorem	mem_sumset	AdditiveNumberTheory.lean	14
175	theorem	sumset_card_lb	AdditiveNumberTheory.lean	22
176	theorem	doubling_ge_one	AdditiveNumberTheory.lean	86
177	theorem	cauchy_davenport_proxy	AdditiveNumberTheory.lean	102
178	theorem	vosper_proxy	AdditiveNumberTheory.lean	109
179	theorem	freiman_proxy	AdditiveNumberTheory.lean	117
180	def	is_AP	AdditiveNumberTheory.lean	121
181	theorem	single_is_AP	AdditiveNumberTheory.lean	126
182	def	AP_length	AdditiveNumberTheory.lean	130
183	theorem	AP_card	AdditiveNumberTheory.lean	135
184	def	is_3AP_free	AdditiveNumberTheory.lean	149
185	theorem	roth_proxy	AdditiveNumberTheory.lean	153
186	theorem	behrend_proxy	AdditiveNumberTheory.lean	156
187	def	waring_g	AdditiveNumberTheory.lean	163
188	theorem	waring_g_pos	AdditiveNumberTheory.lean	171
189	theorem	lagrange_four_squares_proxy	AdditiveNumberTheory.lean	176
190	theorem	waring_goldbach_proxy	AdditiveNumberTheory.lean	182
191	theorem	goldbach_binary_proxy	AdditiveNumberTheory.lean	190
192	theorem	ternary_goldbach_proxy	AdditiveNumberTheory.lean	195
193	theorem	twin_prime_proxy	AdditiveNumberTheory.lean	200
194	theorem	green_tao_proxy	AdditiveNumberTheory.lean	209
195	theorem	szemeredi_proxy	AdditiveNumberTheory.lean	213
196	theorem	prime_AP_density_proxy	AdditiveNumberTheory.lean	216
197	theorem	plunnecke_proxy	AdditiveNumberTheory.lean	225
198	theorem	ruzsa_covering_proxy	AdditiveNumberTheory.lean	230
199	theorem	bogolyubov_proxy	AdditiveNumberTheory.lean	234
200	theorem	BSG_proxy	AdditiveNumberTheory.lean	237
201	inductive	Domain21	AdditiveNumberTheory.lean	244
202	def	domain_A	AdditiveNumberTheory.lean	253
203	def	domain_B	AdditiveNumberTheory.lean	256
204	theorem	domain_A_nonempty	AdditiveNumberTheory.lean	259
205	theorem	domain_B_nonempty	AdditiveNumberTheory.lean	264
206	theorem	domain_sumset_lb	AdditiveNumberTheory.lean	269
207	def	domain_AP	AdditiveNumberTheory.lean	275
208	theorem	domain_AP_card	AdditiveNumberTheory.lean	278
209	theorem	domain_waring_g2	AdditiveNumberTheory.lean	282
210	theorem	domain_twin_prime	AdditiveNumberTheory.lean	286
211	theorem	domain_green_tao	AdditiveNumberTheory.lean	291
212	theorem	domain_doubling_nonneg	AdditiveNumberTheory.lean	295
213	structure	AdditiveNumberTheoryLock	AdditiveNumberTheory.lean	303
214	def	ANTLock	AdditiveNumberTheory.lean	334
215	def	AffineVariety	AlgebraicGeometry.lean	11
216	def	vanishes	AlgebraicGeometry.lean	14
217	theorem	vanishes_zero	AlgebraicGeometry.lean	18
218	theorem	vanishes_sum	AlgebraicGeometry.lean	22
219	theorem	vanishes_mul_left	AlgebraicGeometry.lean	30
220	def	in_ideal	AlgebraicGeometry.lean	41
221	theorem	zero_in_ideal	AlgebraicGeometry.lean	48
222	theorem	hilbert_basis_nonneg	AlgebraicGeometry.lean	53
223	theorem	nullstellensatz_proxy	AlgebraicGeometry.lean	57
224	def	is_radical_ideal	AlgebraicGeometry.lean	63
225	def	projective_dim	AlgebraicGeometry.lean	72
226	theorem	projective_dim_nonneg	AlgebraicGeometry.lean	74
227	def	is_homogeneous	AlgebraicGeometry.lean	78
228	theorem	homogeneous_zero	AlgebraicGeometry.lean	82
229	def	variety_degree	AlgebraicGeometry.lean	87
230	theorem	variety_degree_pos	AlgebraicGeometry.lean	89
231	theorem	bezout_proxy	AlgebraicGeometry.lean	93
232	structure	RegularSheaf	AlgebraicGeometry.lean	102
233	theorem	sheaf_eval_nonneg	AlgebraicGeometry.lean	110
234	def	scheme_morphism_nonneg	AlgebraicGeometry.lean	119
235	theorem	morphism_dim_nonneg	AlgebraicGeometry.lean	123
236	structure	Divisor	AlgebraicGeometry.lean	131
237	def	divisor_degree	AlgebraicGeometry.lean	134
238	theorem	divisor_degree_add	AlgebraicGeometry.lean	138
239	def	is_effective	AlgebraicGeometry.lean	147
240	theorem	zero_divisor_effective	AlgebraicGeometry.lean	151
241	theorem	riemann_roch_proxy	AlgebraicGeometry.lean	155
242	structure	EllipticCurve	AlgebraicGeometry.lean	164
243	def	on_curve	AlgebraicGeometry.lean	169
244	theorem	disc_nonzero	AlgebraicGeometry.lean	173
245	def	ec_identity	AlgebraicGeometry.lean	182
246	theorem	ec_identity_is_none	AlgebraicGeometry.lean	185
247	theorem	deRham_H0_is_one	AlgebraicGeometry.lean	198
248	def	hodge_number	AlgebraicGeometry.lean	202
249	theorem	hodge_diag_one	AlgebraicGeometry.lean	205
250	def	euler_char_cohom	AlgebraicGeometry.lean	209
251	def	moduli_dim	AlgebraicGeometry.lean	220
252	theorem	moduli_dim_pos	AlgebraicGeometry.lean	224
253	def	EC_moduli_dim	AlgebraicGeometry.lean	229
254	theorem	EC_moduli_pos	AlgebraicGeometry.lean	231
255	theorem	GW_nonneg	AlgebraicGeometry.lean	235
256	inductive	Domain21	AlgebraicGeometry.lean	243
257	def	domain_variety_dim	AlgebraicGeometry.lean	252
258	theorem	domain_variety_pos	AlgebraicGeometry.lean	254
259	def	domain_divisor	AlgebraicGeometry.lean	258
260	theorem	domain_divisor_degree_nonneg	AlgebraicGeometry.lean	261
261	theorem	domain_deRham_H0	AlgebraicGeometry.lean	267
262	def	domain_moduli_dim	AlgebraicGeometry.lean	271
263	theorem	domain_moduli_pos	AlgebraicGeometry.lean	274
264	theorem	domain_EC_disc	AlgebraicGeometry.lean	284
265	structure	AlgebraicGeometryLock	AlgebraicGeometry.lean	293
266	def	AGLock	AlgebraicGeometry.lean	320
267	structure	Loop	AlgebraicTopology.lean	11
268	theorem	reverse_reverse	AlgebraicTopology.lean	40
269	structure	CoveringMap	AlgebraicTopology.lean	52
270	theorem	covering_fiber_nonempty	AlgebraicTopology.lean	59
271	def	is_universal_cover	AlgebraicTopology.lean	63
272	structure	DeckTransformation	AlgebraicTopology.lean	69
273	theorem	deck_compose	AlgebraicTopology.lean	75
274	structure	ChainComplex	AlgebraicTopology.lean	91
275	structure	Simplex	AlgebraicTopology.lean	109
276	def	vertex_simplex	AlgebraicTopology.lean	113
277	def	edge_simplex	AlgebraicTopology.lean	117
278	theorem	boundary_1simplex	AlgebraicTopology.lean	123
279	structure	CochainComplex	AlgebraicTopology.lean	132
280	theorem	deRham_H0	AlgebraicTopology.lean	145
281	theorem	deRham_H1_torus	AlgebraicTopology.lean	148
282	theorem	deRham_H2	AlgebraicTopology.lean	151
283	theorem	poincare_duality_2d	AlgebraicTopology.lean	154
284	theorem	cup_product_nonneg	AlgebraicTopology.lean	161
285	structure	ShortExactSequence	AlgebraicTopology.lean	168
286	theorem	rank_inequality	AlgebraicTopology.lean	177
287	theorem	rank_C_le_B	AlgebraicTopology.lean	181
288	theorem	SES_euler_zero	AlgebraicTopology.lean	185
289	theorem	mayer_vietoris_dim	AlgebraicTopology.lean	192
290	def	homotopic	AlgebraicTopology.lean	201
291	theorem	homotopic_refl	AlgebraicTopology.lean	207
292	theorem	homotopic_symm	AlgebraicTopology.lean	212
293	theorem	homotopic_trans	AlgebraicTopology.lean	221
294	def	is_contractible	AlgebraicTopology.lean	233
295	theorem	Rn_contractible	AlgebraicTopology.lean	236
296	structure	FiberBundle	AlgebraicTopology.lean	247
297	def	trivial_bundle	AlgebraicTopology.lean	255
298	theorem	tangent_bundle_double	AlgebraicTopology.lean	262
299	structure	KElement	AlgebraicTopology.lean	271
300	theorem	K_rank_add	AlgebraicTopology.lean	278
301	theorem	bott_period	AlgebraicTopology.lean	284
302	theorem	chern_character_additive	AlgebraicTopology.lean	291
303	inductive	Domain21	AlgebraicTopology.lean	303
304	structure	AWMComplex	AlgebraicTopology.lean	312
305	def	full_AWM_complex	AlgebraicTopology.lean	322
306	theorem	full_AWM_vertices	AlgebraicTopology.lean	327
307	def	AWM_connected	AlgebraicTopology.lean	332
308	theorem	full_AWM_connected	AlgebraicTopology.lean	339
309	theorem	AWM_contractible	AlgebraicTopology.lean	346
310	theorem	AWM_betti0_pos	AlgebraicTopology.lean	355
311	theorem	AWM_betti0_all	AlgebraicTopology.lean	359
312	theorem	AWM_connectivity_monotone	AlgebraicTopology.lean	364
313	structure	AlgTopLock	AlgebraicTopology.lean	373
314	def	ATLock	AlgebraicTopology.lean	412
315	def	is_multiplicative	AnalyticNumberTheory.lean	11
316	theorem	totient_mult_proxy	AnalyticNumberTheory.lean	16
317	theorem	sigma_k_pos	AnalyticNumberTheory.lean	30
318	def	liouville_fn	AnalyticNumberTheory.lean	41
319	theorem	liouville_sq_one	AnalyticNumberTheory.lean	44
320	theorem	dirichlet_series_nonneg	AnalyticNumberTheory.lean	60
321	theorem	zeta_partial_pos	AnalyticNumberTheory.lean	77
322	theorem	euler_product_proxy	AnalyticNumberTheory.lean	91
323	def	pi_x	AnalyticNumberTheory.lean	99
324	theorem	pi_x_nonneg	AnalyticNumberTheory.lean	103
325	theorem	pi_x_monotone	AnalyticNumberTheory.lean	106
326	theorem	PNT_proxy	AnalyticNumberTheory.lean	114
327	theorem	chebyshev_nonneg	AnalyticNumberTheory.lean	126
328	def	primes_in_AP	AnalyticNumberTheory.lean	138
329	theorem	primes_in_AP_nonneg	AnalyticNumberTheory.lean	142
330	theorem	dirichlet_char_proxy	AnalyticNumberTheory.lean	146
331	theorem	L1_nonzero_proxy	AnalyticNumberTheory.lean	150
332	theorem	sieve_bound	AnalyticNumberTheory.lean	157
333	theorem	brun_proxy	AnalyticNumberTheory.lean	163
334	theorem	large_sieve_proxy	AnalyticNumberTheory.lean	166
335	theorem	selberg_proxy	AnalyticNumberTheory.lean	169
336	theorem	gauss_sum_pos	AnalyticNumberTheory.lean	180
337	theorem	kloosterman_bound	AnalyticNumberTheory.lean	186
338	theorem	weyl_sum_proxy	AnalyticNumberTheory.lean	193
339	theorem	circle_method_proxy	AnalyticNumberTheory.lean	200
340	theorem	major_arcs_proxy	AnalyticNumberTheory.lean	203
341	theorem	minor_arcs_proxy	AnalyticNumberTheory.lean	207
342	theorem	goldbach_proxy	AnalyticNumberTheory.lean	210
343	theorem	zero_free_proxy	AnalyticNumberTheory.lean	218
344	theorem	siegel_zero_proxy	AnalyticNumberTheory.lean	222
345	theorem	explicit_formula_proxy	AnalyticNumberTheory.lean	225
346	inductive	Domain21	AnalyticNumberTheory.lean	232
347	theorem	domain_pi_pos	AnalyticNumberTheory.lean	241
348	theorem	domain_pi_mono	AnalyticNumberTheory.lean	245
349	theorem	domain_dirichlet_nonneg	AnalyticNumberTheory.lean	252
350	theorem	domain_zeta_pos	AnalyticNumberTheory.lean	262
351	theorem	domain_chebyshev_nonneg	AnalyticNumberTheory.lean	270
352	theorem	domain_gauss_pos	AnalyticNumberTheory.lean	277
353	theorem	domain_sigma_pos	AnalyticNumberTheory.lean	284
354	structure	AnalyticNumberTheoryLock	AnalyticNumberTheory.lean	292
355	def	ANTLock	AnalyticNumberTheory.lean	328
356	structure	RegistryObject	AntaresCategory.lean	11
357	structure	Kernel	AntaresCategory.lean	16
358	structure	GovernancePolicy	AntaresCategory.lean	21
359	structure	SystemState	AntaresCategory.lean	25
360	structure	StateTransition	AntaresCategory.lean	30
361	def	compose_transitions	AntaresCategory.lean	37
362	def	id_transition	AntaresCategory.lean	46
363	def	stricter	AntaresCategory.lean	53
364	theorem	stricter_refl	AntaresCategory.lean	56
365	theorem	stricter_trans	AntaresCategory.lean	59
366	theorem	integrity_preserved	AntaresCategory.lean	64
367	structure	AntaresAuditVector	AntaresCategory.lean	69
368	def	Antares_audit	AntaresCategory.lean	75
369	theorem	antares_sealed	AntaresCategory.lean	82
370	structure	EllipticCurve	ArithmeticGeometry.lean	7
371	theorem	EC_disc	ArithmeticGeometry.lean	12
372	theorem	rank_nonneg	ArithmeticGeometry.lean	21
373	theorem	mordell_weil_proxy	ArithmeticGeometry.lean	24
374	def	abelian_variety_dim	ArithmeticGeometry.lean	27
375	theorem	AV_dim_pos	ArithmeticGeometry.lean	29
376	structure	Isogeny	ArithmeticGeometry.lean	32
377	theorem	isogeny_deg_pos	ArithmeticGeometry.lean	36
378	theorem	dual_AV_proxy	ArithmeticGeometry.lean	39
379	theorem	tate_module_proxy	ArithmeticGeometry.lean	42
380	def	modular_weight	ArithmeticGeometry.lean	46
381	theorem	weight_nonneg	ArithmeticGeometry.lean	48
382	theorem	fourier_coeff_nonneg	ArithmeticGeometry.lean	56
383	theorem	hecke_proxy	ArithmeticGeometry.lean	60
384	theorem	ramanujan_tau_proxy	ArithmeticGeometry.lean	64
385	def	shimura_dim	ArithmeticGeometry.lean	67
386	theorem	shimura_dim_nonneg	ArithmeticGeometry.lean	69
387	theorem	canonical_model_proxy	ArithmeticGeometry.lean	73
388	theorem	CM_point_proxy	ArithmeticGeometry.lean	76
389	theorem	padic_val_nonneg	ArithmeticGeometry.lean	84
390	theorem	padic_abs_pos	ArithmeticGeometry.lean	95
391	theorem	hensel_proxy	ArithmeticGeometry.lean	102
392	def	galois_group_order	ArithmeticGeometry.lean	105
393	theorem	galois_order_pos	ArithmeticGeometry.lean	107
394	structure	GaloisRep	ArithmeticGeometry.lean	111
395	theorem	galois_rep_pos	ArithmeticGeometry.lean	115
396	theorem	frobenius_proxy	ArithmeticGeometry.lean	119
397	theorem	weil_conjecture_proxy	ArithmeticGeometry.lean	123
398	def	arith_surface_genus	ArithmeticGeometry.lean	126
399	theorem	genus_nonneg	ArithmeticGeometry.lean	128
400	theorem	arith_intersection_comm	ArithmeticGeometry.lean	135
401	theorem	arith_RR_proxy	ArithmeticGeometry.lean	141
402	theorem	L_functional_eq_proxy	ArithmeticGeometry.lean	149
403	theorem	BSD_proxy	ArithmeticGeometry.lean	152
404	theorem	analytic_rank_nonneg	ArithmeticGeometry.lean	155
405	inductive	Domain21	ArithmeticGeometry.lean	158
406	def	domain_EC	ArithmeticGeometry.lean	167
407	theorem	domain_EC_disc	ArithmeticGeometry.lean	172
408	def	domain_isogeny	ArithmeticGeometry.lean	177
409	theorem	domain_isogeny_pos	ArithmeticGeometry.lean	181
410	def	domain_galois_rep	ArithmeticGeometry.lean	185
411	theorem	domain_galois_pos	ArithmeticGeometry.lean	189
412	theorem	domain_padic_pos	ArithmeticGeometry.lean	196
413	theorem	domain_arith_intersection	ArithmeticGeometry.lean	200
414	theorem	domain_shimura_dim	ArithmeticGeometry.lean	204
415	theorem	domain_weight_nn	ArithmeticGeometry.lean	208
416	structure	ArithmeticGeometryLock	ArithmeticGeometry.lean	212
417	def	AGLock	ArithmeticGeometry.lean	247
418	theorem	bohr_radius_pos	AtomicMolecularPhysics.lean	13
419	theorem	hydrogen_energy_neg	AtomicMolecularPhysics.lean	28
420	theorem	principal_QN_pos	AtomicMolecularPhysics.lean	42
421	theorem	angular_QN_valid	AtomicMolecularPhysics.lean	45
422	theorem	magnetic_QN_valid	AtomicMolecularPhysics.lean	49
423	theorem	spin_half_proxy	AtomicMolecularPhysics.lean	53
424	def	orbital_degeneracy	AtomicMolecularPhysics.lean	56
425	theorem	orbital_degeneracy_pos	AtomicMolecularPhysics.lean	59
426	theorem	aufbau_proxy	AtomicMolecularPhysics.lean	65
427	theorem	hunds_rule_proxy	AtomicMolecularPhysics.lean	68
428	theorem	ionization_energy_pos	AtomicMolecularPhysics.lean	71
429	theorem	bond_energy_pos	AtomicMolecularPhysics.lean	74
430	theorem	morse_nonneg	AtomicMolecularPhysics.lean	81
431	theorem	LCAO_proxy	AtomicMolecularPhysics.lean	87
432	theorem	bond_length_pos	AtomicMolecularPhysics.lean	90
433	theorem	rotational_energy_nonneg	AtomicMolecularPhysics.lean	98
434	theorem	vibrational_pos	AtomicMolecularPhysics.lean	113
435	theorem	selection_rule_proxy	AtomicMolecularPhysics.lean	121
436	theorem	beer_lambert_pos	AtomicMolecularPhysics.lean	128
437	theorem	beer_lambert_le_I0	AtomicMolecularPhysics.lean	133
438	theorem	doppler_broad_pos	AtomicMolecularPhysics.lean	147
439	theorem	cross_section_nonneg	AtomicMolecularPhysics.lean	155
440	theorem	mfp_pos	AtomicMolecularPhysics.lean	167
441	theorem	collision_rate_nonneg	AtomicMolecularPhysics.lean	173
442	theorem	thermal_wavelength_pos	AtomicMolecularPhysics.lean	182
443	theorem	BEC_Tc_pos	AtomicMolecularPhysics.lean	193
444	theorem	optical_molasses_proxy	AtomicMolecularPhysics.lean	196
445	inductive	Domain21	AtomicMolecularPhysics.lean	199
446	theorem	domain_bohr_pos	AtomicMolecularPhysics.lean	213
447	theorem	domain_orbital_deg_pos	AtomicMolecularPhysics.lean	219
448	theorem	domain_morse_nonneg	AtomicMolecularPhysics.lean	226
449	theorem	domain_vib_pos	AtomicMolecularPhysics.lean	233
450	theorem	domain_BL_pos	AtomicMolecularPhysics.lean	241
451	theorem	domain_sigma_nonneg	AtomicMolecularPhysics.lean	248
452	structure	AtomicMolecularLock	AtomicMolecularPhysics.lean	252
453	def	AMLock	AtomicMolecularPhysics.lean	289
454	def	edit_distance_nonneg	BioinformaticsTheory.lean	13
455	theorem	NW_score_nonneg	BioinformaticsTheory.lean	17
456	theorem	SW_nonneg	BioinformaticsTheory.lean	21
457	def	seq_hamming	BioinformaticsTheory.lean	25
458	theorem	seq_hamming_nonneg	BioinformaticsTheory.lean	30
459	def	complement	BioinformaticsTheory.lean	40
460	theorem	complement_involutive	BioinformaticsTheory.lean	43
461	theorem	GC_content_nonneg	BioinformaticsTheory.lean	49
462	theorem	JC_distance_nonneg	BioinformaticsTheory.lean	65
463	inductive	Domain21	BioinformaticsTheory.lean	81
464	theorem	domain_seq_length	BioinformaticsTheory.lean	91
465	theorem	domain_hamming_nonneg	BioinformaticsTheory.lean	96
466	theorem	domain_complement_invol	BioinformaticsTheory.lean	102
467	structure	BioinformaticsLock	BioinformaticsTheory.lean	111
468	def	BioLock	BioinformaticsTheory.lean	127
469	structure	Category	CategoryTheoryAdvanced.lean	12
470	theorem	cat_id_left	CategoryTheoryAdvanced.lean	27
471	theorem	cat_assoc	CategoryTheoryAdvanced.lean	32
472	structure	Functor	CategoryTheoryAdvanced.lean	45
473	theorem	functor_preserves_id	CategoryTheoryAdvanced.lean	56
474	theorem	functor_preserves_comp	CategoryTheoryAdvanced.lean	62
475	def	id_functor	CategoryTheoryAdvanced.lean	71
476	structure	NatTrans	CategoryTheoryAdvanced.lean	81
477	theorem	nat_trans_naturality	CategoryTheoryAdvanced.lean	90
478	def	is_terminal	CategoryTheoryAdvanced.lean	104
479	def	is_initial	CategoryTheoryAdvanced.lean	109
480	structure	Product	CategoryTheoryAdvanced.lean	114
481	def	pullback_exists	CategoryTheoryAdvanced.lean	126
482	theorem	pullback_proxy	CategoryTheoryAdvanced.lean	131
483	structure	Adjunction	CategoryTheoryAdvanced.lean	140
484	theorem	adjunction_hom_proxy	CategoryTheoryAdvanced.lean	155
485	structure	Monad	CategoryTheoryAdvanced.lean	165
486	theorem	monad_unit_proxy	CategoryTheoryAdvanced.lean	175
487	def	kleisli_obj	CategoryTheoryAdvanced.lean	181
488	theorem	kleisli_nonneg	CategoryTheoryAdvanced.lean	185
489	def	subobject_classifier_proxy	CategoryTheoryAdvanced.lean	193
490	theorem	topos_has_classifier	CategoryTheoryAdvanced.lean	197
491	theorem	topos_logic_nonneg	CategoryTheoryAdvanced.lean	203
492	def	is_CCC	CategoryTheoryAdvanced.lean	207
493	theorem	CCC_proxy	CategoryTheoryAdvanced.lean	210
494	def	enriched_hom_nonneg	CategoryTheoryAdvanced.lean	220
495	theorem	enriched_hom_holds	CategoryTheoryAdvanced.lean	224
496	def	ab_enriched_nonneg	CategoryTheoryAdvanced.lean	229
497	theorem	ab_enriched_comm	CategoryTheoryAdvanced.lean	233
498	def	dg_diff_sq_zero	CategoryTheoryAdvanced.lean	238
499	theorem	zero_diff_sq	CategoryTheoryAdvanced.lean	242
500	inductive	Domain21	CategoryTheoryAdvanced.lean	249
501	def	AWM_category	CategoryTheoryAdvanced.lean	259
502	theorem	AWM_cat_id	CategoryTheoryAdvanced.lean	268
503	theorem	AWM_cat_assoc	CategoryTheoryAdvanced.lean	271
504	def	AWM_id_functor	CategoryTheoryAdvanced.lean	283
505	theorem	AWM_functor_id	CategoryTheoryAdvanced.lean	287
506	theorem	AWM_obj_count	CategoryTheoryAdvanced.lean	295
507	theorem	AWM_hom_nonneg	CategoryTheoryAdvanced.lean	300
508	theorem	AWM_pullback	CategoryTheoryAdvanced.lean	307
509	structure	CategoryTheoryAdvancedLock	CategoryTheoryAdvanced.lean	315
510	def	CTALock	CategoryTheoryAdvanced.lean	368
511	structure	LinearCode	CodingTheory.lean	10
512	def	codeword	CodingTheory.lean	15
513	theorem	parity_check	CodingTheory.lean	19
514	def	min_distance	CodingTheory.lean	27
515	theorem	min_distance_nonneg	CodingTheory.lean	33
516	theorem	code_rate_nonneg	CodingTheory.lean	42
517	theorem	code_rate_le_one	CodingTheory.lean	47
518	def	hamming_n	CodingTheory.lean	56
519	def	hamming_k	CodingTheory.lean	57
520	theorem	hamming_n_pos	CodingTheory.lean	59
521	theorem	hamming_error_correction	CodingTheory.lean	67
522	theorem	hamming_perfect_proxy	CodingTheory.lean	70
523	theorem	hamming_singleton	CodingTheory.lean	74
524	def	cyclic_shift	CodingTheory.lean	84
525	theorem	cyclic_shift_twice	CodingTheory.lean	88
526	def	gen_poly_degree	CodingTheory.lean	98
527	theorem	gen_poly_degree_nonneg	CodingTheory.lean	100
528	theorem	BCH_distance_proxy	CodingTheory.lean	105
529	def	RS_min_distance	CodingTheory.lean	110
530	theorem	RS_meets_singleton	CodingTheory.lean	112
531	theorem	RS_distance_pos	CodingTheory.lean	116
532	theorem	vandermonde_nonneg	CodingTheory.lean	120
533	theorem	RS_corrects	CodingTheory.lean	123
534	structure	TannerGraph	CodingTheory.lean	130
535	theorem	tanner_var_degree_nonneg	CodingTheory.lean	135
536	theorem	BP_nonneg	CodingTheory.lean	140
537	theorem	LDPC_capacity_proxy	CodingTheory.lean	143
538	theorem	gallager_bound_proxy	CodingTheory.lean	147
539	def	interleaver_size	CodingTheory.lean	152
540	theorem	interleaver_pos	CodingTheory.lean	154
541	theorem	bhattacharyya_nonneg	CodingTheory.lean	161
542	theorem	bhattacharyya_le_one	CodingTheory.lean	166
543	theorem	polarization_proxy	CodingTheory.lean	175
544	theorem	singleton_bound	CodingTheory.lean	181
545	theorem	plotkin_bound_proxy	CodingTheory.lean	186
546	theorem	GV_bound_proxy	CodingTheory.lean	190
547	theorem	EB_bound_proxy	CodingTheory.lean	193
548	theorem	johnson_bound	CodingTheory.lean	196
549	theorem	network_capacity_nonneg	CodingTheory.lean	205
550	theorem	max_flow_proxy	CodingTheory.lean	209
551	theorem	RLNC_proxy	CodingTheory.lean	213
552	inductive	Domain21	CodingTheory.lean	219
553	def	AWM_code_n	CodingTheory.lean	228
554	def	AWM_code_k	CodingTheory.lean	229
555	def	AWM_code_d	CodingTheory.lean	230
556	theorem	AWM_code_d_pos	CodingTheory.lean	232
557	theorem	AWM_code_rate_nonneg	CodingTheory.lean	236
558	theorem	AWM_code_rate_le_one	CodingTheory.lean	240
559	theorem	domain_bhatt_nonneg	CodingTheory.lean	248
560	theorem	domain_bhatt_le_one	CodingTheory.lean	253
561	theorem	domain_net_cap_nonneg	CodingTheory.lean	261
562	theorem	domain_RS_pos	CodingTheory.lean	265
563	theorem	hamming_covers_AWM	CodingTheory.lean	269
564	structure	CodingTheoryLock	CodingTheory.lean	275
565	def	CTLock	CodingTheory.lean	305
566	theorem	card_fin	Combinatorics.lean	11
567	theorem	card_product	Combinatorics.lean	15
568	theorem	card_function	Combinatorics.lean	19
569	theorem	pigeonhole	Combinatorics.lean	23
570	theorem	choose_pos	Combinatorics.lean	33
571	theorem	choose_symm	Combinatorics.lean	37
572	theorem	choose_succ_succ	Combinatorics.lean	41
573	theorem	binomial_theorem_two	Combinatorics.lean	46
574	theorem	choose_le_pow	Combinatorics.lean	51
575	theorem	ogf_nonneg	Combinatorics.lean	84
576	theorem	egf_nonneg	Combinatorics.lean	99
577	theorem	ramsey_3_3	Combinatorics.lean	114
578	theorem	ramsey_lower_bound	Combinatorics.lean	117
579	theorem	vdW_nonneg	Combinatorics.lean	120
580	theorem	HJ_nonneg	Combinatorics.lean	123
581	structure	SimpleGraph	Combinatorics.lean	130
582	def	degree	Combinatorics.lean	135
583	theorem	handshaking	Combinatorics.lean	140
584	theorem	degree_nonneg	Combinatorics.lean	166
585	def	complete_graph	Combinatorics.lean	171
586	theorem	complete_graph_edges	Combinatorics.lean	176
587	def	bell_number	Combinatorics.lean	184
588	theorem	bell_pos	Combinatorics.lean	193
589	theorem	stirling2_diag	Combinatorics.lean	219
590	def	catalan	Combinatorics.lean	228
591	theorem	catalan_pos	Combinatorics.lean	236
592	theorem	catalan_zero	Combinatorics.lean	251
593	theorem	catalan_one	Combinatorics.lean	252
594	theorem	catalan_two	Combinatorics.lean	253
595	theorem	inclusion_exclusion_two	Combinatorics.lean	259
596	theorem	inclusion_exclusion_nonneg	Combinatorics.lean	266
597	theorem	subset_card_le	Combinatorics.lean	271
598	inductive	Domain21	Combinatorics.lean	280
599	theorem	domain_count	Combinatorics.lean	289
600	theorem	domain_pairs	Combinatorics.lean	292
601	theorem	domain_subsets	Combinatorics.lean	295
602	theorem	domain_bell_pos	Combinatorics.lean	301
603	theorem	domain_graph_sym	Combinatorics.lean	308
604	theorem	domain_catalan_pos	Combinatorics.lean	313
605	structure	CombinatoricsLock	Combinatorics.lean	321
606	def	CombLock	Combinatorics.lean	343
607	structure	CREquations	ComplexAnalysis.lean	7
608	theorem	CR_holds	ComplexAnalysis.lean	17
609	theorem	harmonic_proxy	ComplexAnalysis.lean	23
610	theorem	cauchy_integral_nonneg	ComplexAnalysis.lean	29
611	theorem	cauchy_theorem_zero	ComplexAnalysis.lean	38
612	theorem	max_modulus_proxy	ComplexAnalysis.lean	41
613	theorem	residue_theorem_proxy	ComplexAnalysis.lean	50
614	theorem	laurent_nonneg	ComplexAnalysis.lean	63
615	theorem	mobius_denom_ne_zero	ComplexAnalysis.lean	81
616	theorem	riemann_mapping_nonneg	ComplexAnalysis.lean	87
617	theorem	schwarz_lemma_proxy	ComplexAnalysis.lean	91
618	theorem	liouville_proxy	ComplexAnalysis.lean	98
619	theorem	FTA_proxy	ComplexAnalysis.lean	103
620	theorem	weierstrass_nonneg	ComplexAnalysis.lean	109
621	theorem	zeta_partial_nonneg	ComplexAnalysis.lean	120
622	theorem	euler_product_nonneg	ComplexAnalysis.lean	131
623	theorem	identity_theorem_proxy	ComplexAnalysis.lean	154
624	theorem	monodromy_nonneg	ComplexAnalysis.lean	159
625	theorem	radius_pos	ComplexAnalysis.lean	167
626	theorem	poly_eval_nonneg	ComplexAnalysis.lean	172
627	theorem	poly_degree_nonneg	ComplexAnalysis.lean	182
628	theorem	gauss_lucas_proxy	ComplexAnalysis.lean	187
629	inductive	Domain21	ComplexAnalysis.lean	191
630	theorem	domain_transfer_pos	ComplexAnalysis.lean	204
631	theorem	domain_residue_pos	ComplexAnalysis.lean	215
632	theorem	domain_zeta_nonneg	ComplexAnalysis.lean	228
633	def	domain_CR	ComplexAnalysis.lean	232
634	structure	ComplexAnalysisLock	ComplexAnalysis.lean	242
635	def	CALock	ComplexAnalysis.lean	272
636	def	k_sparse	CompressedSensing.lean	12
637	theorem	zero_vector_sparse	CompressedSensing.lean	15
638	theorem	sparse_zero_implies_zero	CompressedSensing.lean	19
639	theorem	support_card_le_sparse	CompressedSensing.lean	36
640	theorem	support_empty_iff_zero	CompressedSensing.lean	41
641	theorem	l0_nonneg	CompressedSensing.lean	52
642	theorem	l0_zero_iff_zero	CompressedSensing.lean	55
643	def	RIP	CompressedSensing.lean	67
644	theorem	RIP_upper_bound	CompressedSensing.lean	77
645	theorem	RIP_lower_bound	CompressedSensing.lean	86
646	theorem	RIP_injective	CompressedSensing.lean	96
647	theorem	lasso_nonneg	CompressedSensing.lean	131
648	theorem	lasso_at_zero	CompressedSensing.lean	143
649	theorem	lasso_sparsity_from_lambda	CompressedSensing.lean	151
650	theorem	l1_norm_nonneg	CompressedSensing.lean	165
651	theorem	l1_norm_zero_iff	CompressedSensing.lean	170
652	theorem	l1_norm_triangle	CompressedSensing.lean	177
653	theorem	l1_recovery_condition	CompressedSensing.lean	191
654	theorem	sqrt2_minus_one_pos	CompressedSensing.lean	195
655	theorem	OMP_residual_decreases	CompressedSensing.lean	216
656	theorem	OMP_terminates	CompressedSensing.lean	224
657	theorem	measurement_lower_bound	CompressedSensing.lean	234
658	theorem	random_matrix_measurements	CompressedSensing.lean	239
659	theorem	measurements_exceed_2k	CompressedSensing.lean	248
660	theorem	JL_dim_pos	CompressedSensing.lean	261
661	def	JL_preserves	CompressedSensing.lean	272
662	inductive	Domain21	CompressedSensing.lean	286
663	structure	SparseAnomaly	CompressedSensing.lean	296
664	theorem	sparse_anomaly_small	CompressedSensing.lean	302
665	theorem	anomaly_l1_nonneg	CompressedSensing.lean	319
666	theorem	anomaly_recovery_possible	CompressedSensing.lean	326
667	theorem	monitor_subset_all	CompressedSensing.lean	340
668	theorem	monitor_empty_when_all_safe	CompressedSensing.lean	346
669	theorem	healthy_system_no_anomaly	CompressedSensing.lean	356
670	structure	CompressedSensingLock	CompressedSensing.lean	369
671	def	CSLock	CompressedSensing.lean	399
672	def	big_O	ComputationalComplexity.lean	11
673	def	big_Omega	ComputationalComplexity.lean	15
674	def	big_Theta	ComputationalComplexity.lean	19
675	theorem	big_O_refl	ComputationalComplexity.lean	22
676	theorem	big_O_trans	ComputationalComplexity.lean	27
677	def	poly_time	ComputationalComplexity.lean	48
678	theorem	linear_is_poly	ComputationalComplexity.lean	51
679	theorem	quadratic_is_poly	ComputationalComplexity.lean	56
680	theorem	nat_lt_two_pow_self	ComputationalComplexity.lean	61
681	theorem	exp_not_poly_proxy	ComputationalComplexity.lean	69
682	theorem	log_sublinear_proxy	ComputationalComplexity.lean	76
683	def	space_bound	ComputationalComplexity.lean	87
684	theorem	poly_space_nonneg	ComputationalComplexity.lean	90
685	def	in_PSPACE	ComputationalComplexity.lean	94
686	theorem	L_subset_P_proxy	ComputationalComplexity.lean	97
687	def	DecisionProblem	ComputationalComplexity.lean	104
688	def	complement_problem	ComputationalComplexity.lean	106
689	theorem	complement_involutive	ComputationalComplexity.lean	111
690	def	reduces_to	ComputationalComplexity.lean	117
691	theorem	reduces_refl	ComputationalComplexity.lean	121
692	theorem	reduces_trans	ComputationalComplexity.lean	125
693	def	in_NP	ComputationalComplexity.lean	138
694	def	is_NP_hard	ComputationalComplexity.lean	143
695	theorem	SAT_in_NP	ComputationalComplexity.lean	147
696	theorem	cook_levin_proxy	ComputationalComplexity.lean	153
697	theorem	circuit_size_nonneg	ComputationalComplexity.lean	160
698	theorem	circuit_depth_nonneg	ComputationalComplexity.lean	163
699	def	AND_gate	ComputationalComplexity.lean	166
700	theorem	AND_comm	ComputationalComplexity.lean	168
701	def	OR_gate	ComputationalComplexity.lean	173
702	theorem	OR_assoc	ComputationalComplexity.lean	175
703	def	NOT_gate	ComputationalComplexity.lean	181
704	theorem	NOT_involutive	ComputationalComplexity.lean	183
705	def	BPP_proxy	ComputationalComplexity.lean	191
706	theorem	every_prob_in_BPP	ComputationalComplexity.lean	194
707	theorem	derandom_proxy	ComputationalComplexity.lean	199
708	theorem	schwartz_zippel_proxy	ComputationalComplexity.lean	202
709	theorem	IP_PSPACE_proxy	ComputationalComplexity.lean	211
710	theorem	ZK_proxy	ComputationalComplexity.lean	214
711	theorem	PCP_proxy	ComputationalComplexity.lean	217
712	theorem	AM_proxy	ComputationalComplexity.lean	220
713	inductive	Domain21	ComputationalComplexity.lean	227
714	theorem	domain_size_poly	ComputationalComplexity.lean	236
715	def	domain_decision	ComputationalComplexity.lean	241
716	theorem	domain_complement	ComputationalComplexity.lean	245
717	theorem	domain_self_reduces	ComputationalComplexity.lean	251
718	theorem	domain_bigO	ComputationalComplexity.lean	256
719	theorem	domain_AND	ComputationalComplexity.lean	261
720	theorem	domain_exp_proxy	ComputationalComplexity.lean	265
721	structure	ComputationalComplexityLock	ComputationalComplexity.lean	274
722	def	CCLock	ComputationalComplexity.lean	325
723	def	lattice_vector	CondensedMatterPhysics.lean	11
724	theorem	lattice_vector_linear	CondensedMatterPhysics.lean	16
725	theorem	reciprocal_lattice_nonneg	CondensedMatterPhysics.lean	26
726	theorem	unit_cell_pos	CondensedMatterPhysics.lean	29
727	theorem	bloch_norm_nonneg	CondensedMatterPhysics.lean	40
728	theorem	crystal_momentum_proxy	CondensedMatterPhysics.lean	45
729	theorem	band_gap_nonneg	CondensedMatterPhysics.lean	59
730	theorem	effective_mass_pos	CondensedMatterPhysics.lean	63
731	theorem	fermi_energy_pos	CondensedMatterPhysics.lean	67
732	theorem	DOS_nonneg	CondensedMatterPhysics.lean	71
733	theorem	fermi_dirac_pos	CondensedMatterPhysics.lean	82
734	theorem	fermi_dirac_lt_one	CondensedMatterPhysics.lean	90
735	theorem	phonon_nonneg	CondensedMatterPhysics.lean	108
736	theorem	debye_temp_pos	CondensedMatterPhysics.lean	117
737	theorem	einstein_energy_pos	CondensedMatterPhysics.lean	125
738	theorem	BCS_gap_nonneg	CondensedMatterPhysics.lean	141
739	theorem	london_depth_pos	CondensedMatterPhysics.lean	149
740	theorem	meissner_proxy	CondensedMatterPhysics.lean	153
741	theorem	curie_nonneg	CondensedMatterPhysics.lean	164
742	theorem	exchange_proxy	CondensedMatterPhysics.lean	169
743	theorem	magnon_nonneg	CondensedMatterPhysics.lean	173
744	def	chern_number	CondensedMatterPhysics.lean	184
745	theorem	chern_integer	CondensedMatterPhysics.lean	186
746	theorem	topo_insulator_proxy	CondensedMatterPhysics.lean	190
747	theorem	bulk_boundary_proxy	CondensedMatterPhysics.lean	193
748	inductive	Domain21	CondensedMatterPhysics.lean	202
749	theorem	domain_FD_pos	CondensedMatterPhysics.lean	214
750	theorem	domain_FD_lt_one	CondensedMatterPhysics.lean	218
751	theorem	domain_phonon_nonneg	CondensedMatterPhysics.lean	225
752	theorem	domain_BCS_nonneg	CondensedMatterPhysics.lean	232
753	theorem	domain_curie_nonneg	CondensedMatterPhysics.lean	239
754	theorem	domain_chern	CondensedMatterPhysics.lean	243
755	structure	CondensedMatterLock	CondensedMatterPhysics.lean	251
756	def	CMLock	CondensedMatterPhysics.lean	290
757	theorem	virasoro_central_zero_at_zero	ConformalFieldTheory.lean	15
758	theorem	virasoro_central_zero_at_one	ConformalFieldTheory.lean	19
759	theorem	virasoro_central_zero_at_neg_one	ConformalFieldTheory.lean	23
760	theorem	virasoro_central_antisymm	ConformalFieldTheory.lean	27
761	theorem	virasoro_central_pos_large_m	ConformalFieldTheory.lean	33
762	theorem	virasoro_bracket_antisymm	ConformalFieldTheory.lean	43
763	theorem	virasoro_bracket_self_zero	ConformalFieldTheory.lean	48
764	theorem	virasoro_jacobi_linear	ConformalFieldTheory.lean	52
765	structure	PrimaryOperator	ConformalFieldTheory.lean	66
766	theorem	scaling_dim_nonneg	ConformalFieldTheory.lean	79
767	def	unitarity_satisfied	ConformalFieldTheory.lean	84
768	theorem	identity_unitary	ConformalFieldTheory.lean	87
769	theorem	OPE_triangle	ConformalFieldTheory.lean	91
770	theorem	descendant_dim_ge_primary	ConformalFieldTheory.lean	100
771	theorem	descendant_dim_strictly_above	ConformalFieldTheory.lean	107
772	def	unitary_CFT	ConformalFieldTheory.lean	118
773	theorem	free_boson_central_charge	ConformalFieldTheory.lean	120
774	theorem	free_fermion_central_charge	ConformalFieldTheory.lean	124
775	def	c_theorem_satisfied	ConformalFieldTheory.lean	128
776	theorem	c_theorem_equality_fixed_point	ConformalFieldTheory.lean	132
777	theorem	c_theorem_strict_flow	ConformalFieldTheory.lean	136
778	theorem	c_function_pos	ConformalFieldTheory.lean	147
779	def	modular_invariant	ConformalFieldTheory.lean	152
780	def	T_invariant	ConformalFieldTheory.lean	156
781	structure	StateOperatorPair	ConformalFieldTheory.lean	163
782	theorem	state_energy_nonneg	ConformalFieldTheory.lean	169
783	def	vacuum_zero_energy	ConformalFieldTheory.lean	174
784	theorem	radial_map_pos	ConformalFieldTheory.lean	184
785	theorem	radial_map_log_inverse	ConformalFieldTheory.lean	187
786	theorem	partition_function_CFT_pos	ConformalFieldTheory.lean	202
787	theorem	cardy_entropy_pos	ConformalFieldTheory.lean	216
788	def	OPE_unitary	ConformalFieldTheory.lean	228
789	theorem	OPE_coefficient_sq_nonneg	ConformalFieldTheory.lean	232
790	theorem	OPE_exponent_negative_for_light_exchange	ConformalFieldTheory.lean	240
791	def	crossing_symmetric	ConformalFieldTheory.lean	246
792	theorem	conformal_block_pos	ConformalFieldTheory.lean	260
793	theorem	four_point_nonneg	ConformalFieldTheory.lean	276
794	theorem	block_recursion_base	ConformalFieldTheory.lean	285
795	theorem	ising_central_charge	ConformalFieldTheory.lean	301
796	theorem	tricritical_ising_c	ConformalFieldTheory.lean	305
797	theorem	kac_dim_identity_op	ConformalFieldTheory.lean	313
798	theorem	verlinde_nonneg	ConformalFieldTheory.lean	318
799	inductive	Domain21	ConformalFieldTheory.lean	334
800	structure	DomainPrimary	ConformalFieldTheory.lean	345
801	theorem	system_scaling_nonneg	ConformalFieldTheory.lean	356
802	theorem	AWM_central_charge	ConformalFieldTheory.lean	363
803	theorem	AWM_partition_pos	ConformalFieldTheory.lean	373
804	theorem	domain_OPE_unitary	ConformalFieldTheory.lean	382
805	theorem	AWM_c_theorem	ConformalFieldTheory.lean	388
806	structure	CFTLock	ConformalFieldTheory.lean	397
807	def	CFTSystemLock	ConformalFieldTheory.lean	429
808	structure	ContactForm	ContactGeometry.lean	11
809	def	contact_hyperplane	ContactGeometry.lean	24
810	theorem	zero_in_hyperplane	ContactGeometry.lean	30
811	theorem	reeb_norm_sq	ContactGeometry.lean	45
812	theorem	reeb_flow_proxy	ContactGeometry.lean	58
813	theorem	periodic_orbit_proxy	ContactGeometry.lean	61
814	def	is_legendrian	ContactGeometry.lean	68
815	theorem	zero_legendrian	ContactGeometry.lean	75
816	theorem	legendrian_isotopy_proxy	ContactGeometry.lean	81
817	theorem	TB_proxy	ContactGeometry.lean	84
818	def	is_contactomorphism	ContactGeometry.lean	91
819	theorem	identity_contactomorphism	ContactGeometry.lean	103
820	theorem	gray_stability_proxy	ContactGeometry.lean	108
821	theorem	symplect_form_pos	ContactGeometry.lean	120
822	theorem	SFT_proxy	ContactGeometry.lean	128
823	theorem	contact_H_linear	ContactGeometry.lean	141
824	theorem	contact_dissipation_proxy	ContactGeometry.lean	155
825	def	is_tight_proxy	ContactGeometry.lean	162
826	theorem	standard_is_tight	ContactGeometry.lean	165
827	theorem	bennequin_proxy	ContactGeometry.lean	168
828	theorem	eliashberg_proxy	ContactGeometry.lean	171
829	theorem	contact_symplectic_proxy	ContactGeometry.lean	178
830	theorem	weinstein_conjecture_proxy	ContactGeometry.lean	181
831	def	is_fillable_proxy	ContactGeometry.lean	184
832	theorem	standard_fillable	ContactGeometry.lean	187
833	inductive	Domain21	ContactGeometry.lean	194
834	def	AWM_contact_dim	ContactGeometry.lean	203
835	theorem	AWM_contact_dim_eq	ContactGeometry.lean	205
836	theorem	AWM_reeb_norm	ContactGeometry.lean	212
837	theorem	AWM_zero_hyperplane	ContactGeometry.lean	220
838	theorem	AWM_zero_legendrian	ContactGeometry.lean	226
839	theorem	AWM_identity_contact	ContactGeometry.lean	232
840	theorem	AWM_contact_H_linear	ContactGeometry.lean	237
841	theorem	AWM_symplect_pos	ContactGeometry.lean	246
842	structure	ContactGeometryLock	ContactGeometry.lean	257
843	def	CGLock	ContactGeometry.lean	319
844	structure	LinearSystem	ControlTheory.lean	7
845	theorem	state_derivative_zero_input	ControlTheory.lean	22
846	theorem	state_derivative_zero_state	ControlTheory.lean	27
847	theorem	state_derivative_linear	ControlTheory.lean	32
848	def	is_equilibrium	ControlTheory.lean	38
849	theorem	zero_is_equilibrium_zero_input	ControlTheory.lean	41
850	def	lyapunov_candidate	ControlTheory.lean	46
851	def	lyapunov_decreasing	ControlTheory.lean	49
852	theorem	lyapunov_stable	ControlTheory.lean	53
853	theorem	quadratic_lyapunov_pos	ControlTheory.lean	63
854	theorem	quadratic_lyapunov_zero	ControlTheory.lean	69
855	theorem	QL_derivative_neg_stable	ControlTheory.lean	77
856	theorem	exponential_stability	ControlTheory.lean	85
857	structure	PIDGains	ControlTheory.lean	94
858	theorem	pid_zero_at_equilibrium	ControlTheory.lean	109
859	theorem	pid_output_linear	ControlTheory.lean	114
860	theorem	pid_proportional_dominates	ControlTheory.lean	122
861	theorem	integral_zero_at_setpoint	ControlTheory.lean	132
862	def	is_pole	ControlTheory.lean	140
863	def	pole_stable	ControlTheory.lean	142
864	theorem	stable_pole_implies_decay	ControlTheory.lean	144
865	theorem	dc_gain_finite	ControlTheory.lean	154
866	theorem	gain_magnitude_pos	ControlTheory.lean	163
867	theorem	gain_decreases_with_frequency	ControlTheory.lean	177
868	theorem	closed_loop_stable_condition	ControlTheory.lean	196
869	theorem	pole_placement	ControlTheory.lean	201
870	theorem	stabilizing_gain_works	ControlTheory.lean	213
871	def	is_controllable	ControlTheory.lean	221
872	theorem	single_input_controllable	ControlTheory.lean	225
873	def	is_observable	ControlTheory.lean	235
874	theorem	single_output_observable	ControlTheory.lean	238
875	theorem	duality_principle	ControlTheory.lean	245
876	theorem	gain_margin_pos	ControlTheory.lean	255
877	theorem	gain_margin_gt_one_stable	ControlTheory.lean	261
878	theorem	phase_margin_pos_stable	ControlTheory.lean	273
879	def	robust_stable	ControlTheory.lean	279
880	inductive	Domain21	ControlTheory.lean	285
881	structure	DomainControlSystem	ControlTheory.lean	296
882	theorem	all_domains_stable	ControlTheory.lean	303
883	theorem	system_lyapunov_nonneg	ControlTheory.lean	315
884	theorem	system_lyapunov_zero_at_rest	ControlTheory.lean	323
885	structure	DomainPIDBank	ControlTheory.lean	329
886	theorem	domain_pid_zero_at_equilibrium	ControlTheory.lean	332
887	def	governance_approved	ControlTheory.lean	337
888	theorem	governance_approved_all_stable	ControlTheory.lean	342
889	structure	ControlLock	ControlTheory.lean	347
890	def	CTLock	ControlTheory.lean	373
891	structure	LinearSystem	ControlTheoryAdvanced.lean	13
892	theorem	state_energy_nonneg	ControlTheoryAdvanced.lean	23
893	def	is_equilibrium	ControlTheoryAdvanced.lean	31
894	theorem	zero_equilibrium	ControlTheoryAdvanced.lean	36
895	def	is_lyapunov_function	ControlTheoryAdvanced.lean	47
896	theorem	quadratic_V_nonneg	ControlTheoryAdvanced.lean	58
897	theorem	exp_stable_proxy	ControlTheoryAdvanced.lean	66
898	theorem	controllability_rank_proxy	ControlTheoryAdvanced.lean	85
899	theorem	observability_proxy	ControlTheoryAdvanced.lean	89
900	theorem	PBH_proxy	ControlTheoryAdvanced.lean	93
901	theorem	poles_proxy	ControlTheoryAdvanced.lean	111
902	theorem	gain_margin_pos	ControlTheoryAdvanced.lean	118
903	theorem	phase_margin_proxy	ControlTheoryAdvanced.lean	122
904	theorem	PID_zero_error	ControlTheoryAdvanced.lean	135
905	theorem	windup_bound	ControlTheoryAdvanced.lean	140
906	theorem	ZN_proxy	ControlTheoryAdvanced.lean	145
907	theorem	LQR_cost_nonneg	ControlTheoryAdvanced.lean	161
908	theorem	riccati_proxy	ControlTheoryAdvanced.lean	173
909	theorem	PMP_proxy	ControlTheoryAdvanced.lean	177
910	theorem	H_inf_nonneg	ControlTheoryAdvanced.lean	190
911	theorem	small_gain_proxy	ControlTheoryAdvanced.lean	199
912	theorem	mu_proxy	ControlTheoryAdvanced.lean	205
913	theorem	IO_linearization_proxy	ControlTheoryAdvanced.lean	213
914	theorem	feedback_lin_proxy	ControlTheoryAdvanced.lean	217
915	theorem	sliding_surface_linear	ControlTheoryAdvanced.lean	225
916	theorem	backstepping_proxy	ControlTheoryAdvanced.lean	239
917	inductive	Domain21	ControlTheoryAdvanced.lean	246
918	theorem	domain_state_E_nonneg	ControlTheoryAdvanced.lean	259
919	theorem	domain_LQR_nonneg	ControlTheoryAdvanced.lean	268
920	theorem	domain_PID_zero	ControlTheoryAdvanced.lean	284
921	theorem	domain_Hinf_nonneg	ControlTheoryAdvanced.lean	292
922	theorem	domain_sliding_linear	ControlTheoryAdvanced.lean	297
923	structure	ControlTheoryAdvancedLock	ControlTheoryAdvanced.lean	311
924	def	CTALock	ControlTheoryAdvanced.lean	362
925	def	is_convex	ConvexAnalysis.lean	7
926	theorem	convex_nonneg_combination	ConvexAnalysis.lean	11
927	theorem	convex_midpoint	ConvexAnalysis.lean	18
928	theorem	quadratic_convex	ConvexAnalysis.lean	26
929	theorem	affine_convex	ConvexAnalysis.lean	33
930	theorem	convex_sum	ConvexAnalysis.lean	39
931	theorem	convex_smul	ConvexAnalysis.lean	47
932	def	in_subdifferential	ConvexAnalysis.lean	54
933	theorem	subdiff_convex	ConvexAnalysis.lean	57
934	theorem	zero_in_subdiff_at_min	ConvexAnalysis.lean	63
935	theorem	subdiff_monotone	ConvexAnalysis.lean	69
936	def	fenchel_young	ConvexAnalysis.lean	80
937	theorem	fenchel_young_holds	ConvexAnalysis.lean	83
938	theorem	conjugate_quadratic	ConvexAnalysis.lean	88
939	theorem	fenchel_young_quadratic	ConvexAnalysis.lean	91
940	theorem	double_conjugate_common_lower_bound	ConvexAnalysis.lean	95
941	theorem	moreau_envelope_nonneg	ConvexAnalysis.lean	109
942	def	is_proximal_point	ConvexAnalysis.lean	117
943	theorem	proximal_fixed_at_min	ConvexAnalysis.lean	121
944	theorem	proximal_nonexpansive	ConvexAnalysis.lean	129
945	theorem	descent_algebra_identity	ConvexAnalysis.lean	159
946	theorem	descent_lemma	ConvexAnalysis.lean	165
947	theorem	gradient_descent_progress	ConvexAnalysis.lean	178
948	theorem	weak_duality	ConvexAnalysis.lean	197
949	theorem	dual_lower_bound	ConvexAnalysis.lean	204
950	theorem	strong_duality_KKT	ConvexAnalysis.lean	213
951	theorem	proj_interval_in_bounds	ConvexAnalysis.lean	224
952	theorem	proj_interval_nonexpansive	ConvexAnalysis.lean	233
953	theorem	proj_halfspace_feasible	ConvexAnalysis.lean	259
954	inductive	Domain21	ConvexAnalysis.lean	267
955	theorem	system_cost_nonneg	ConvexAnalysis.lean	281
956	theorem	system_cost_convex	ConvexAnalysis.lean	289
957	theorem	system_gradient_decreases	ConvexAnalysis.lean	312
958	structure	ConvexLock	ConvexAnalysis.lean	323
959	def	CALock	ConvexAnalysis.lean	348
960	theorem	gcd_comm	CryptographyTheory.lean	10
961	theorem	gcd_dvd_left	CryptographyTheory.lean	14
962	theorem	gcd_dvd_right	CryptographyTheory.lean	18
963	theorem	coprime_iff	CryptographyTheory.lean	22
964	theorem	totient_pos	CryptographyTheory.lean	26
965	theorem	fermat_little	CryptographyTheory.lean	30
966	theorem	bezout	CryptographyTheory.lean	46
967	def	RSA_modulus	CryptographyTheory.lean	55
968	theorem	RSA_modulus_pos	CryptographyTheory.lean	59
969	theorem	RSA_totient	CryptographyTheory.lean	64
970	theorem	RSA_correct_proxy	CryptographyTheory.lean	71
971	theorem	RSA_key_size_pos	CryptographyTheory.lean	75
972	def	DLP_instance	CryptographyTheory.lean	82
973	theorem	DH_shared_secret	CryptographyTheory.lean	85
974	def	order_divides	CryptographyTheory.lean	90
975	theorem	order_pos_proxy	CryptographyTheory.lean	93
976	theorem	BSGS_complexity	CryptographyTheory.lean	99
977	structure	EllipticCurve	CryptographyTheory.lean	105
978	def	on_curve	CryptographyTheory.lean	110
979	def	ec_infinity	CryptographyTheory.lean	114
980	theorem	ec_identity_is_none	CryptographyTheory.lean	116
981	theorem	ECC_efficiency_proxy	CryptographyTheory.lean	119
982	def	collision_resistant	CryptographyTheory.lean	124
983	theorem	trivial_collision_resistant	CryptographyTheory.lean	128
984	theorem	birthday_threshold_pos	CryptographyTheory.lean	137
985	def	hash_security_bits	CryptographyTheory.lean	144
986	theorem	hash_security_nonneg	CryptographyTheory.lean	147
987	def	block_cipher_secure	CryptographyTheory.lean	153
988	theorem	AES_secure_proxy	CryptographyTheory.lean	158
989	theorem	XOR_involutive	CryptographyTheory.lean	164
990	theorem	OTP_perfect_secrecy	CryptographyTheory.lean	168
991	theorem	key_schedule_nonneg	CryptographyTheory.lean	171
992	structure	DigitalSignature	CryptographyTheory.lean	176
993	theorem	sig_correct_proxy	CryptographyTheory.lean	183
994	def	cert_chain_valid	CryptographyTheory.lean	190
995	theorem	cert_chain_nonneg	CryptographyTheory.lean	193
996	theorem	trust_anchor_proxy	CryptographyTheory.lean	197
997	def	SVP_hardness_proxy	CryptographyTheory.lean	202
998	theorem	SVP_nonneg	CryptographyTheory.lean	205
999	def	LWE_instance	CryptographyTheory.lean	208
1000	theorem	LWE_nonneg	CryptographyTheory.lean	211
1001	theorem	NTRU_proxy	CryptographyTheory.lean	214
1002	theorem	hash_sig_proxy	CryptographyTheory.lean	218
1003	inductive	Domain21	CryptographyTheory.lean	223
1004	theorem	domain_count_prime_factored	CryptographyTheory.lean	232
1005	theorem	domain_totient	CryptographyTheory.lean	235
1006	theorem	domain_DH	CryptographyTheory.lean	239
1007	theorem	domain_birthday_pos	CryptographyTheory.lean	247
1008	def	domain_hash_security	CryptographyTheory.lean	251
1009	theorem	domain_hash_pos	CryptographyTheory.lean	254
1010	theorem	domain_LWE	CryptographyTheory.lean	259
1011	def	domain_sig	CryptographyTheory.lean	263
1012	theorem	domain_sig_correct	CryptographyTheory.lean	269
1013	structure	CryptographyTheoryLock	CryptographyTheory.lean	277
1014	def	CryptoLock	CryptographyTheory.lean	312
1015	structure	Chart	DifferentialGeometry.lean	14
1016	structure	TransitionMap	DifferentialGeometry.lean	20
1017	def	manifold_dim	DifferentialGeometry.lean	27
1018	theorem	manifold_dim_pos	DifferentialGeometry.lean	29
1019	theorem	coord_smooth	DifferentialGeometry.lean	37
1020	def	is_diffeomorphism	DifferentialGeometry.lean	42
1021	theorem	identity_diffeomorphism	DifferentialGeometry.lean	47
1022	structure	TangentVector	DifferentialGeometry.lean	56
1023	theorem	tangent_add	DifferentialGeometry.lean	61
1024	theorem	tangent_smul	DifferentialGeometry.lean	72
1025	theorem	pushforward_linear	DifferentialGeometry.lean	89
1026	structure	RiemannianMetric	DifferentialGeometry.lean	107
1027	theorem	metric_inner_symm	DifferentialGeometry.lean	123
1028	theorem	metric_inner_nonneg	DifferentialGeometry.lean	134
1029	def	euclidean_metric	DifferentialGeometry.lean	141
1030	theorem	euclidean_inner_is_dot	DifferentialGeometry.lean	149
1031	theorem	arc_length_nonneg	DifferentialGeometry.lean	170
1032	theorem	christoffel_symm_lower	DifferentialGeometry.lean	196
1033	def	satisfies_geodesic_eq	DifferentialGeometry.lean	207
1034	theorem	geodesic_constant_speed	DifferentialGeometry.lean	217
1035	theorem	riemann_antisymm	DifferentialGeometry.lean	240
1036	theorem	flat_space_zero_riemann	DifferentialGeometry.lean	265
1037	theorem	flat_space_zero_ricci	DifferentialGeometry.lean	271
1038	theorem	flat_scalar_curvature_zero	DifferentialGeometry.lean	277
1039	structure	OneForm	DifferentialGeometry.lean	289
1040	def	is_closed_1form	DifferentialGeometry.lean	303
1041	def	is_exact_1form	DifferentialGeometry.lean	309
1042	theorem	exact_implies_closed	DifferentialGeometry.lean	318
1043	theorem	wedge_antisymm	DifferentialGeometry.lean	330
1044	theorem	wedge_self_zero	DifferentialGeometry.lean	337
1045	theorem	gaussian_curvature_sphere	DifferentialGeometry.lean	353
1046	theorem	gaussian_curvature_plane	DifferentialGeometry.lean	358
1047	theorem	gaussian_curvature_saddle	DifferentialGeometry.lean	362
1048	theorem	sphere_euler_char	DifferentialGeometry.lean	372
1049	theorem	torus_euler_char	DifferentialGeometry.lean	376
1050	theorem	genus2_euler_char	DifferentialGeometry.lean	380
1051	theorem	gauss_bonnet_sphere	DifferentialGeometry.lean	385
1052	structure	LieBracket	DifferentialGeometry.lean	398
1053	theorem	lie_bracket_self_zero	DifferentialGeometry.lean	407
1054	theorem	lie_exp_at_zero	DifferentialGeometry.lean	419
1055	theorem	lie_exp_positive	DifferentialGeometry.lean	423
1056	theorem	BCH_first_order	DifferentialGeometry.lean	431
1057	inductive	Domain21	DifferentialGeometry.lean	444
1058	structure	AWMManifold	DifferentialGeometry.lean	454
1059	theorem	AWM_metric_symm	DifferentialGeometry.lean	462
1060	theorem	AWM_distance_nonneg	DifferentialGeometry.lean	474
1061	theorem	AWM_distance_zero_same	DifferentialGeometry.lean	480
1062	theorem	AWM_distance_symm	DifferentialGeometry.lean	487
1063	theorem	AWM_curvature_pos	DifferentialGeometry.lean	502
1064	structure	AWMTangentVector	DifferentialGeometry.lean	512
1065	theorem	AWM_kinetic_nonneg	DifferentialGeometry.lean	526
1066	theorem	parallel_transport_isometry	DifferentialGeometry.lean	535
1067	structure	DifferentialGeometryLock	DifferentialGeometry.lean	555
1068	def	DGLock	DifferentialGeometry.lean	604
1069	theorem	binom_pos	DiscreteMathematics.lean	11
1070	theorem	binom_sym	DiscreteMathematics.lean	15
1071	theorem	pascal	DiscreteMathematics.lean	19
1072	theorem	vandermonde	DiscreteMathematics.lean	24
1073	theorem	pigeonhole	DiscreteMathematics.lean	30
1074	theorem	perm_count	DiscreteMathematics.lean	41
1075	theorem	factorial_pos	DiscreteMathematics.lean	46
1076	theorem	derangement_proxy	DiscreteMathematics.lean	50
1077	theorem	cycle_decomp_proxy	DiscreteMathematics.lean	54
1078	def	stirling2	DiscreteMathematics.lean	57
1079	theorem	stirling2_nonneg	DiscreteMathematics.lean	64
1080	def	fib	DiscreteMathematics.lean	71
1081	theorem	fib_pos	DiscreteMathematics.lean	76
1082	theorem	fib_step_mono	DiscreteMathematics.lean	88
1083	theorem	fib_mono	DiscreteMathematics.lean	93
1084	def	catalan	DiscreteMathematics.lean	99
1085	theorem	catalan_pos	DiscreteMathematics.lean	110
1086	def	bell	DiscreteMathematics.lean	126
1087	theorem	bell_pos	DiscreteMathematics.lean	137
1088	theorem	OGF_nonneg	DiscreteMathematics.lean	162
1089	theorem	EGF_nonneg	DiscreteMathematics.lean	177
1090	theorem	inclusion_exclusion	DiscreteMathematics.lean	192
1091	theorem	mobius_proxy	DiscreteMathematics.lean	197
1092	theorem	PIE_two	DiscreteMathematics.lean	200
1093	theorem	ramsey_2_2	DiscreteMathematics.lean	211
1094	theorem	ramsey_3_3_proxy	DiscreteMathematics.lean	225
1095	theorem	ramsey_mult_proxy	DiscreteMathematics.lean	228
1096	def	hamming_dist	DiscreteMathematics.lean	235
1097	theorem	hamming_dist_nonneg	DiscreteMathematics.lean	240
1098	theorem	hamming_dist_sym	DiscreteMathematics.lean	245
1099	theorem	hamming_dist_zero	DiscreteMathematics.lean	254
1100	theorem	bool_and_comm	DiscreteMathematics.lean	263
1101	theorem	bool_or_comm	DiscreteMathematics.lean	267
1102	theorem	bool_demorgan_and	DiscreteMathematics.lean	271
1103	theorem	bool_demorgan_or	DiscreteMathematics.lean	275
1104	theorem	bool_distrib	DiscreteMathematics.lean	279
1105	inductive	Domain21	DiscreteMathematics.lean	288
1106	theorem	domain_perm_count	DiscreteMathematics.lean	297
1107	theorem	domain_fib_pos	DiscreteMathematics.lean	303
1108	theorem	domain_catalan_pos	DiscreteMathematics.lean	307
1109	theorem	domain_bell_pos	DiscreteMathematics.lean	311
1110	theorem	domain_binom	DiscreteMathematics.lean	314
1111	theorem	domain_OGF_nonneg	DiscreteMathematics.lean	321
1112	theorem	domain_hamming_zero	DiscreteMathematics.lean	327
1113	theorem	domain_demorgan	DiscreteMathematics.lean	332
1114	structure	DiscreteMathematicsLock	DiscreteMathematics.lean	340
1115	def	DMLock	DiscreteMathematics.lean	395
1116	structure	Flow	DynamicalSystems.lean	11
1117	theorem	flow_zero	DynamicalSystems.lean	17
1118	theorem	flow_add	DynamicalSystems.lean	21
1119	def	orbit	DynamicalSystems.lean	26
1120	theorem	orbit_contains_initial	DynamicalSystems.lean	30
1121	def	is_fixed_point	DynamicalSystems.lean	40
1122	def	is_lyapunov_stable	DynamicalSystems.lean	44
1123	theorem	fixed_point_is_stable_trivial	DynamicalSystems.lean	50
1124	def	lyapunov_function	DynamicalSystems.lean	57
1125	theorem	lyapunov_nonneg	DynamicalSystems.lean	63
1126	def	is_invariant	DynamicalSystems.lean	72
1127	theorem	full_space_invariant	DynamicalSystems.lean	76
1128	def	stable_manifold	DynamicalSystems.lean	81
1129	theorem	stable_manifold_contains_fp	DynamicalSystems.lean	86
1130	def	poincare_return_time	DynamicalSystems.lean	99
1131	theorem	poincare_time_pos	DynamicalSystems.lean	103
1132	def	is_periodic	DynamicalSystems.lean	108
1133	theorem	periodic_orbit_period_pos	DynamicalSystems.lean	112
1134	theorem	lyapunov_exp_nonneg	DynamicalSystems.lean	126
1135	def	sensitive_dependence	DynamicalSystems.lean	133
1136	def	topologically_transitive	DynamicalSystems.lean	140
1137	def	saddle_node_bifurcation	DynamicalSystems.lean	150
1138	def	hopf_bifurcation	DynamicalSystems.lean	154
1139	theorem	hopf_eigen_pos	DynamicalSystems.lean	160
1140	def	pitchfork_bifurcation	DynamicalSystems.lean	168
1141	structure	HamiltonianSystem	DynamicalSystems.lean	178
1142	theorem	hamiltonian_nonneg	DynamicalSystems.lean	182
1143	def	symplectic_preserved	DynamicalSystems.lean	188
1144	theorem	liouville_volume_nonneg	DynamicalSystems.lean	193
1145	def	is_attractor	DynamicalSystems.lean	201
1146	def	attractor_dimension	DynamicalSystems.lean	207
1147	theorem	attractor_dim_pos	DynamicalSystems.lean	210
1148	def	basin_of_attraction	DynamicalSystems.lean	214
1149	theorem	fixed_point_in_own_basin	DynamicalSystems.lean	220
1150	inductive	Domain21	DynamicalSystems.lean	233
1151	structure	DomainFlow	DynamicalSystems.lean	242
1152	theorem	domain_flow_zero	DynamicalSystems.lean	248
1153	theorem	domain_lyapunov_nonneg	DynamicalSystems.lean	258
1154	def	domain_attractor_count	DynamicalSystems.lean	266
1155	theorem	domain_attractor_pos	DynamicalSystems.lean	268
1156	structure	DynamicalSystemsLock	DynamicalSystems.lean	276
1157	def	DSLock	DynamicalSystems.lean	307
1158	inductive	Domain	EnergyDomain.lean	7
1159	def	all_domains	EnergyDomain.lean	19
1160	theorem	twenty_one_domains	EnergyDomain.lean	28
1161	theorem	all_domains_nodup	EnergyDomain.lean	29
1162	theorem	all_domains_complete	EnergyDomain.lean	30
1163	def	domain_priority	EnergyDomain.lean	35
1164	theorem	priority_positive	EnergyDomain.lean	48
1165	theorem	priority_bounded	EnergyDomain.lean	51
1166	theorem	priority_injective	EnergyDomain.lean	54
1167	structure	SystemCore	EnergyDomain.lean	59
1168	theorem	closure_law	EnergyDomain.lean	70
1169	theorem	system_valid	EnergyDomain.lean	74
1170	def	U_valid	EnergyDomain.lean	80
1171	theorem	closure_complete	EnergyDomain.lean	84
1172	theorem	unification_law	EnergyDomain.lean	87
1173	def	LawsonViable	EnergyDomain.lean	104
1174	theorem	lawson_monotone_n	EnergyDomain.lean	107
1175	def	BetaStable	EnergyDomain.lean	117
1176	theorem	betaStable_lower	EnergyDomain.lean	120
1177	theorem	betaStable_upper	EnergyDomain.lean	121
1178	theorem	betaStable_tighter	EnergyDomain.lean	123
1179	def	NetPowerPositive	EnergyDomain.lean	127
1180	theorem	netPower_scales	EnergyDomain.lean	130
1181	def	ControlStable	EnergyDomain.lean	136
1182	theorem	controlStable_pos	EnergyDomain.lean	139
1183	theorem	controlStable_faster_needed	EnergyDomain.lean	142
1184	structure	DEIClosure	EnergyDomain.lean	147
1185	theorem	deiClosure_lawson	EnergyDomain.lean	165
1186	theorem	deiClosure_beta	EnergyDomain.lean	168
1187	theorem	deiClosure_power	EnergyDomain.lean	171
1188	theorem	deiClosure_control	EnergyDomain.lean	175
1189	theorem	deiClosure_all	EnergyDomain.lean	178
1190	structure	EnergyAuditVector	EnergyDomain.lean	187
1191	def	EnergyDomain_audit	EnergyDomain.lean	195
1192	theorem	energy_domain_sealed	EnergyDomain.lean	204
1193	structure	MeasurePreservingSystem	ErgodicTheory.lean	10
1194	theorem	measure_preserved	ErgodicTheory.lean	17
1195	theorem	iterate_measure_preserved	ErgodicTheory.lean	22
1196	theorem	time_average_nonneg	ErgodicTheory.lean	37
1197	theorem	time_average_bounded	ErgodicTheory.lean	47
1198	def	is_ergodic	ErgodicTheory.lean	60
1199	theorem	constant_ergodic	ErgodicTheory.lean	66
1200	def	weakly_mixing	ErgodicTheory.lean	72
1201	def	strongly_mixing	ErgodicTheory.lean	80
1202	theorem	strong_implies_weak	ErgodicTheory.lean	87
1203	theorem	mixing_rate_decays	ErgodicTheory.lean	100
1204	theorem	partition_entropy_nonneg	ErgodicTheory.lean	123
1205	theorem	uniform_max_partition_entropy	ErgodicTheory.lean	140
1206	theorem	KS_entropy_lower_bound	ErgodicTheory.lean	150
1207	theorem	poincare_recurrence	ErgodicTheory.lean	161
1208	theorem	recurrence_bound_pos	ErgodicTheory.lean	176
1209	theorem	lyapunov_positive_chaotic	ErgodicTheory.lean	191
1210	theorem	lyapunov_negative_stable	ErgodicTheory.lean	194
1211	theorem	lyapunov_linear_map	ErgodicTheory.lean	197
1212	theorem	stable_manifold_contraction	ErgodicTheory.lean	208
1213	theorem	stable_manifold_decays	ErgodicTheory.lean	216
1214	theorem	pesin_entropy_nonneg	ErgodicTheory.lean	234
1215	theorem	pesin_zero_for_stable	ErgodicTheory.lean	241
1216	theorem	pesin_pos_for_chaotic	ErgodicTheory.lean	250
1217	inductive	Domain21	ErgodicTheory.lean	261
1218	theorem	visit_frequency_nonneg	ErgodicTheory.lean	275
1219	theorem	ergodic_margin_nonneg	ErgodicTheory.lean	287
1220	def	system_ergodic	ErgodicTheory.lean	297
1221	structure	ErgodicLock	ErgodicTheory.lean	308
1222	def	ErgLock	ErgodicTheory.lean	332
1223	def	rescale	FSI.lean	18
1224	theorem	rescale_M_N7	FSI.lean	22
1225	theorem	remediation_reaches_target	FSI.lean	44
1226	theorem	remediation_seals	FSI.lean	55
1227	def	correct_bottleneck	FSI.lean	69
1228	theorem	correct_bottleneck_others_unchanged	FSI.lean	78
1229	theorem	correct_bottleneck_at_target	FSI.lean	85
1230	theorem	correct_bottleneck_M_N7	FSI.lean	96
1231	theorem	targeted_is_minimal_change	FSI.lean	118
1232	structure	VelocityField	FluidDynamics.lean	10
1233	def	is_incompressible	FluidDynamics.lean	14
1234	theorem	kinetic_energy_nonneg	FluidDynamics.lean	22
1235	theorem	pressure_gradient_proxy	FluidDynamics.lean	30
1236	theorem	reynolds_nonneg	FluidDynamics.lean	39
1237	theorem	momentum_conservation_proxy	FluidDynamics.lean	50
1238	theorem	bernoulli_nonneg	FluidDynamics.lean	58
1239	theorem	vorticity_antisym	FluidDynamics.lean	72
1240	theorem	kolmogorov_pos	FluidDynamics.lean	84
1241	theorem	energy_cascade_nonneg	FluidDynamics.lean	93
1242	theorem	TKE_nonneg	FluidDynamics.lean	102
1243	theorem	K41_proxy	FluidDynamics.lean	110
1244	theorem	BL_thickness_nonneg	FluidDynamics.lean	120
1245	theorem	displacement_thickness_nonneg	FluidDynamics.lean	128
1246	theorem	skin_friction_pos	FluidDynamics.lean	136
1247	def	is_potential_flow	FluidDynamics.lean	145
1248	def	stream_function_proxy	FluidDynamics.lean	150
1249	theorem	circulation_nonneg	FluidDynamics.lean	160
1250	theorem	alfven_nonneg	FluidDynamics.lean	178
1251	theorem	magnetic_pressure_nonneg	FluidDynamics.lean	190
1252	theorem	lundquist_nonneg	FluidDynamics.lean	201
1253	def	CFL_stable	FluidDynamics.lean	212
1254	theorem	CFL_zero_velocity	FluidDynamics.lean	215
1255	theorem	upwind_stable	FluidDynamics.lean	222
1256	theorem	FVM_conservation	FluidDynamics.lean	226
1257	theorem	SIMPLE_proxy	FluidDynamics.lean	231
1258	theorem	rossby_nonneg	FluidDynamics.lean	244
1259	theorem	geostrophic_balance_proxy	FluidDynamics.lean	252
1260	theorem	thermal_wind_nonneg	FluidDynamics.lean	258
1261	inductive	Domain21	FluidDynamics.lean	263
1262	theorem	domain_KE_nonneg	FluidDynamics.lean	292
1263	theorem	domain_Re_nonneg	FluidDynamics.lean	301
1264	theorem	domain_alfven_nonneg	FluidDynamics.lean	311
1265	theorem	domain_TKE_nonneg	FluidDynamics.lean	319
1266	theorem	domain_CFL	FluidDynamics.lean	323
1267	theorem	domain_bernoulli_nonneg	FluidDynamics.lean	330
1268	structure	FluidDynamicsLock	FluidDynamics.lean	337
1269	def	FDLock	FluidDynamics.lean	379
1270	abbrev	String	FormalLanguageTheory.lean	11
1271	def	empty_string	FormalLanguageTheory.lean	13
1272	def	concat	FormalLanguageTheory.lean	15
1273	theorem	concat_assoc	FormalLanguageTheory.lean	18
1274	theorem	concat_empty_left	FormalLanguageTheory.lean	24
1275	theorem	concat_empty_right	FormalLanguageTheory.lean	29
1276	def	str_length	FormalLanguageTheory.lean	34
1277	theorem	length_concat	FormalLanguageTheory.lean	37
1278	theorem	length_nonneg	FormalLanguageTheory.lean	44
1279	abbrev	Language	FormalLanguageTheory.lean	53
1280	def	empty_lang	FormalLanguageTheory.lean	55
1281	def	univ_lang	FormalLanguageTheory.lean	58
1282	def	lang_union	FormalLanguageTheory.lean	61
1283	def	lang_concat	FormalLanguageTheory.lean	65
1284	theorem	lang_union_comm	FormalLanguageTheory.lean	70
1285	theorem	lang_union_assoc	FormalLanguageTheory.lean	76
1286	inductive	RegExp.	FormalLanguageTheory.lean	86
1287	def	regexp_lang	FormalLanguageTheory.lean	95
1288	theorem	empty_lang_empty	FormalLanguageTheory.lean	108
1289	theorem	epsilon_lang	FormalLanguageTheory.lean	112
1290	structure	DFA	FormalLanguageTheory.lean	120
1291	def	DFA_run	FormalLanguageTheory.lean	125
1292	theorem	DFA_run_empty	FormalLanguageTheory.lean	131
1293	def	DFA_accepts	FormalLanguageTheory.lean	135
1294	theorem	DFA_states_pos	FormalLanguageTheory.lean	139
1295	structure	CFGRule	FormalLanguageTheory.lean	148
1296	structure	CFG	FormalLanguageTheory.lean	152
1297	theorem	CFG_rules_nonneg	FormalLanguageTheory.lean	156
1298	theorem	CNF_proxy	FormalLanguageTheory.lean	161
1299	theorem	CYK_proxy	FormalLanguageTheory.lean	165
1300	def	PDA_stack_nonneg	FormalLanguageTheory.lean	172
1301	theorem	PDA_empty_stack_proxy	FormalLanguageTheory.lean	175
1302	theorem	PDA_CFG_equiv_proxy	FormalLanguageTheory.lean	178
1303	def	TM_tape_size	FormalLanguageTheory.lean	185
1304	theorem	TM_tape_nonneg	FormalLanguageTheory.lean	187
1305	theorem	halting_undecidable_proxy	FormalLanguageTheory.lean	191
1306	theorem	church_turing_proxy	FormalLanguageTheory.lean	194
1307	theorem	RE_proxy	FormalLanguageTheory.lean	197
1308	def	type0_proxy	FormalLanguageTheory.lean	204
1309	def	type1_proxy	FormalLanguageTheory.lean	206
1310	def	type2_proxy	FormalLanguageTheory.lean	208
1311	def	type3_proxy	FormalLanguageTheory.lean	210
1312	theorem	chomsky_hierarchy_proxy	FormalLanguageTheory.lean	212
1313	theorem	pumping_regular_proxy	FormalLanguageTheory.lean	217
1314	theorem	pumping_CFL_proxy	FormalLanguageTheory.lean	220
1315	inductive	Domain21	FormalLanguageTheory.lean	227
1316	def	domain_alphabet_size	FormalLanguageTheory.lean	236
1317	theorem	domain_alphabet_pos	FormalLanguageTheory.lean	238
1318	theorem	domain_concat_assoc	FormalLanguageTheory.lean	242
1319	theorem	domain_union_comm	FormalLanguageTheory.lean	250
1320	theorem	domain_regex_empty	FormalLanguageTheory.lean	256
1321	def	domain_DFA	FormalLanguageTheory.lean	260
1322	theorem	domain_DFA_run_empty	FormalLanguageTheory.lean	266
1323	theorem	domain_length_nn	FormalLanguageTheory.lean	273
1324	structure	FormalLanguageTheoryLock	FormalLanguageTheory.lean	282
1325	def	FLTLock	FormalLanguageTheory.lean	342
1326	theorem	l2_norm_nonneg	FunctionalAnalysis.lean	16
1327	theorem	l2_norm_zero_iff	FunctionalAnalysis.lean	20
1328	theorem	l2_norm_smul	FunctionalAnalysis.lean	36
1329	theorem	l2_norm_triangle	FunctionalAnalysis.lean	43
1330	theorem	linf_norm_nonneg	FunctionalAnalysis.lean	88
1331	theorem	l2_le_linf_sqrt	FunctionalAnalysis.lean	95
1332	def	is_cauchy	FunctionalAnalysis.lean	126
1333	def	converges_to	FunctionalAnalysis.lean	131
1334	theorem	convergent_is_cauchy	FunctionalAnalysis.lean	136
1335	theorem	geometric_series_converges	FunctionalAnalysis.lean	153
1336	theorem	inner_product_symm	FunctionalAnalysis.lean	189
1337	theorem	inner_product_nonneg	FunctionalAnalysis.lean	194
1338	theorem	inner_product_zero_iff	FunctionalAnalysis.lean	199
1339	theorem	cauchy_schwarz	FunctionalAnalysis.lean	212
1340	theorem	parallelogram_law	FunctionalAnalysis.lean	219
1341	def	orthogonal	FunctionalAnalysis.lean	233
1342	theorem	pythagoras	FunctionalAnalysis.lean	236
1343	theorem	projection_orthogonal	FunctionalAnalysis.lean	258
1344	def	is_linear_map	FunctionalAnalysis.lean	281
1345	def	is_bounded	FunctionalAnalysis.lean	294
1346	theorem	bounded_op_nonneg_const	FunctionalAnalysis.lean	300
1347	theorem	identity_bounded	FunctionalAnalysis.lean	312
1348	theorem	composition_bounded	FunctionalAnalysis.lean	316
1349	def	is_eigenvalue	FunctionalAnalysis.lean	334
1350	def	self_adjoint	FunctionalAnalysis.lean	340
1351	theorem	self_adjoint_real_eigenvalues	FunctionalAnalysis.lean	346
1352	theorem	eigenvalue_bounded	FunctionalAnalysis.lean	363
1353	theorem	eigenvectors_orthogonal	FunctionalAnalysis.lean	375
1354	def	finite_rank	FunctionalAnalysis.lean	411
1355	theorem	trace_nonneg_psd	FunctionalAnalysis.lean	423
1356	theorem	trace_linear	FunctionalAnalysis.lean	430
1357	theorem	HS_norm_nonneg	FunctionalAnalysis.lean	442
1358	def	is_linear_functional	FunctionalAnalysis.lean	451
1359	def	bounded_functional	FunctionalAnalysis.lean	456
1360	theorem	riesz_representation	FunctionalAnalysis.lean	460
1361	theorem	extension_bounded_functional	FunctionalAnalysis.lean	488
1362	def	bijective_bounded	FunctionalAnalysis.lean	514
1363	theorem	uniform_boundedness	FunctionalAnalysis.lean	521
1364	inductive	Domain21	FunctionalAnalysis.lean	534
1365	theorem	AWM_inner_symm	FunctionalAnalysis.lean	549
1366	theorem	AWM_inner_nonneg	FunctionalAnalysis.lean	555
1367	theorem	AWM_cauchy_schwarz	FunctionalAnalysis.lean	560
1368	theorem	AWM_norm_nonneg	FunctionalAnalysis.lean	571
1369	theorem	AWM_norm_zero_iff	FunctionalAnalysis.lean	575
1370	structure	GovernanceOperator	FunctionalAnalysis.lean	588
1371	theorem	governance_preserves_zero	FunctionalAnalysis.lean	597
1372	def	governance_self_adjoint	FunctionalAnalysis.lean	606
1373	theorem	governance_spectral	FunctionalAnalysis.lean	612
1374	theorem	AWM_norm_via_domain_mass	FunctionalAnalysis.lean	638
1375	theorem	domain_governance_energy_nonneg	FunctionalAnalysis.lean	649
1376	structure	FunctionalAnalysisLock	FunctionalAnalysis.lean	658
1377	def	FALock	FunctionalAnalysis.lean	709
1378	def	is_additive	FunctionalEquations.lean	11
1379	theorem	additive_zero	FunctionalEquations.lean	14
1380	theorem	additive_neg	FunctionalEquations.lean	20
1381	theorem	additive_int_multiple	FunctionalEquations.lean	27
1382	theorem	linear_is_additive	FunctionalEquations.lean	39
1383	def	is_multiplicative	FunctionalEquations.lean	47
1384	theorem	multiplicative_one	FunctionalEquations.lean	50
1385	def	is_jensen	FunctionalEquations.lean	67
1386	theorem	jensen_implies_midpoint_convex	FunctionalEquations.lean	71
1387	theorem	affine_is_jensen	FunctionalEquations.lean	77
1388	def	has_fixed_point	FunctionalEquations.lean	85
1389	theorem	identity_fixed_point	FunctionalEquations.lean	88
1390	def	is_involution	FunctionalEquations.lean	92
1391	theorem	neg_is_involution	FunctionalEquations.lean	95
1392	theorem	schroder_proxy	FunctionalEquations.lean	99
1393	theorem	geometric_seq_nonneg	FunctionalEquations.lean	111
1394	def	fib_seq	FunctionalEquations.lean	117
1395	theorem	fib_succ_pos	FunctionalEquations.lean	122
1396	theorem	fib_pos	FunctionalEquations.lean	130
1397	def	is_convex	FunctionalEquations.lean	139
1398	theorem	sq_convex	FunctionalEquations.lean	143
1399	def	is_subadditive	FunctionalEquations.lean	148
1400	theorem	abs_subadditive	FunctionalEquations.lean	151
1401	def	satisfies_gamma_recurrence	FunctionalEquations.lean	159
1402	def	dalembert_eq	FunctionalEquations.lean	163
1403	theorem	cos_dalembert	FunctionalEquations.lean	166
1404	theorem	superstability_proxy	FunctionalEquations.lean	176
1405	inductive	Domain21	FunctionalEquations.lean	183
1406	theorem	domain_additive_exists	FunctionalEquations.lean	192
1407	theorem	domain_sq_convex	FunctionalEquations.lean	196
1408	theorem	domain_geo_nonneg	FunctionalEquations.lean	202
1409	theorem	domain_fib_pos	FunctionalEquations.lean	207
1410	theorem	domain_involution	FunctionalEquations.lean	211
1411	theorem	domain_cos_dalembert	FunctionalEquations.lean	215
1412	structure	FunctionalEquationsLock	FunctionalEquations.lean	223
1413	def	FELock	FunctionalEquations.lean	247
1414	structure	TwoPlayerGame	GameTheory.lean	7
1415	def	is_nash_pure	GameTheory.lean	15
1416	theorem	nash_player1_optimal	GameTheory.lean	22
1417	theorem	nash_player2_optimal	GameTheory.lean	29
1418	theorem	nash_no_profitable_deviation	GameTheory.lean	36
1419	structure	ZeroSumGame	GameTheory.lean	45
1420	theorem	zero_sum_antisymm	GameTheory.lean	51
1421	theorem	zero_sum_self_zero	GameTheory.lean	57
1422	theorem	zero_sum_constant_total	GameTheory.lean	63
1423	theorem	minimax_weak	GameTheory.lean	81
1424	structure	MixedStrategy	GameTheory.lean	93
1425	theorem	mixed_prob_le_one	GameTheory.lean	98
1426	theorem	mixed_prob_nonneg	GameTheory.lean	105
1427	theorem	expected_payoff_linear_sigma1	GameTheory.lean	125
1428	def	is_nash_mixed	GameTheory.lean	133
1429	def	strictly_dominates	GameTheory.lean	146
1430	theorem	dominated_never_best_response	GameTheory.lean	152
1431	def	weakly_dominates	GameTheory.lean	160
1432	theorem	weak_dominance_implies_not_best	GameTheory.lean	168
1433	def	pareto_improvement	GameTheory.lean	175
1434	def	pareto_optimal	GameTheory.lean	184
1435	theorem	pareto_welfare_increase	GameTheory.lean	191
1436	structure	CoopGame	GameTheory.lean	203
1437	theorem	coop_empty_zero	GameTheory.lean	210
1438	theorem	coop_monotone	GameTheory.lean	213
1439	def	superadditive	GameTheory.lean	219
1440	def	in_core	GameTheory.lean	224
1441	def	is_ESS	GameTheory.lean	254
1442	theorem	replicator_sum_zero	GameTheory.lean	268
1443	structure	Mechanism	GameTheory.lean	286
1444	def	incentive_compatible	GameTheory.lean	291
1445	def	individually_rational	GameTheory.lean	298
1446	theorem	IR_all_above_reservation	GameTheory.lean	304
1447	theorem	revenue_equivalence	GameTheory.lean	312
1448	inductive	Domain21	GameTheory.lean	316
1449	structure	DomainStrategy	GameTheory.lean	327
1450	theorem	system_payoff_pos	GameTheory.lean	335
1451	def	AWM_nash_equilibrium	GameTheory.lean	344
1452	theorem	AWM_nash_system_safe	GameTheory.lean	349
1453	theorem	cooperative_dominates_noncooperative	GameTheory.lean	359
1454	theorem	AWM_pareto_improvement	GameTheory.lean	366
1455	theorem	governance_mechanism_truthful	GameTheory.lean	376
1456	structure	GameTheoryLock	GameTheory.lean	381
1457	def	GTLock	GameTheory.lean	430
1458	structure	MetricTensor	GeneralRelativity.lean	10
1459	theorem	metric_sym	GeneralRelativity.lean	15
1460	def	minkowski	GeneralRelativity.lean	24
1461	theorem	minkowski_det	GeneralRelativity.lean	38
1462	theorem	christoffel_sym	GeneralRelativity.lean	56
1463	theorem	geodesic_proxy	GeneralRelativity.lean	65
1464	theorem	riemann_antisym	GeneralRelativity.lean	78
1465	structure	StressEnergy	GeneralRelativity.lean	106
1466	theorem	stress_energy_diag_nonneg	GeneralRelativity.lean	111
1467	def	einstein_eq	GeneralRelativity.lean	115
1468	theorem	conservation_proxy	GeneralRelativity.lean	119
1469	theorem	schwarzschild_pos	GeneralRelativity.lean	129
1470	theorem	redshift_pos	GeneralRelativity.lean	142
1471	theorem	redshift_le_one	GeneralRelativity.lean	151
1472	theorem	GW_strain_bounded	GeneralRelativity.lean	167
1473	theorem	quadrupole_nonneg	GeneralRelativity.lean	179
1474	theorem	LIGO_sensitivity_proxy	GeneralRelativity.lean	182
1475	theorem	hubble_nonneg	GeneralRelativity.lean	192
1476	theorem	scale_factor_pos	GeneralRelativity.lean	198
1477	theorem	dark_energy_nonneg	GeneralRelativity.lean	205
1478	theorem	CMB_temp_pos	GeneralRelativity.lean	211
1479	theorem	hawking_temp_pos	GeneralRelativity.lean	223
1480	theorem	BH_entropy_nonneg	GeneralRelativity.lean	237
1481	theorem	area_theorem	GeneralRelativity.lean	243
1482	inductive	Domain21	GeneralRelativity.lean	248
1483	theorem	domain_metric_sym	GeneralRelativity.lean	265
1484	theorem	domain_rs_pos	GeneralRelativity.lean	273
1485	theorem	domain_T_hawking_pos	GeneralRelativity.lean	283
1486	theorem	domain_BH_entropy_nonneg	GeneralRelativity.lean	293
1487	theorem	domain_hubble_nonneg	GeneralRelativity.lean	301
1488	theorem	domain_GW_bounded	GeneralRelativity.lean	309
1489	structure	GeneralRelativityLock	GeneralRelativity.lean	315
1490	def	GRLock	GeneralRelativity.lean	361
1491	def	WithinTolerance	Governor.lean	9
1492	theorem	withinTolerance_symm	Governor.lean	12
1493	theorem	withinTolerance_upper	Governor.lean	17
1494	theorem	withinTolerance_lower	Governor.lean	20
1495	theorem	withinTolerance_triangle	Governor.lean	23
1496	theorem	withinTolerance_mono	Governor.lean	32
1497	def	SafetyAdmissible	Governor.lean	41
1498	theorem	safety_margin	Governor.lean	44
1499	theorem	safety_exceeds_limit	Governor.lean	55
1500	theorem	safety_factor_exact	Governor.lean	60
1501	structure	QMSCheck	Governor.lean	70
1502	def	QMSAdmissible	Governor.lean	74
1503	theorem	qms_dimensional	Governor.lean	77
1504	theorem	qms_yield	Governor.lean	80
1505	def	RedundancyAdmissible	Governor.lean	87
1506	theorem	redundancy_monotone	Governor.lean	90
1507	theorem	redundancy_deficit	Governor.lean	98
1508	structure	GovernanceState	Governor.lean	109
1509	def	GovernanceAdmissible	Governor.lean	114
1510	theorem	governance_qms	Governor.lean	117
1511	theorem	governance_redundancy	Governor.lean	120
1512	theorem	governance_fails_without_qms	Governor.lean	123
1513	theorem	governance_fails_without_redundancy	Governor.lean	127
1514	theorem	governance_admissible_iff	Governor.lean	131
1515	structure	Graph	GraphTheory.lean	10
1516	def	degree	GraphTheory.lean	15
1517	theorem	degree_nonneg	GraphTheory.lean	20
1518	theorem	degree_lt_n	GraphTheory.lean	25
1519	theorem	handshaking	GraphTheory.lean	44
1520	def	is_path	GraphTheory.lean	113
1521	theorem	single_vertex_path	GraphTheory.lean	117
1522	theorem	empty_path	GraphTheory.lean	123
1523	def	is_connected	GraphTheory.lean	128
1524	def	complete_graph	GraphTheory.lean	134
1525	theorem	complete_graph_connected	GraphTheory.lean	139
1526	def	is_acyclic	GraphTheory.lean	151
1527	def	is_tree	GraphTheory.lean	157
1528	theorem	tree_edges_proxy	GraphTheory.lean	160
1529	theorem	prufer_count	GraphTheory.lean	163
1530	theorem	MST_nonneg	GraphTheory.lean	168
1531	def	is_proper_coloring	GraphTheory.lean	180
1532	theorem	trivial_coloring	GraphTheory.lean	186
1533	theorem	chromatic_lb_one	GraphTheory.lean	195
1534	theorem	brooks_proxy	GraphTheory.lean	199
1535	theorem	four_color_proxy	GraphTheory.lean	203
1536	theorem	euler_formula_proxy	GraphTheory.lean	208
1537	theorem	planar_edge_bound	GraphTheory.lean	213
1538	theorem	kuratowski_proxy	GraphTheory.lean	218
1539	theorem	adj_matrix_sym	GraphTheory.lean	229
1540	theorem	laplacian_sym	GraphTheory.lean	243
1541	theorem	spectral_gap_nonneg	GraphTheory.lean	255
1542	def	is_matching	GraphTheory.lean	263
1543	theorem	empty_matching	GraphTheory.lean	271
1544	theorem	konig_proxy	GraphTheory.lean	278
1545	theorem	max_flow_min_cut_proxy	GraphTheory.lean	281
1546	theorem	hall_proxy	GraphTheory.lean	286
1547	theorem	expected_degree_nonneg	GraphTheory.lean	295
1548	theorem	threshold_pos	GraphTheory.lean	308
1549	inductive	Domain21	GraphTheory.lean	320
1550	def	AWM_graph	GraphTheory.lean	329
1551	theorem	AWM_degree	GraphTheory.lean	342
1552	theorem	AWM_adj_sym	GraphTheory.lean	346
1553	theorem	AWM_edges	GraphTheory.lean	351
1554	theorem	AWM_handshaking	GraphTheory.lean	355
1555	theorem	AWM_matching_exists	GraphTheory.lean	360
1556	theorem	AWM_expected_degree_pos	GraphTheory.lean	364
1557	structure	GraphTheoryLock	GraphTheory.lean	370
1558	def	GTLock	GraphTheory.lean	400
1559	theorem	fourier_partial_nonneg	HarmonicAnalysis.lean	21
1560	theorem	parseval_proxy	HarmonicAnalysis.lean	37
1561	theorem	riemann_lebesgue_proxy	HarmonicAnalysis.lean	44
1562	theorem	DFT_linear	HarmonicAnalysis.lean	74
1563	theorem	IDFT_nonneg	HarmonicAnalysis.lean	90
1564	theorem	nyquist_proxy	HarmonicAnalysis.lean	103
1565	theorem	young_proxy	HarmonicAnalysis.lean	116
1566	def	is_harmonic_proxy	HarmonicAnalysis.lean	131
1567	theorem	mean_value_proxy	HarmonicAnalysis.lean	136
1568	theorem	max_principle_proxy	HarmonicAnalysis.lean	143
1569	theorem	harnack_nonneg	HarmonicAnalysis.lean	148
1570	theorem	FT_linear	HarmonicAnalysis.lean	162
1571	theorem	plancherel_proxy	HarmonicAnalysis.lean	174
1572	theorem	uncertainty_proxy	HarmonicAnalysis.lean	181
1573	theorem	Lp_norm_nonneg	HarmonicAnalysis.lean	200
1574	theorem	holder_discrete	HarmonicAnalysis.lean	205
1575	theorem	riesz_thorin_proxy	HarmonicAnalysis.lean	236
1576	theorem	morlet_bounded	HarmonicAnalysis.lean	249
1577	theorem	CWT_linear	HarmonicAnalysis.lean	273
1578	def	spectrum_proxy	HarmonicAnalysis.lean	290
1579	theorem	spectral_radius_formula	HarmonicAnalysis.lean	295
1580	theorem	resolvent_nonneg	HarmonicAnalysis.lean	299
1581	theorem	functional_calc_nonneg	HarmonicAnalysis.lean	303
1582	inductive	Domain21	HarmonicAnalysis.lean	312
1583	theorem	domain_DFT_linear	HarmonicAnalysis.lean	325
1584	theorem	domain_L2_nonneg	HarmonicAnalysis.lean	339
1585	theorem	domain_parseval	HarmonicAnalysis.lean	343
1586	def	domain_is_harmonic	HarmonicAnalysis.lean	354
1587	theorem	domain_harmonic_nonneg	HarmonicAnalysis.lean	358
1588	structure	HarmonicAnalysisLock	HarmonicAnalysis.lean	368
1589	def	HALock	HarmonicAnalysis.lean	414
1590	structure	IntChainComplex	HomologicalAlgebra.lean	14
1591	theorem	d_sq_zero	HomologicalAlgebra.lean	22
1592	def	is_cycle	HomologicalAlgebra.lean	32
1593	def	is_boundary	HomologicalAlgebra.lean	35
1594	theorem	boundary_is_cycle	HomologicalAlgebra.lean	38
1595	theorem	cycle_space_closed_add	HomologicalAlgebra.lean	48
1596	theorem	boundary_closed_add	HomologicalAlgebra.lean	57
1597	theorem	homology_rank_nonneg	HomologicalAlgebra.lean	81
1598	def	euler_characteristic	HomologicalAlgebra.lean	92
1599	theorem	euler_char_S2	HomologicalAlgebra.lean	96
1600	def	is_exact_at	HomologicalAlgebra.lean	108
1601	structure	ShortExactSeq	HomologicalAlgebra.lean	114
1602	theorem	ses_gf_is_zero	HomologicalAlgebra.lean	122
1603	theorem	ses_splits_trivial	HomologicalAlgebra.lean	127
1604	def	connecting_map	HomologicalAlgebra.lean	139
1605	theorem	connecting_map_cycle	HomologicalAlgebra.lean	144
1606	theorem	long_exact_nonneg_rank	HomologicalAlgebra.lean	151
1607	theorem	tor_proxy_zero	HomologicalAlgebra.lean	163
1608	theorem	ext_proxy_zero	HomologicalAlgebra.lean	174
1609	theorem	UCT_rank_nonneg	HomologicalAlgebra.lean	180
1610	structure	SpectralSeqPage	HomologicalAlgebra.lean	188
1611	theorem	spectral_page_nonneg	HomologicalAlgebra.lean	195
1612	theorem	spectral_limit_nonneg	HomologicalAlgebra.lean	201
1613	structure	ProjectiveRes	HomologicalAlgebra.lean	212
1614	theorem	L0_is_F	HomologicalAlgebra.lean	223
1615	theorem	Ln_zero_n_pos	HomologicalAlgebra.lean	230
1616	inductive	Domain21	HomologicalAlgebra.lean	242
1617	structure	DomainChain	HomologicalAlgebra.lean	253
1618	theorem	domain_chain_d_sq	HomologicalAlgebra.lean	261
1619	theorem	domain_H0_pos	HomologicalAlgebra.lean	271
1620	def	domain_euler	HomologicalAlgebra.lean	277
1621	theorem	domain_euler_AWM	HomologicalAlgebra.lean	281
1622	theorem	domain_rank_nullity_euler	HomologicalAlgebra.lean	285
1623	theorem	domain_euler_matches_rank_nullity	HomologicalAlgebra.lean	291
1624	def	domain_mass_map	HomologicalAlgebra.lean	299
1625	theorem	domain_total_mass_pos	HomologicalAlgebra.lean	306
1626	theorem	domain_mass_eq_H0	HomologicalAlgebra.lean	310
1627	theorem	domain_hamiltonian_nonneg	HomologicalAlgebra.lean	321
1628	structure	HomologicalAlgebraLock	HomologicalAlgebra.lean	336
1629	def	HALock	HomologicalAlgebra.lean	381
1630	structure	FisherMetric2D	InformationGeometry.lean	13
1631	theorem	fisher_det_nonneg	InformationGeometry.lean	21
1632	theorem	fisher_trace_pos	InformationGeometry.lean	24
1633	theorem	fisher_cauchy_schwarz	InformationGeometry.lean	27
1634	theorem	natural_gradient_defined	InformationGeometry.lean	37
1635	def	cramer_rao_satisfied	InformationGeometry.lean	47
1636	theorem	cramer_rao_variance_pos	InformationGeometry.lean	50
1637	theorem	cramer_rao_efficiency_bound	InformationGeometry.lean	54
1638	theorem	efficiency_le_one	InformationGeometry.lean	61
1639	theorem	efficiency_pos	InformationGeometry.lean	67
1640	def	pinsker_bound	InformationGeometry.lean	77
1641	theorem	kl_nonneg_from_pinsker	InformationGeometry.lean	80
1642	theorem	mutual_info_nonneg	InformationGeometry.lean	91
1643	theorem	data_processing	InformationGeometry.lean	96
1644	structure	StatisticalManifold	InformationGeometry.lean	104
1645	theorem	manifold_dim_pos	InformationGeometry.lean	109
1646	theorem	geodesic_distance_nonneg	InformationGeometry.lean	112
1647	def	alpha_connection	InformationGeometry.lean	115
1648	theorem	e_connection_valid	InformationGeometry.lean	118
1649	theorem	m_connection_valid	InformationGeometry.lean	119
1650	theorem	lc_connection_valid	InformationGeometry.lean	120
1651	theorem	info_pythagorean	InformationGeometry.lean	122
1652	structure	ExponentialFamily	InformationGeometry.lean	132
1653	theorem	log_partition_convex	InformationGeometry.lean	138
1654	theorem	fisher_from_convexity	InformationGeometry.lean	144
1655	inductive	Domain21	InformationGeometry.lean	158
1656	structure	DomainFisher	InformationGeometry.lean	169
1657	theorem	domain_fisher_all_positive	InformationGeometry.lean	173
1658	theorem	info_closure_pos	InformationGeometry.lean	179
1659	theorem	natural_grad_domain_invariant	InformationGeometry.lean	186
1660	structure	InformationGeometryLock	InformationGeometry.lean	195
1661	def	IGLock	InformationGeometry.lean	207
1662	theorem	shannon_entropy_nonneg	InformationTheoryAdvanced.lean	21
1663	theorem	min_entropy_nonneg	InformationTheoryAdvanced.lean	52
1664	theorem	mutual_info_nonneg	InformationTheoryAdvanced.lean	83
1665	theorem	data_processing_proxy	InformationTheoryAdvanced.lean	88
1666	theorem	BSC_capacity_nonneg	InformationTheoryAdvanced.lean	104
1667	theorem	AWGN_capacity_nonneg	InformationTheoryAdvanced.lean	113
1668	theorem	shannon_capacity_proxy	InformationTheoryAdvanced.lean	121
1669	theorem	kraft_inequality	InformationTheoryAdvanced.lean	129
1670	theorem	huffman_optimal_proxy	InformationTheoryAdvanced.lean	136
1671	theorem	entropy_lb_proxy	InformationTheoryAdvanced.lean	143
1672	def	hamming_dist	InformationTheoryAdvanced.lean	151
1673	theorem	hamming_dist_nonneg	InformationTheoryAdvanced.lean	156
1674	theorem	hamming_dist_sym	InformationTheoryAdvanced.lean	161
1675	theorem	hamming_triangle	InformationTheoryAdvanced.lean	169
1676	theorem	singleton_bound	InformationTheoryAdvanced.lean	189
1677	theorem	hamming_bound_proxy	InformationTheoryAdvanced.lean	193
1678	theorem	distortion_nonneg	InformationTheoryAdvanced.lean	205
1679	theorem	rate_distortion_nonneg	InformationTheoryAdvanced.lean	218
1680	theorem	von_neumann_nonneg	InformationTheoryAdvanced.lean	238
1681	theorem	holevo_bound_proxy	InformationTheoryAdvanced.lean	254
1682	theorem	no_cloning_proxy	InformationTheoryAdvanced.lean	258
1683	theorem	KC_nonneg	InformationTheoryAdvanced.lean	268
1684	theorem	incompressible_exists	InformationTheoryAdvanced.lean	272
1685	theorem	MDL_nonneg	InformationTheoryAdvanced.lean	290
1686	inductive	Domain21	InformationTheoryAdvanced.lean	298
1687	theorem	domain_uniform_nn	InformationTheoryAdvanced.lean	312
1688	theorem	domain_uniform_sum	InformationTheoryAdvanced.lean	317
1689	theorem	domain_entropy_nonneg	InformationTheoryAdvanced.lean	326
1690	theorem	domain_capacity_nonneg	InformationTheoryAdvanced.lean	334
1691	theorem	domain_hamming_nonneg	InformationTheoryAdvanced.lean	338
1692	theorem	domain_vn_nonneg	InformationTheoryAdvanced.lean	348
1693	theorem	domain_distortion_nonneg	InformationTheoryAdvanced.lean	358
1694	theorem	domain_eigen_sum_pos	InformationTheoryAdvanced.lean	368
1695	theorem	domain_eigen_dist_nn	InformationTheoryAdvanced.lean	379
1696	theorem	domain_eigen_dist_sum	InformationTheoryAdvanced.lean	386
1697	theorem	domain_matrix_entropy_nonneg	InformationTheoryAdvanced.lean	396
1698	structure	InformationTheoryAdvancedLock	InformationTheoryAdvanced.lean	405
1699	def	ITALock	InformationTheoryAdvanced.lean	444
1700	structure	FredholmEq	IntegralEquations.lean	11
1701	structure	VolterraEq	IntegralEquations.lean	23
1702	def	is_symmetric_kernel	IntegralEquations.lean	31
1703	theorem	HS_norm_nonneg	IntegralEquations.lean	41
1704	def	is_pd_kernel	IntegralEquations.lean	46
1705	theorem	identity_pd_kernel	IntegralEquations.lean	54
1706	def	neumann_converges	IntegralEquations.lean	77
1707	theorem	neumann_bound_proxy	IntegralEquations.lean	90
1708	def	is_eigenfunction	IntegralEquations.lean	99
1709	theorem	mercer_proxy	IntegralEquations.lean	106
1710	theorem	schmidt_proxy	IntegralEquations.lean	112
1711	theorem	kernel_trace_pd_nonneg	IntegralEquations.lean	119
1712	theorem	abel_inversion_proxy	IntegralEquations.lean	143
1713	theorem	abel_transform_nonneg	IntegralEquations.lean	146
1714	theorem	CPV_proxy	IntegralEquations.lean	158
1715	theorem	singular_kernel_proxy	IntegralEquations.lean	166
1716	theorem	IDE_proxy	IntegralEquations.lean	174
1717	theorem	renewal_eq_proxy	IntegralEquations.lean	177
1718	theorem	convolution_nonneg	IntegralEquations.lean	187
1719	theorem	quadrature_nonneg	IntegralEquations.lean	208
1720	theorem	nystrom_proxy	IntegralEquations.lean	222
1721	theorem	galerkin_proxy	IntegralEquations.lean	225
1722	inductive	Domain21	IntegralEquations.lean	232
1723	theorem	domain_HS_nonneg	IntegralEquations.lean	251
1724	theorem	domain_trace_nonneg	IntegralEquations.lean	258
1725	theorem	domain_pd_kernel	IntegralEquations.lean	263
1726	theorem	domain_conv_nonneg	IntegralEquations.lean	273
1727	theorem	domain_quad_nonneg	IntegralEquations.lean	286
1728	structure	IntegralEquationsLock	IntegralEquations.lean	300
1729	def	IELock	IntegralEquations.lean	339
1730	structure	LieAlgebra	LieTheory.lean	12
1731	theorem	lie_anti_sym	LieTheory.lean	22
1732	theorem	lie_jacobi	LieTheory.lean	30
1733	theorem	lie_self_zero	LieTheory.lean	38
1734	def	structure_constants	LieTheory.lean	50
1735	def	satisfies_antisymmetry	LieTheory.lean	53
1736	def	satisfies_jacobi	LieTheory.lean	57
1737	theorem	zero_struct_const_antisym	LieTheory.lean	65
1738	theorem	zero_struct_const_jacobi	LieTheory.lean	70
1739	theorem	exp_map_pos	LieTheory.lean	84
1740	theorem	exp_map_zero	LieTheory.lean	88
1741	theorem	exp_map_add	LieTheory.lean	92
1742	theorem	BCH_first_order	LieTheory.lean	100
1743	theorem	killing_form_symmetric	LieTheory.lean	118
1744	theorem	killing_form_bilinear	LieTheory.lean	125
1745	theorem	cartan_criterion_nonneg	LieTheory.lean	137
1746	structure	RootSystem	LieTheory.lean	149
1747	theorem	root_system_nonempty	LieTheory.lean	153
1748	def	cartan_matrix_entry	LieTheory.lean	159
1749	theorem	cartan_diag_two	LieTheory.lean	163
1750	def	An_nodes	LieTheory.lean	174
1751	theorem	An_rank_pos	LieTheory.lean	176
1752	theorem	weight_space_pos	LieTheory.lean	188
1753	def	sl2_H	LieTheory.lean	195
1754	def	sl2_E	LieTheory.lean	201
1755	def	sl2_F	LieTheory.lean	207
1756	theorem	sl2_casimir_nonneg	LieTheory.lean	217
1757	theorem	peter_weyl_nonneg	LieTheory.lean	226
1758	theorem	haar_nonneg	LieTheory.lean	236
1759	theorem	weyl_integration_nonneg	LieTheory.lean	242
1760	theorem	SU2_sigma3_trace	LieTheory.lean	265
1761	def	SO3_dim	LieTheory.lean	272
1762	theorem	SO3_dim_pos	LieTheory.lean	274
1763	def	gauge_group_rank	LieTheory.lean	278
1764	theorem	gauge_rank_nonneg	LieTheory.lean	280
1765	inductive	Domain21	LieTheory.lean	288
1766	def	domain_lie_dim	LieTheory.lean	298
1767	theorem	domain_lie_dim_pos	LieTheory.lean	300
1768	theorem	domain_killing_nonneg	LieTheory.lean	310
1769	theorem	domain_exp_pos	LieTheory.lean	321
1770	theorem	domain_casimir_nonneg	LieTheory.lean	329
1771	def	AWM_root_count	LieTheory.lean	334
1772	theorem	AWM_root_pos	LieTheory.lean	336
1773	structure	LieTheoryLock	LieTheory.lean	344
1774	def	LTLock	LieTheory.lean	379
1775	theorem	vec_add_comm	LinearAlgebra.lean	12
1776	theorem	vec_add_assoc	LinearAlgebra.lean	17
1777	theorem	vec_zero_add	LinearAlgebra.lean	22
1778	theorem	scalar_distrib	LinearAlgebra.lean	27
1779	theorem	scalar_assoc	LinearAlgebra.lean	32
1780	def	is_linear	LinearAlgebra.lean	41
1781	theorem	matrix_mul_linear	LinearAlgebra.lean	46
1782	theorem	linear_comp_linear	LinearAlgebra.lean	56
1783	theorem	matrix_mul_assoc	LinearAlgebra.lean	75
1784	theorem	matrix_mul_one	LinearAlgebra.lean	80
1785	theorem	matrix_one_mul	LinearAlgebra.lean	85
1786	theorem	matrix_trace_add	LinearAlgebra.lean	90
1787	theorem	matrix_det_mul	LinearAlgebra.lean	96
1788	def	is_eigenpair	LinearAlgebra.lean	105
1789	theorem	eigenpair_scalar	LinearAlgebra.lean	110
1790	theorem	char_poly_eigenvalue	LinearAlgebra.lean	133
1791	theorem	spectral_radius_nonneg	LinearAlgebra.lean	147
1792	theorem	inner_comm	LinearAlgebra.lean	163
1793	theorem	inner_nonneg	LinearAlgebra.lean	170
1794	theorem	inner_cauchy_schwarz	LinearAlgebra.lean	177
1795	theorem	gram_schmidt_nonneg	LinearAlgebra.lean	186
1796	theorem	rank_nullity	LinearAlgebra.lean	193
1797	theorem	rank_nonneg	LinearAlgebra.lean	200
1798	theorem	rank_le_min	LinearAlgebra.lean	205
1799	theorem	singular_values_nonneg	LinearAlgebra.lean	218
1800	theorem	LU_det	LinearAlgebra.lean	224
1801	theorem	QR_proxy	LinearAlgebra.lean	229
1802	theorem	spectral_theorem_proxy	LinearAlgebra.lean	234
1803	def	tensor_dim	LinearAlgebra.lean	243
1804	theorem	tensor_dim_comm	LinearAlgebra.lean	245
1805	theorem	tensor_dim_pos	LinearAlgebra.lean	249
1806	theorem	kronecker_trace	LinearAlgebra.lean	254
1807	inductive	Domain21	LinearAlgebra.lean	265
1808	def	domain_state_dim	LinearAlgebra.lean	274
1809	theorem	domain_inner_nonneg	LinearAlgebra.lean	280
1810	theorem	domain_matrix_det_pos	LinearAlgebra.lean	289
1811	theorem	domain_matrix_rank	LinearAlgebra.lean	304
1812	theorem	domain_spectral_pos	LinearAlgebra.lean	320
1813	structure	LinearAlgebraLock	LinearAlgebra.lean	331
1814	def	LALock	LinearAlgebra.lean	363
1815	inductive	PropFormula	LogicModelTheory.lean	13
1816	def	eval_prop	LogicModelTheory.lean	21
1817	def	is_tautology	LogicModelTheory.lean	30
1818	theorem	LEM_tautology	LogicModelTheory.lean	34
1819	theorem	double_neg	LogicModelTheory.lean	41
1820	theorem	modus_ponens	LogicModelTheory.lean	49
1821	inductive	FOTerm	LogicModelTheory.lean	62
1822	inductive	AtomicFml	LogicModelTheory.lean	68
1823	def	is_valid_sentence	LogicModelTheory.lean	74
1824	theorem	sentence_pos	LogicModelTheory.lean	77
1825	theorem	forall_true	LogicModelTheory.lean	81
1826	axiom	completeness_proxy	LogicModelTheory.lean	91
1827	theorem	compactness_proxy	LogicModelTheory.lean	99
1828	theorem	soundness_proxy	LogicModelTheory.lean	107
1829	theorem	first_incompleteness_proxy	LogicModelTheory.lean	119
1830	theorem	second_incompleteness_proxy	LogicModelTheory.lean	126
1831	theorem	godel_number_pos	LogicModelTheory.lean	142
1832	structure	Structure	LogicModelTheory.lean	158
1833	theorem	structure_domain_pos	LogicModelTheory.lean	163
1834	def	elem_equiv	LogicModelTheory.lean	169
1835	def	is_isomorphism	LogicModelTheory.lean	176
1836	theorem	LS_downward_proxy	LogicModelTheory.lean	183
1837	def	is_ultrafilter_proxy	LogicModelTheory.lean	195
1838	theorem	trivial_ultrafilter	LogicModelTheory.lean	201
1839	theorem	los_theorem_proxy	LogicModelTheory.lean	211
1840	inductive	NatDeduction	LogicModelTheory.lean	219
1841	theorem	LEM_derivable	LogicModelTheory.lean	229
1842	theorem	cut_elim_proxy	LogicModelTheory.lean	235
1843	theorem	curry_howard_proxy	LogicModelTheory.lean	241
1844	def	dep_type	LogicModelTheory.lean	250
1845	theorem	dep_type_inhabited	LogicModelTheory.lean	253
1846	theorem	identity_type_refl	LogicModelTheory.lean	258
1847	theorem	PAT_proxy	LogicModelTheory.lean	263
1848	theorem	universe_nonneg	LogicModelTheory.lean	266
1849	inductive	Domain21	LogicModelTheory.lean	273
1850	def	domain_prop	LogicModelTheory.lean	283
1851	theorem	domain_prop_tautology	LogicModelTheory.lean	286
1852	theorem	domain_model_pos	LogicModelTheory.lean	301
1853	theorem	domain_godel_pos	LogicModelTheory.lean	306
1854	theorem	domain_LEM	LogicModelTheory.lean	311
1855	theorem	AWM_consistent	LogicModelTheory.lean	318
1856	structure	LogicModelTheoryLock	LogicModelTheory.lean	328
1857	def	LMTLock	LogicModelTheory.lean	366
1858	structure	MassMap	MC2Engine.lean	23
1859	theorem	total_mass_pos	MC2Engine.lean	32
1860	def	U_MAX	MC2Engine.lean	45
1861	theorem	load_factor_bounds	MC2Engine.lean	51
1862	theorem	load_factor_lt_one	MC2Engine.lean	56
1863	theorem	effective_mass_pos	MC2Engine.lean	66
1864	theorem	effective_mass_ge_mass	MC2Engine.lean	74
1865	structure	KineticProposal	MC2Engine.lean	90
1866	theorem	collision_force_nonneg	MC2Engine.lean	102
1867	theorem	collision_force_zero_when_O_zero	MC2Engine.lean	108
1868	theorem	collision_force_mono_O	MC2Engine.lean	113
1869	theorem	displacement_nonneg	MC2Engine.lean	134
1870	theorem	displacement_zero_dt	MC2Engine.lean	141
1871	theorem	displacement_scale_dt	MC2Engine.lean	146
1872	def	LOCAL_RETAIN	MC2Engine.lean	159
1873	def	GLOBAL_LEAK	MC2Engine.lean	160
1874	theorem	retain_leak_sum	MC2Engine.lean	162
1875	theorem	coupling_strength_pos	MC2Engine.lean	171
1876	theorem	coupling_strength_symm	MC2Engine.lean	177
1877	theorem	update_origin_mono	MC2Engine.lean	191
1878	structure	MC2Step	MC2Engine.lean	203
1879	theorem	mc2_run_nonneg_delta	MC2Engine.lean	216
1880	theorem	mc2_run_zero_dt	MC2Engine.lean	223
1881	structure	MC2Audit	MC2Engine.lean	234
1882	def	MC2_audit	MC2Engine.lean	242
1883	theorem	mc2_sorry_free	MC2Engine.lean	251
1884	theorem	mc2_sealed	MC2Engine.lean	252
1885	def	masterKey	Main.lean	8
1886	def	main	Main.lean	18
1887	structure	PhasePoint	Manifold21.lean	16
1888	def	PhasePoint.zero	Manifold21.lean	20
1889	def	PhasePoint.add	Manifold21.lean	22
1890	def	PhasePoint.smul	Manifold21.lean	25
1891	theorem	omega_linear_left	Manifold21.lean	31
1892	theorem	omega_antisymm	Manifold21.lean	39
1893	theorem	omega_self_zero	Manifold21.lean	47
1894	theorem	omega_nondegen	Manifold21.lean	58
1895	structure	HamiltonianSystem	Manifold21.lean	77
1896	def	hamilton_vector_field	Manifold21.lean	83
1897	def	poisson_bracket	Manifold21.lean	88
1898	theorem	poisson_antisymm	Manifold21.lean	92
1899	theorem	hamiltonian_self_commutes	Manifold21.lean	102
1900	theorem	energy_conserved_infinitesimal	Manifold21.lean	110
1901	structure	RiemannianMetric	Manifold21.lean	119
1902	def	euclidean	Manifold21.lean	125
1903	theorem	phase_dist_nonneg	Manifold21.lean	147
1904	theorem	phase_dist_self	Manifold21.lean	150
1905	theorem	phase_dist_symm	Manifold21.lean	155
1906	def	is_equilibrium	Manifold21.lean	164
1907	theorem	V_lyapunov_nonneg	Manifold21.lean	172
1908	theorem	V_lyapunov_zero_iff	Manifold21.lean	179
1909	theorem	liouville_divergence_free	Manifold21.lean	211
1910	structure	ManifoldAuditVector	Manifold21.lean	226
1911	def	Manifold21_audit	Manifold21.lean	235
1912	theorem	manifold_apex_sealed	Manifold21.lean	245
1913	theorem	exponential_growth_pos	MathematicalBiology.lean	16
1914	theorem	logistic_pos	MathematicalBiology.lean	28
1915	theorem	logistic_le_K	MathematicalBiology.lean	37
1916	theorem	carrying_capacity_pos	MathematicalBiology.lean	49
1917	theorem	population_nonneg	MathematicalBiology.lean	64
1918	theorem	LV_equil_pos	MathematicalBiology.lean	74
1919	def	SIR_conservation	MathematicalBiology.lean	91
1920	theorem	SIR_nonneg_total	MathematicalBiology.lean	95
1921	theorem	R0_pos	MathematicalBiology.lean	106
1922	theorem	epidemic_threshold	MathematicalBiology.lean	114
1923	theorem	HIT_nonneg	MathematicalBiology.lean	123
1924	theorem	turing_instability_proxy	MathematicalBiology.lean	137
1925	theorem	pattern_proxy	MathematicalBiology.lean	141
1926	theorem	fisher_term_nonneg	MathematicalBiology.lean	149
1927	theorem	HH_conductance_pos	MathematicalBiology.lean	164
1928	theorem	IAF_threshold_pos	MathematicalBiology.lean	173
1929	theorem	WC_proxy	MathematicalBiology.lean	178
1930	def	replicator_constraint	MathematicalBiology.lean	187
1931	theorem	simplex_valid	MathematicalBiology.lean	192
1932	theorem	fitness_nonneg	MathematicalBiology.lean	198
1933	theorem	price_eq_proxy	MathematicalBiology.lean	202
1934	theorem	nash_proxy	MathematicalBiology.lean	206
1935	theorem	MM_nonneg	MathematicalBiology.lean	219
1936	theorem	MM_le_Vmax	MathematicalBiology.lean	228
1937	theorem	force_velocity_proxy	MathematicalBiology.lean	249
1938	theorem	bone_stress_nonneg	MathematicalBiology.lean	253
1939	theorem	FSI_proxy	MathematicalBiology.lean	258
1940	inductive	Domain21	MathematicalBiology.lean	265
1941	theorem	domain_growth_pos	MathematicalBiology.lean	278
1942	theorem	domain_logistic_pos	MathematicalBiology.lean	288
1943	theorem	domain_logistic_le_K	MathematicalBiology.lean	293
1944	theorem	domain_R0_pos	MathematicalBiology.lean	302
1945	theorem	domain_MM_nonneg	MathematicalBiology.lean	312
1946	theorem	domain_fisher_nonneg	MathematicalBiology.lean	321
1947	structure	MathematicalBiologyLock	MathematicalBiology.lean	331
1948	def	MBLock	MathematicalBiology.lean	375
1949	theorem	reaction_rate_nonneg	MathematicalChemistry.lean	18
1950	theorem	arrhenius_pos	MathematicalChemistry.lean	35
1951	theorem	decay_pos	MathematicalChemistry.lean	47
1952	theorem	decay_le_initial	MathematicalChemistry.lean	52
1953	def	is_spontaneous	MathematicalChemistry.lean	82
1954	theorem	spontaneous_proxy	MathematicalChemistry.lean	85
1955	theorem	K_pos	MathematicalChemistry.lean	98
1956	theorem	schrodinger_proxy	MathematicalChemistry.lean	109
1957	theorem	orbital_energy_proxy	MathematicalChemistry.lean	113
1958	theorem	HF_energy_proxy	MathematicalChemistry.lean	118
1959	theorem	DFT_components_add	MathematicalChemistry.lean	126
1960	theorem	LJ_well_depth	MathematicalChemistry.lean	142
1961	theorem	total_KE_nonneg	MathematicalChemistry.lean	152
1962	theorem	temp_nonneg	MathematicalChemistry.lean	168
1963	def	mol_graph_size	MathematicalChemistry.lean	182
1964	theorem	mol_graph_pos	MathematicalChemistry.lean	184
1965	structure	MolecularFormula	MathematicalChemistry.lean	194
1966	theorem	mol_weight_nonneg	MathematicalChemistry.lean	206
1967	theorem	faraday_nonneg	MathematicalChemistry.lean	233
1968	theorem	DP_pos	MathematicalChemistry.lean	241
1969	theorem	ETE_nonneg	MathematicalChemistry.lean	249
1970	theorem	flory_huggins_proxy	MathematicalChemistry.lean	257
1971	theorem	absorbance_nonneg	MathematicalChemistry.lean	269
1972	theorem	transmittance_pos	MathematicalChemistry.lean	282
1973	theorem	transmittance_le_one	MathematicalChemistry.lean	286
1974	inductive	Domain21	MathematicalChemistry.lean	297
1975	theorem	domain_rate_nonneg	MathematicalChemistry.lean	311
1976	theorem	domain_arrhenius_pos	MathematicalChemistry.lean	322
1977	theorem	domain_K_pos	MathematicalChemistry.lean	332
1978	theorem	domain_KE_nonneg	MathematicalChemistry.lean	341
1979	theorem	domain_mol_nonneg	MathematicalChemistry.lean	350
1980	theorem	domain_abs_nonneg	MathematicalChemistry.lean	358
1981	theorem	domain_T_pos	MathematicalChemistry.lean	367
1982	structure	MathematicalChemistryLock	MathematicalChemistry.lean	375
1983	def	MCLock	MathematicalChemistry.lean	415
1984	theorem	utility_nonneg	MathematicalEconomics.lean	15
1985	theorem	cobb_douglas_pos	MathematicalEconomics.lean	26
1986	theorem	marginal_utility_nonneg	MathematicalEconomics.lean	34
1987	theorem	DMU_proxy	MathematicalEconomics.lean	37
1988	def	satisfies_budget	MathematicalEconomics.lean	46
1989	theorem	expenditure_nonneg	MathematicalEconomics.lean	50
1990	theorem	hicksian_proxy	MathematicalEconomics.lean	59
1991	theorem	roys_identity_proxy	MathematicalEconomics.lean	62
1992	theorem	production_pos	MathematicalEconomics.lean	75
1993	theorem	cost_nonneg	MathematicalEconomics.lean	90
1994	theorem	RTS_proxy	MathematicalEconomics.lean	98
1995	def	walras_law	MathematicalEconomics.lean	105
1996	theorem	excess_demand_proxy	MathematicalEconomics.lean	110
1997	theorem	AD_proxy	MathematicalEconomics.lean	116
1998	def	is_pareto_optimal	MathematicalEconomics.lean	119
1999	structure	NormalFormGame	MathematicalEconomics.lean	129
2000	def	is_nash	MathematicalEconomics.lean	133
2001	theorem	dominant_proxy	MathematicalEconomics.lean	140
2002	def	is_mixed_strategy	MathematicalEconomics.lean	146
2003	theorem	uniform_mixed_strategy	MathematicalEconomics.lean	151
2004	theorem	zero_sum_proxy	MathematicalEconomics.lean	161
2005	theorem	welfare_nonneg	MathematicalEconomics.lean	174
2006	theorem	rawls_le_utilitarian	MathematicalEconomics.lean	187
2007	theorem	growth_rate_nonneg	MathematicalEconomics.lean	209
2008	theorem	capital_accum_proxy	MathematicalEconomics.lean	212
2009	theorem	adverse_selection_proxy	MathematicalEconomics.lean	219
2010	theorem	moral_hazard_proxy	MathematicalEconomics.lean	222
2011	theorem	mechanism_proxy	MathematicalEconomics.lean	225
2012	theorem	revelation_proxy	MathematicalEconomics.lean	228
2013	inductive	Domain21	MathematicalEconomics.lean	235
2014	theorem	domain_utility_nonneg	MathematicalEconomics.lean	247
2015	theorem	domain_CD_pos	MathematicalEconomics.lean	256
2016	theorem	domain_welfare_nonneg	MathematicalEconomics.lean	266
2017	theorem	domain_mixed_strategy	MathematicalEconomics.lean	273
2018	theorem	domain_budget	MathematicalEconomics.lean	279
2019	theorem	domain_expenditure_nonneg	MathematicalEconomics.lean	285
2020	structure	MathematicalEconomicsLock	MathematicalEconomics.lean	297
2021	def	MELock	MathematicalEconomics.lean	339
2022	structure	DensityOperator	Matrix7.lean	9
2023	structure	UnitaryOperator	Matrix7.lean	14
2024	theorem	trace_unitary_invariance	Matrix7.lean	19
2025	theorem	hermitian_preserved	Matrix7.lean	23
2026	theorem	hermitian_trace_real	Matrix7.lean	29
2027	theorem	density_trace_real	Matrix7.lean	38
2028	def	unitary_id	Matrix7.lean	42
2029	def	unitary_comp	Matrix7.lean	47
2030	def	unitary_inv	Matrix7.lean	64
2031	theorem	trace_unitary_id	Matrix7.lean	69
2032	theorem	hermitian_preserved_id	Matrix7.lean	73
2033	theorem	trace_unitary_comp	Matrix7.lean	77
2034	theorem	hermitian_preserved_comp	Matrix7.lean	81
2035	structure	CertifiedKernel	Matrix7.lean	85
2036	def	certify	Matrix7.lean	98
2037	structure	Matrix7Audit	Matrix7.lean	106
2038	def	Matrix7_audit	Matrix7.lean	115
2039	theorem	matrix7_apex_sealed	Matrix7.lean	125
2040	structure	SigmaAlgebra	MeasureTheory.lean	17
2041	theorem	sigma_univ_mem	MeasureTheory.lean	23
2042	theorem	sigma_inter_mem	MeasureTheory.lean	27
2043	def	discrete_sigma_algebra	MeasureTheory.lean	41
2044	structure	MeasureDef	MeasureTheory.lean	49
2045	theorem	measure_nonneg	MeasureTheory.lean	56
2046	theorem	measure_empty_val	MeasureTheory.lean	59
2047	theorem	measure_monotone	MeasureTheory.lean	61
2048	def	is_probability_measure	MeasureTheory.lean	78
2049	def	measurable_fn	MeasureTheory.lean	91
2050	theorem	const_measurable	MeasureTheory.lean	95
2051	theorem	measurable_comp	MeasureTheory.lean	102
2052	theorem	monotone_convergence	MeasureTheory.lean	130
2053	theorem	dominated_convergence	MeasureTheory.lean	140
2054	def	absolutely_continuous	MeasureTheory.lean	153
2055	theorem	radon_nikodym_singleton	MeasureTheory.lean	156
2056	theorem	fubini	MeasureTheory.lean	169
2057	inductive	Domain21	MeasureTheory.lean	184
2058	structure	DomainMeasure	MeasureTheory.lean	189
2059	theorem	domain_KL_nonneg	MeasureTheory.lean	197
2060	structure	MeasureTheoryLock	MeasureTheory.lean	238
2061	def	MTLock	MeasureTheory.lean	241
2062	structure	SystemPresence	MoruzinLaw.lean	6
2063	theorem	law_of_presence	MoruzinLaw.lean	14
2064	theorem	absence_collapses_identity	MoruzinLaw.lean	16
2065	def	chamber_valid	MoruzinLaw.lean	23
2066	theorem	breach_implies_halt	MoruzinLaw.lean	25
2067	theorem	chamber_composition	MoruzinLaw.lean	30
2068	theorem	zero_always_valid	MoruzinLaw.lean	38
2069	structure	UnificationState	MoruzinLaw.lean	41
2070	def	unification_valid	MoruzinLaw.lean	46
2071	theorem	unification_law	MoruzinLaw.lean	49
2072	theorem	unification_fixed_point	MoruzinLaw.lean	56
2073	theorem	contradiction_excluded	MoruzinLaw.lean	62
2074	theorem	domain_failure_breaks_unification	MoruzinLaw.lean	68
2075	structure	TerminalSeal	MoruzinLaw.lean	73
2076	theorem	terminal_seal_valid	MoruzinLaw.lean	80
2077	theorem	terminal_seal_presence	MoruzinLaw.lean	83
2078	theorem	terminal_seal_chamber	MoruzinLaw.lean	86
2079	theorem	terminal_seal_uncontradicted	MoruzinLaw.lean	90
2080	def	AWM7_Seal	MoruzinLaw.lean	94
2081	theorem	awm7_sovereign_locked	MoruzinLaw.lean	102
2082	theorem	awm7_apex_certified	MoruzinLaw.lean	108
2083	structure	Motive	MotivicCohomology.lean	11
2084	theorem	motive_rank_pos	MotivicCohomology.lean	16
2085	def	tate_motive	MotivicCohomology.lean	20
2086	theorem	tate_weight	MotivicCohomology.lean	25
2087	def	motive_sum	MotivicCohomology.lean	28
2088	theorem	motive_sum_rank	MotivicCohomology.lean	34
2089	def	motive_tensor	MotivicCohomology.lean	39
2090	theorem	motive_tensor_rank	MotivicCohomology.lean	45
2091	def	motivic_cohom_rank	MotivicCohomology.lean	54
2092	theorem	motivic_cohom_nonneg	MotivicCohomology.lean	57
2093	theorem	motivic_point_proxy	MotivicCohomology.lean	61
2094	theorem	BL_proxy	MotivicCohomology.lean	64
2095	def	K0_rank	MotivicCohomology.lean	71
2096	theorem	K0_pos	MotivicCohomology.lean	73
2097	theorem	K_theory_nonneg	MotivicCohomology.lean	76
2098	theorem	bass_proxy	MotivicCohomology.lean	79
2099	theorem	QL_proxy	MotivicCohomology.lean	82
2100	def	chow_rank	MotivicCohomology.lean	89
2101	theorem	chow_nonneg	MotivicCohomology.lean	91
2102	def	chow_intersection	MotivicCohomology.lean	94
2103	theorem	chow_intersection_comm	MotivicCohomology.lean	97
2104	theorem	cycle_class_proxy	MotivicCohomology.lean	102
2105	theorem	bloch_formula_proxy	MotivicCohomology.lean	105
2106	theorem	arc_space_proxy	MotivicCohomology.lean	112
2107	theorem	motivic_measure_nonneg	MotivicCohomology.lean	119
2108	theorem	motivic_measure_le_one	MotivicCohomology.lean	125
2109	theorem	COV_proxy	MotivicCohomology.lean	133
2110	theorem	A1_homotopy_proxy	MotivicCohomology.lean	140
2111	def	motivic_sphere_dim	MotivicCohomology.lean	143
2112	theorem	motivic_sphere_pos	MotivicCohomology.lean	146
2113	theorem	milnor_K_nonneg	MotivicCohomology.lean	156
2114	theorem	norm_residue_proxy	MotivicCohomology.lean	164
2115	structure	MixedMotive	MotivicCohomology.lean	171
2116	theorem	mixed_motive_exists	MotivicCohomology.lean	175
2117	theorem	hodge_realization_proxy	MotivicCohomology.lean	183
2118	theorem	ladic_proxy	MotivicCohomology.lean	186
2119	theorem	period_matrix_proxy	MotivicCohomology.lean	198
2120	theorem	regulator_nonneg	MotivicCohomology.lean	206
2121	theorem	beilinson_proxy	MotivicCohomology.lean	209
2122	inductive	Domain21	MotivicCohomology.lean	216
2123	def	domain_motive	MotivicCohomology.lean	225
2124	theorem	domain_motive_rank	MotivicCohomology.lean	230
2125	def	domain_tate	MotivicCohomology.lean	233
2126	theorem	domain_tate_weight	MotivicCohomology.lean	235
2127	def	domain_motive_sum	MotivicCohomology.lean	239
2128	theorem	domain_sum_rank	MotivicCohomology.lean	242
2129	def	domain_tensor	MotivicCohomology.lean	246
2130	theorem	domain_tensor_rank	MotivicCohomology.lean	249
2131	theorem	domain_chow	MotivicCohomology.lean	253
2132	theorem	domain_mot_measure_le_one	MotivicCohomology.lean	260
2133	theorem	domain_milnor_nonneg	MotivicCohomology.lean	268
2134	structure	MotivicCohomologyLock	MotivicCohomology.lean	276
2135	def	MCLock	MotivicCohomology.lean	316
2136	def	hello	MyProject/Basic.lean	1
2137	structure	Config	MyProject.lean	7
2138	def	cfg	MyProject.lean	13
2139	abbrev	State	MyProject.lean	16
2140	def	Zero	MyProject.lean	18
2141	def	clamp	MyProject.lean	20
2142	def	Proj	MyProject.lean	25
2143	def	norm	MyProject.lean	26
2144	def	dist	MyProject.lean	27
2145	def	U	MyProject.lean	28
2146	def	T	MyProject.lean	29
2147	def	traj	MyProject.lean	31
2148	def	Fixed	MyProject.lean	35
2149	def	InBounds	MyProject.lean	36
2150	def	Valid	MyProject.lean	37
2151	theorem	k_lt_one	MyProject.lean	39
2152	theorem	k_nonneg	MyProject.lean	40
2153	theorem	zero_fixed	MyProject.lean	42
2154	theorem	projection_valid	MyProject.lean	45
2155	theorem	evolution_valid	MyProject.lean	49
2156	theorem	clamp_nonexpansive	MyProject.lean	51
2157	theorem	proj_nonexpansive	MyProject.lean	59
2158	theorem	U_lipschitz	MyProject.lean	63
2159	theorem	contraction	MyProject.lean	69
2160	theorem	dist_nonneg	MyProject.lean	75
2161	theorem	decay	MyProject.lean	78
2162	def	Converges	MyProject.lean	90
2163	lemma	geom_squeeze	MyProject.lean	93
2164	theorem	convergence	MyProject.lean	99
2165	structure	Certified	MyProject.lean	109
2166	def	SystemLock	MyProject.lean	117
2167	inductive	Domain14	N7Spine.lean	12
2168	theorem	domain14_card	N7Spine.lean	17
2169	structure	MarginVector	N7Spine.lean	19
2170	theorem	M_N7_le_all	N7Spine.lean	26
2171	theorem	M_N7_nonneg	N7Spine.lean	30
2172	theorem	all_margins_pos	N7Spine.lean	35
2173	theorem	M_N7_is_min	N7Spine.lean	40
2174	theorem	bottleneck_achieves_min	N7Spine.lean	53
2175	theorem	bottleneck_le_all	N7Spine.lean	57
2176	inductive	SpineState	N7Spine.lean	61
2177	def	SpineState.level	N7Spine.lean	65
2178	def	admissible	N7Spine.lean	69
2179	theorem	admissible_irrefl	N7Spine.lean	72
2180	theorem	admissible_asymm	N7Spine.lean	75
2181	theorem	admissible_no_skip	N7Spine.lean	79
2182	theorem	admissible_chain	N7Spine.lean	82
2183	theorem	S7_terminal	N7Spine.lean	87
2184	theorem	S1_has_no_predecessor	N7Spine.lean	91
2185	structure	Proposal	N7Spine.lean	95
2186	inductive	GateDecision	N7Spine.lean	101
2187	theorem	gate_sealed_iff	N7Spine.lean	111
2188	theorem	gate_vetoed_iff	N7Spine.lean	119
2189	theorem	gate_seal_margins	N7Spine.lean	135
2190	theorem	gate_veto_bottleneck	N7Spine.lean	141
2191	theorem	gate_exclusive	N7Spine.lean	154
2192	def	non_oscillatory	N7Spine.lean	162
2193	theorem	spine_level_strict_mono	N7Spine.lean	170
2194	theorem	admissible_chain_non_oscillatory	N7Spine.lean	195
2195	def	project_margins	N7Spine.lean	206
2196	theorem	project_M_N7_le	N7Spine.lean	213
2197	theorem	horizon_scan	N7Spine.lean	225
2198	structure	N7Audit	N7Spine.lean	233
2199	def	N7_audit	N7Spine.lean	244
2200	theorem	n7_sorry_free	N7Spine.lean	256
2201	theorem	n7_sovereign	N7Spine.lean	257
2202	theorem	n7_domains	N7Spine.lean	258
2203	theorem	frobenius_nonneg	NoncommutativeGeometry.lean	16
2204	theorem	frobenius_zero_iff	NoncommutativeGeometry.lean	21
2205	theorem	cstar_identity_proxy	NoncommutativeGeometry.lean	28
2206	structure	SpectralTriple	NoncommutativeGeometry.lean	37
2207	theorem	dirac_sa	NoncommutativeGeometry.lean	42
2208	theorem	commutator_bounded_proxy	NoncommutativeGeometry.lean	47
2209	theorem	dim_spectrum_proxy	NoncommutativeGeometry.lean	55
2210	def	nc_torus_relation	NoncommutativeGeometry.lean	61
2211	theorem	rotation_algebra_proxy	NoncommutativeGeometry.lean	64
2212	theorem	irrational_rotation_proxy	NoncommutativeGeometry.lean	68
2213	def	is_projection	NoncommutativeGeometry.lean	74
2214	theorem	zero_projection	NoncommutativeGeometry.lean	78
2215	theorem	identity_projection	NoncommutativeGeometry.lean	82
2216	theorem	K0_nonneg	NoncommutativeGeometry.lean	86
2217	def	is_unitary	NoncommutativeGeometry.lean	89
2218	theorem	identity_unitary	NoncommutativeGeometry.lean	93
2219	theorem	bott_periodicity_proxy	NoncommutativeGeometry.lean	97
2220	def	is_cyclic	NoncommutativeGeometry.lean	102
2221	theorem	trivial_cyclic	NoncommutativeGeometry.lean	106
2222	theorem	chern_char_proj_nonneg	NoncommutativeGeometry.lean	118
2223	theorem	connes_dist_nonneg	NoncommutativeGeometry.lean	145
2224	theorem	connes_dist_sym	NoncommutativeGeometry.lean	150
2225	theorem	connes_dist_triangle	NoncommutativeGeometry.lean	160
2226	theorem	moyal_reduces_to_pointwise	NoncommutativeGeometry.lean	177
2227	theorem	NC_coord_proxy	NoncommutativeGeometry.lean	182
2228	theorem	AS_index_proxy	NoncommutativeGeometry.lean	189
2229	theorem	fredholm_index_exists	NoncommutativeGeometry.lean	200
2230	theorem	local_index_proxy	NoncommutativeGeometry.lean	205
2231	inductive	Domain21	NoncommutativeGeometry.lean	210
2232	theorem	AWM_dirac_sa	NoncommutativeGeometry.lean	224
2233	theorem	AWM_frob_nonneg	NoncommutativeGeometry.lean	232
2234	theorem	AWM_identity_proj	NoncommutativeGeometry.lean	236
2235	theorem	AWM_identity_unitary	NoncommutativeGeometry.lean	240
2236	theorem	AWM_chern_nonneg	NoncommutativeGeometry.lean	244
2237	theorem	AWM_connes_nn	NoncommutativeGeometry.lean	249
2238	theorem	AWM_connes_sym	NoncommutativeGeometry.lean	254
2239	theorem	AWM_fredholm_exists	NoncommutativeGeometry.lean	260
2240	structure	NoncommutativeGeometryLock	NoncommutativeGeometry.lean	266
2241	def	NCGLock	NoncommutativeGeometry.lean	295
2242	theorem	nuclear_radius_nonneg	NuclearPhysics.lean	28
2243	theorem	nuclear_density_pos	NuclearPhysics.lean	40
2244	theorem	decay_law_pos	NuclearPhysics.lean	58
2245	theorem	decay_law_decreasing	NuclearPhysics.lean	65
2246	theorem	half_life_pos	NuclearPhysics.lean	82
2247	theorem	activity_nonneg	NuclearPhysics.lean	93
2248	def	is_exothermic	NuclearPhysics.lean	107
2249	theorem	Q_exothermic_proxy	NuclearPhysics.lean	109
2250	theorem	cross_section_nonneg	NuclearPhysics.lean	117
2251	theorem	coulomb_barrier_nonneg	NuclearPhysics.lean	126
2252	theorem	fission_energy_pos	NuclearPhysics.lean	148
2253	def	DT_fusion_energy_MeV	NuclearPhysics.lean	155
2254	theorem	DT_energy_pos	NuclearPhysics.lean	157
2255	theorem	lawson_nonneg	NuclearPhysics.lean	165
2256	theorem	critical_mass_pos	NuclearPhysics.lean	178
2257	def	is_magic_number	NuclearPhysics.lean	189
2258	theorem	two_is_magic	NuclearPhysics.lean	192
2259	theorem	eight_is_magic	NuclearPhysics.lean	195
2260	theorem	mass_energy_nonneg	NuclearPhysics.lean	214
2261	theorem	de_broglie_pos	NuclearPhysics.lean	224
2262	theorem	uncertainty_proxy	NuclearPhysics.lean	229
2263	theorem	resolution_nonneg	NuclearPhysics.lean	244
2264	theorem	efficiency_nonneg	NuclearPhysics.lean	255
2265	theorem	bragg_peak_nonneg	NuclearPhysics.lean	262
2266	theorem	dose_nonneg	NuclearPhysics.lean	274
2267	theorem	effective_dose_nonneg	NuclearPhysics.lean	283
2268	theorem	ALARA_proxy	NuclearPhysics.lean	288
2269	theorem	shielding_pos	NuclearPhysics.lean	296
2270	inductive	Domain21	NuclearPhysics.lean	306
2271	theorem	domain_radius_nonneg	NuclearPhysics.lean	318
2272	theorem	domain_decay_pos	NuclearPhysics.lean	325
2273	theorem	domain_half_life_pos	NuclearPhysics.lean	332
2274	theorem	domain_lawson_nonneg	NuclearPhysics.lean	339
2275	theorem	domain_mass_energy_nonneg	NuclearPhysics.lean	348
2276	theorem	domain_dose_nonneg	NuclearPhysics.lean	356
2277	theorem	domain_DT_pos	NuclearPhysics.lean	361
2278	structure	NuclearPhysicsLock	NuclearPhysics.lean	369
2279	def	NPLock	NuclearPhysics.lean	413
2280	theorem	prime_count_pos	NumberTheory.lean	11
2281	theorem	prime_count_monotone	NumberTheory.lean	14
2282	theorem	infinitely_many_primes	NumberTheory.lean	21
2283	theorem	prime_factorization	NumberTheory.lean	26
2284	theorem	unique_factorization	NumberTheory.lean	31
2285	def	twin_prime_pair	NumberTheory.lean	39
2286	theorem	twin_prime_exists	NumberTheory.lean	42
2287	def	goldbach_property	NumberTheory.lean	45
2288	theorem	goldbach_4	NumberTheory.lean	49
2289	theorem	goldbach_6	NumberTheory.lean	53
2290	def	mod_equiv	NumberTheory.lean	57
2291	theorem	mod_equiv_refl	NumberTheory.lean	59
2292	theorem	mod_equiv_symm	NumberTheory.lean	63
2293	theorem	mod_equiv_trans	NumberTheory.lean	68
2294	theorem	mod_equiv_add	NumberTheory.lean	75
2295	theorem	mod_equiv_mul	NumberTheory.lean	83
2296	theorem	wilson	NumberTheory.lean	93
2297	theorem	CRT	NumberTheory.lean	107
2298	theorem	legendre_values	NumberTheory.lean	124
2299	theorem	legendre_zero	NumberTheory.lean	131
2300	theorem	legendre_one	NumberTheory.lean	135
2301	theorem	euler_criterion_sign	NumberTheory.lean	144
2302	theorem	legendre_symbol_eq	NumberTheory.lean	151
2303	theorem	legendre_symbol_eq_neg	NumberTheory.lean	157
2304	theorem	not_exists_sq_mod	NumberTheory.lean	163
2305	theorem	QR_3_5	NumberTheory.lean	174
2306	theorem	QR_3_7	NumberTheory.lean	184
2307	theorem	QR_sign	NumberTheory.lean	194
2308	theorem	totient_prime	NumberTheory.lean	233
2309	theorem	totient_pos	NumberTheory.lean	255
2310	theorem	mobius_one	NumberTheory.lean	270
2311	theorem	mobius_prime	NumberTheory.lean	273
2312	theorem	divisor_sum_prime	NumberTheory.lean	292
2313	def	is_multiplicative	NumberTheory.lean	299
2314	theorem	mobius_sq_dvd_iff	NumberTheory.lean	303
2315	theorem	mobius_multiplicative	NumberTheory.lean	334
2316	structure	DirichletCharacter	NumberTheory.lean	373
2317	theorem	zeta_partial_pos	NumberTheory.lean	383
2318	theorem	euler_product_2	NumberTheory.lean	396
2319	def	is_algebraic_integer	NumberTheory.lean	403
2320	theorem	integers_are_algebraic	NumberTheory.lean	410
2321	theorem	sqrt2_algebraic	NumberTheory.lean	414
2322	theorem	algebraic_norm_pos	NumberTheory.lean	424
2323	theorem	quad_int_norm_mul	NumberTheory.lean	433
2324	theorem	p_adic_val_prime	NumberTheory.lean	445
2325	theorem	p_adic_val_mul	NumberTheory.lean	451
2326	theorem	p_adic_norm_pos	NumberTheory.lean	465
2327	theorem	PNT_approx_pos	NumberTheory.lean	474
2328	theorem	bertrand_postulate	NumberTheory.lean	482
2329	theorem	chebyshev_theta_pos	NumberTheory.lean	490
2330	theorem	von_mangoldt_prime	NumberTheory.lean	506
2331	theorem	von_mangoldt_nonneg	NumberTheory.lean	512
2332	inductive	Domain21	NumberTheory.lean	521
2333	def	domain_rank	NumberTheory.lean	530
2334	def	domain_index	NumberTheory.lean	554
2335	theorem	twenty_one_factored	NumberTheory.lean	556
2336	def	prime_domain	NumberTheory.lean	558
2337	theorem	domain_totient_val	NumberTheory.lean	564
2338	def	domain_mod_equiv	NumberTheory.lean	567
2339	theorem	domain_mod_refl	NumberTheory.lean	571
2340	theorem	margin_val_nonneg	NumberTheory.lean	580
2341	def	system_divisible	NumberTheory.lean	586
2342	theorem	system_divisible_one	NumberTheory.lean	590
2343	def	prime_resonant	NumberTheory.lean	595
2344	theorem	prime_resonant_ge_two	NumberTheory.lean	598
2345	theorem	domain_mangoldt_nonneg	NumberTheory.lean	609
2346	structure	NumberTheoryLock	NumberTheory.lean	616
2347	def	NTLock	NumberTheory.lean	666
2348	def	core_primes	NumberTheoryCore.lean	13
2349	theorem	seven_prime	NumberTheoryCore.lean	15
2350	theorem	eleven_prime	NumberTheoryCore.lean	16
2351	theorem	thirteen_prime	NumberTheoryCore.lean	17
2352	theorem	twenty_three_prime	NumberTheoryCore.lean	18
2353	theorem	fifty_three_prime	NumberTheoryCore.lean	19
2354	theorem	one_thirty_seven_prime	NumberTheoryCore.lean	20
2355	theorem	all_core_primes_prime	NumberTheoryCore.lean	22
2356	theorem	core_primes_card	NumberTheoryCore.lean	26
2357	theorem	seven_times_eleven	NumberTheoryCore.lean	30
2358	theorem	core_prime_sum	NumberTheoryCore.lean	32
2359	theorem	core_primes_odd	NumberTheoryCore.lean	36
2360	def	fib	NumberTheoryCore.lean	44
2361	theorem	fib_zero	NumberTheoryCore.lean	49
2362	theorem	fib_one	NumberTheoryCore.lean	50
2363	theorem	fib_two	NumberTheoryCore.lean	51
2364	theorem	fib_three	NumberTheoryCore.lean	52
2365	theorem	fib_four	NumberTheoryCore.lean	53
2366	theorem	fib_five	NumberTheoryCore.lean	54
2367	theorem	fib_six	NumberTheoryCore.lean	55
2368	theorem	fib_seven	NumberTheoryCore.lean	56
2369	theorem	fib_add	NumberTheoryCore.lean	58
2370	theorem	fib_pos	NumberTheoryCore.lean	61
2371	theorem	fib_monotone	NumberTheoryCore.lean	71
2372	theorem	fib_strict_mono	NumberTheoryCore.lean	79
2373	theorem	phi_pos	NumberTheoryCore.lean	97
2374	theorem	phi_gt_one	NumberTheoryCore.lean	103
2375	theorem	phi_sq	NumberTheoryCore.lean	111
2376	theorem	phi_satisfies_equation	NumberTheoryCore.lean	117
2377	theorem	psi_neg	NumberTheoryCore.lean	123
2378	theorem	phi_plus_psi	NumberTheoryCore.lean	131
2379	theorem	phi_times_psi	NumberTheoryCore.lean	134
2380	theorem	phi_minus_psi	NumberTheoryCore.lean	140
2381	theorem	gcd_dvd_both	NumberTheoryCore.lean	147
2382	theorem	coprime_iff_gcd_one	NumberTheoryCore.lean	151
2383	theorem	wilson	NumberTheoryCore.lean	154
2384	def	prime_gap	NumberTheoryCore.lean	163
2385	theorem	gap_7_11	NumberTheoryCore.lean	167
2386	theorem	bertrand	NumberTheoryCore.lean	172
2387	theorem	large_prime_gaps	NumberTheoryCore.lean	176
2388	def	arith_prog	NumberTheoryCore.lean	200
2389	theorem	AP_diff	NumberTheoryCore.lean	202
2390	theorem	triangular_two_dvd	NumberTheoryCore.lean	208
2391	theorem	AP_sum	NumberTheoryCore.lean	213
2392	theorem	primes_in_AP_1_4	NumberTheoryCore.lean	245
2393	theorem	primes_in_AP_3_4	NumberTheoryCore.lean	249
2394	def	is_perfect	NumberTheoryCore.lean	257
2395	theorem	six_perfect	NumberTheoryCore.lean	260
2396	theorem	twenty_eight_perfect	NumberTheoryCore.lean	263
2397	def	mersenne	NumberTheoryCore.lean	266
2398	theorem	mersenne_2	NumberTheoryCore.lean	268
2399	theorem	mersenne_3	NumberTheoryCore.lean	271
2400	theorem	mersenne_5	NumberTheoryCore.lean	274
2401	theorem	mersenne_prime_2	NumberTheoryCore.lean	277
2402	theorem	mersenne_prime_3	NumberTheoryCore.lean	280
2403	theorem	triangular_formula	NumberTheoryCore.lean	286
2404	theorem	triangular_succ	NumberTheoryCore.lean	292
2405	theorem	ninety_eight_factored	NumberTheoryCore.lean	303
2406	theorem	ninety_eight_prime_factors	NumberTheoryCore.lean	306
2407	theorem	twenty_one_factored	NumberTheoryCore.lean	309
2408	theorem	twenty_one_divisors	NumberTheoryCore.lean	312
2409	theorem	digit_sum_21	NumberTheoryCore.lean	316
2410	theorem	seven_is_fourth_prime	NumberTheoryCore.lean	318
2411	theorem	seven_coprime_eleven	NumberTheoryCore.lean	322
2412	theorem	seven_coprime_thirteen	NumberTheoryCore.lean	325
2413	theorem	eleven_coprime_thirteen	NumberTheoryCore.lean	328
2414	inductive	Domain21	NumberTheoryCore.lean	335
2415	theorem	domain_count_factored	NumberTheoryCore.lean	344
2416	theorem	domain_fib_positive	NumberTheoryCore.lean	361
2417	def	domains_coprime	NumberTheoryCore.lean	366
2418	theorem	phi_margin_implies_positive	NumberTheoryCore.lean	374
2419	def	is_core_prime_resonant	NumberTheoryCore.lean	379
2420	theorem	seven_resonant	NumberTheoryCore.lean	382
2421	theorem	domain_mod7_lt	NumberTheoryCore.lean	389
2422	theorem	system_prime_signature_pos	NumberTheoryCore.lean	396
2423	structure	NumberTheoryCoreLock	NumberTheoryCore.lean	404
2424	def	NTCLock	NumberTheoryCore.lean	434
2425	def	abs_error	NumericalAnalysis.lean	7
2426	theorem	abs_error_nonneg	NumericalAnalysis.lean	10
2427	theorem	abs_error_zero	NumericalAnalysis.lean	15
2428	theorem	rel_error_nonneg	NumericalAnalysis.lean	24
2429	theorem	error_triangle	NumericalAnalysis.lean	29
2430	theorem	machine_eps_pos	NumericalAnalysis.lean	41
2431	theorem	bisection_in_interval	NumericalAnalysis.lean	48
2432	theorem	bisection_error	NumericalAnalysis.lean	55
2433	theorem	newton_step_defined	NumericalAnalysis.lean	67
2434	theorem	fixed_point_contraction	NumericalAnalysis.lean	73
2435	theorem	riemann_sum_nonneg	NumericalAnalysis.lean	87
2436	theorem	trapezoid_nonneg	NumericalAnalysis.lean	118
2437	theorem	simpsons_nonneg	NumericalAnalysis.lean	140
2438	theorem	lerp_at_x0	NumericalAnalysis.lean	154
2439	theorem	lerp_at_x1	NumericalAnalysis.lean	159
2440	theorem	interp_error_nonneg	NumericalAnalysis.lean	173
2441	theorem	gauss_elim_nonneg	NumericalAnalysis.lean	178
2442	theorem	LU_error_nonneg	NumericalAnalysis.lean	181
2443	theorem	condition_number_ge_one	NumericalAnalysis.lean	190
2444	theorem	power_iter_nonneg	NumericalAnalysis.lean	200
2445	theorem	euler_step_linear	NumericalAnalysis.lean	209
2446	theorem	RK4_reduces_to_euler	NumericalAnalysis.lean	227
2447	theorem	ODE_error_nonneg	NumericalAnalysis.lean	235
2448	theorem	grad_descent_fixed_point	NumericalAnalysis.lean	246
2449	theorem	grad_descent_rate	NumericalAnalysis.lean	252
2450	theorem	newton_conv_proxy	NumericalAnalysis.lean	259
2451	theorem	CG_nonneg	NumericalAnalysis.lean	263
2452	def	vonNeumann_stable	NumericalAnalysis.lean	266
2453	theorem	stable_implies_bounded	NumericalAnalysis.lean	269
2454	def	CFL_condition	NumericalAnalysis.lean	276
2455	theorem	CFL_nonneg	NumericalAnalysis.lean	280
2456	theorem	lax_equiv_proxy	NumericalAnalysis.lean	286
2457	inductive	Domain21	NumericalAnalysis.lean	291
2458	theorem	domain_euler_nonneg	NumericalAnalysis.lean	312
2459	theorem	domain_cond_pos	NumericalAnalysis.lean	325
2460	theorem	domain_stable	NumericalAnalysis.lean	330
2461	theorem	domain_error_nonneg	NumericalAnalysis.lean	335
2462	structure	NumericalAnalysisLock	NumericalAnalysis.lean	339
2463	def	NALock	NumericalAnalysis.lean	380
2464	structure	BoundedOperator	OperatorTheory.lean	8
2465	theorem	bounded_op_exists	OperatorTheory.lean	17
2466	theorem	op_norm_nonneg	OperatorTheory.lean	52
2467	theorem	op_norm_zero_iff	OperatorTheory.lean	57
2468	def	in_spectrum	OperatorTheory.lean	64
2469	theorem	spectrum_of_zero	OperatorTheory.lean	69
2470	theorem	spectral_radius_nonneg	OperatorTheory.lean	81
2471	def	resolvent_set	OperatorTheory.lean	90
2472	theorem	resolvent_nonempty	OperatorTheory.lean	95
2473	def	is_self_adjoint	OperatorTheory.lean	100
2474	theorem	self_adjoint_real_spectrum	OperatorTheory.lean	104
2475	theorem	self_adjoint_trace_real	OperatorTheory.lean	110
2476	def	is_PSD	OperatorTheory.lean	116
2477	theorem	PSD_trace_nonneg	OperatorTheory.lean	122
2478	def	is_finite_rank	OperatorTheory.lean	137
2479	theorem	zero_finite_rank	OperatorTheory.lean	141
2480	theorem	HS_norm_nonneg	OperatorTheory.lean	152
2481	theorem	op_norm_eq_HS_norm	OperatorTheory.lean	157
2482	theorem	HS_norm_le_op_norm	OperatorTheory.lean	171
2483	theorem	spectral_decomp_proxy	OperatorTheory.lean	177
2484	theorem	func_calc_nonneg	OperatorTheory.lean	190
2485	theorem	trace_func_calc	OperatorTheory.lean	201
2486	structure	OpSemigroup	OperatorTheory.lean	209
2487	theorem	semigroup_zero	OperatorTheory.lean	214
2488	theorem	semigroup_add	OperatorTheory.lean	218
2489	theorem	generator_at_zero	OperatorTheory.lean	228
2490	def	fredholm_index	OperatorTheory.lean	233
2491	theorem	fredholm_index_finite	OperatorTheory.lean	236
2492	theorem	atkinson_proxy	OperatorTheory.lean	241
2493	theorem	cstar_identity	OperatorTheory.lean	245
2494	theorem	vna_trace_nonneg	OperatorTheory.lean	250
2495	theorem	GNS_proxy	OperatorTheory.lean	256
2496	inductive	Domain21	OperatorTheory.lean	259
2497	theorem	domain_operator_SA	OperatorTheory.lean	271
2498	theorem	domain_operator_PSD	OperatorTheory.lean	276
2499	theorem	domain_HS_nonneg	OperatorTheory.lean	293
2500	theorem	domain_op_norm_nonneg	OperatorTheory.lean	300
2501	theorem	domain_sg_zero	OperatorTheory.lean	311
2502	theorem	domain_spectral_nonneg	OperatorTheory.lean	318
2503	theorem	domain_func_calc_nonneg	OperatorTheory.lean	322
2504	structure	OperatorTheoryLock	OperatorTheory.lean	328
2505	def	OTLock	OperatorTheory.lean	375
2506	def	snells_law	Optics.lean	11
2507	def	thin_lens	Optics.lean	18
2508	theorem	refractive_index_pos	Optics.lean	25
2509	theorem	wave_bounded	Optics.lean	37
2510	theorem	intensity_nonneg	Optics.lean	53
2511	def	constructive	Optics.lean	70
2512	def	destructive	Optics.lean	74
2513	theorem	fringe_spacing_pos	Optics.lean	83
2514	theorem	single_slit_nonneg	Optics.lean	101
2515	theorem	rayleigh_pos	Optics.lean	113
2516	theorem	malus_nonneg	Optics.lean	128
2517	theorem	malus_le_I0	Optics.lean	134
2518	theorem	einstein_A_nonneg	Optics.lean	153
2519	def	population_inversion	Optics.lean	156
2520	theorem	laser_threshold_proxy	Optics.lean	159
2521	theorem	coherence_nonneg	Optics.lean	167
2522	theorem	NA_nonneg	Optics.lean	183
2523	theorem	acceptance_angle_nonneg	Optics.lean	189
2524	theorem	attenuation_pos	Optics.lean	197
2525	theorem	photon_energy_pos	Optics.lean	211
2526	theorem	photon_momentum_pos	Optics.lean	221
2527	theorem	squeezed_light_proxy	Optics.lean	227
2528	inductive	Domain21	Optics.lean	234
2529	theorem	domain_intensity_nonneg	Optics.lean	246
2530	theorem	domain_fringe_pos	Optics.lean	255
2531	theorem	domain_malus_nonneg	Optics.lean	263
2532	theorem	domain_photon_pos	Optics.lean	271
2533	theorem	domain_coherence_nonneg	Optics.lean	280
2534	theorem	NA_input_lt	Optics.lean	285
2535	theorem	domain_NA_nonneg	Optics.lean	290
2536	structure	OpticsLock	Optics.lean	298
2537	def	OLock	Optics.lean	340
2538	theorem	pontryagin_H_affine_in_p	OptimalControl.lean	11
2539	theorem	pontryagin_H_zero_cost	OptimalControl.lean	16
2540	def	satisfies_maximum_principle	OptimalControl.lean	24
2541	theorem	max_principle_at_optimum	OptimalControl.lean	27
2542	theorem	LQR_cost_nonneg	OptimalControl.lean	36
2543	theorem	LQR_cost_zero_iff	OptimalControl.lean	40
2544	theorem	LQR_cost_symmetric	OptimalControl.lean	55
2545	theorem	LQR_cost_quadratic_scaling	OptimalControl.lean	58
2546	theorem	riccati_feedback_neg	OptimalControl.lean	67
2547	theorem	riccati_feedback_zero_at_equilibrium	OptimalControl.lean	73
2548	theorem	closed_loop_stable	OptimalControl.lean	79
2549	theorem	bellman_principle	OptimalControl.lean	91
2550	theorem	bellman_nonneg_stage	OptimalControl.lean	94
2551	theorem	value_function_lyapunov	OptimalControl.lean	98
2552	theorem	HJB_nonneg_at_min	OptimalControl.lean	107
2553	def	satisfies_HJB	OptimalControl.lean	111
2554	def	terminal_transversality	OptimalControl.lean	117
2555	theorem	transversality_free_endpoint	OptimalControl.lean	119
2556	theorem	transversality_fixed_endpoint	OptimalControl.lean	120
2557	theorem	discrete_bellman_nonneg	OptimalControl.lean	127
2558	theorem	accumulated_cost_nonneg	OptimalControl.lean	134
2559	inductive	Domain21	OptimalControl.lean	141
2560	structure	DomainControlWeights	OptimalControl.lean	147
2561	theorem	system_LQR_cost_nonneg	OptimalControl.lean	156
2562	theorem	system_LQR_zero_at_rest	OptimalControl.lean	161
2563	structure	OptimalControlLock	OptimalControl.lean	164
2564	def	OCLock	OptimalControl.lean	171
2565	theorem	transport_cost_nonneg	OptimalTransport.lean	13
2566	theorem	sq_cost_nonneg	OptimalTransport.lean	27
2567	theorem	sq_cost_zero_iff	OptimalTransport.lean	30
2568	theorem	sq_cost_symm	OptimalTransport.lean	37
2569	theorem	l1_cost_nonneg	OptimalTransport.lean	44
2570	theorem	l1_cost_zero_iff	OptimalTransport.lean	47
2571	theorem	l1_cost_triangle	OptimalTransport.lean	52
2572	structure	TransportPlan	OptimalTransport.lean	57
2573	theorem	plan_mass_conserved	OptimalTransport.lean	67
2574	theorem	plan_total_mass_pos	OptimalTransport.lean	80
2575	theorem	wasserstein1_nonneg	OptimalTransport.lean	94
2576	theorem	wasserstein1_symm	OptimalTransport.lean	102
2577	theorem	wasserstein2_cauchy_schwarz_bound	OptimalTransport.lean	111
2578	structure	KantorovichPotentials	OptimalTransport.lean	124
2579	theorem	kantorovich_weak_duality	OptimalTransport.lean	129
2580	def	symmetric_potentials	OptimalTransport.lean	135
2581	theorem	duality_gap_zero	OptimalTransport.lean	145
2582	structure	BrenierMap	OptimalTransport.lean	151
2583	theorem	brenier_potential_convex	OptimalTransport.lean	158
2584	theorem	brenier_gradient_monotone	OptimalTransport.lean	165
2585	theorem	identity_optimal_same_measure	OptimalTransport.lean	177
2586	theorem	sinkhorn_cost_ge_transport	OptimalTransport.lean	186
2587	theorem	kernel_entry_pos	OptimalTransport.lean	195
2588	theorem	kernel_entry_bounded	OptimalTransport.lean	200
2589	theorem	sinkhorn_contraction	OptimalTransport.lean	210
2590	theorem	mccann_at_zero	OptimalTransport.lean	219
2591	theorem	mccann_at_one	OptimalTransport.lean	223
2592	theorem	mccann_convex_in_t	OptimalTransport.lean	227
2593	theorem	geodesic_cost_convex	OptimalTransport.lean	232
2594	theorem	wasserstein_triangle	OptimalTransport.lean	239
2595	inductive	Domain21	OptimalTransport.lean	245
2596	structure	MarginDistribution	OptimalTransport.lean	254
2597	theorem	margin_dist_all_pos	OptimalTransport.lean	259
2598	theorem	margin_transport_nonneg	OptimalTransport.lean	270
2599	theorem	margin_transport_zero_same	OptimalTransport.lean	278
2600	theorem	margin_interpolation_pos	OptimalTransport.lean	291
2601	theorem	margin_wasserstein_nonneg	OptimalTransport.lean	315
2602	theorem	margin_wasserstein_zero_same	OptimalTransport.lean	320
2603	theorem	margin_wasserstein_symm	OptimalTransport.lean	326
2604	theorem	equalization_reduces_cost	OptimalTransport.lean	334
2605	def	is_1_lipschitz	OptimalTransport.lean	343
2606	theorem	id_is_1_lipschitz	OptimalTransport.lean	346
2607	theorem	const_1_lipschitz	OptimalTransport.lean	350
2608	theorem	lipschitz_contraction	OptimalTransport.lean	354
2609	theorem	KR_lower_bound	OptimalTransport.lean	367
2610	structure	OptimalTransportLock	OptimalTransport.lean	374
2611	def	OTLock	OptimalTransport.lean	408
2612	def	is_convex_set	OptimizationTheory.lean	11
2613	def	is_convex_fn	OptimizationTheory.lean	16
2614	theorem	sq_is_convex	OptimizationTheory.lean	21
2615	theorem	abs_is_convex	OptimizationTheory.lean	27
2616	def	epigraph	OptimizationTheory.lean	38
2617	theorem	epigraph_nonneg	OptimizationTheory.lean	41
2618	def	is_local_min	OptimizationTheory.lean	50
2619	def	is_global_min	OptimizationTheory.lean	53
2620	theorem	global_implies_local	OptimizationTheory.lean	56
2621	theorem	FONC_proxy	OptimizationTheory.lean	61
2622	theorem	GD_convergence_proxy	OptimizationTheory.lean	65
2623	theorem	KKT_proxy	OptimizationTheory.lean	74
2624	theorem	lagrangian_linear_lambda	OptimizationTheory.lean	82
2625	theorem	slater_proxy	OptimizationTheory.lean	90
2626	theorem	LP_feasible_nonneg	OptimizationTheory.lean	97
2627	theorem	LP_weak_duality	OptimizationTheory.lean	106
2628	theorem	simplex_proxy	OptimizationTheory.lean	116
2629	theorem	LP_strong_duality_proxy	OptimizationTheory.lean	119
2630	def	is_PSD	OptimizationTheory.lean	126
2631	theorem	identity_PSD	OptimizationTheory.lean	131
2632	theorem	SDP_obj_nonneg	OptimizationTheory.lean	140
2633	def	integer_feasible	OptimizationTheory.lean	149
2634	theorem	zero_integer_feasible	OptimizationTheory.lean	153
2635	theorem	branch_bound_proxy	OptimizationTheory.lean	157
2636	theorem	cutting_plane_proxy	OptimizationTheory.lean	160
2637	theorem	newton_conv_proxy	OptimizationTheory.lean	167
2638	theorem	trust_region_nonneg	OptimizationTheory.lean	171
2639	theorem	CG_nonneg	OptimizationTheory.lean	175
2640	theorem	BFGS_proxy	OptimizationTheory.lean	178
2641	def	pareto_dominates	OptimizationTheory.lean	185
2642	theorem	pareto_front_nonneg	OptimizationTheory.lean	189
2643	theorem	scalarization_nonneg	OptimizationTheory.lean	198
2644	inductive	Domain21	OptimizationTheory.lean	211
2645	theorem	domain_sq_convex	OptimizationTheory.lean	220
2646	theorem	domain_sq_global_min	OptimizationTheory.lean	224
2647	theorem	domain_LP_nonneg	OptimizationTheory.lean	231
2648	theorem	domain_PSD	OptimizationTheory.lean	237
2649	theorem	domain_scalar_nonneg	OptimizationTheory.lean	245
2650	theorem	domain_int_feasible	OptimizationTheory.lean	252
2651	structure	OptimizationTheoryLock	OptimizationTheory.lean	260
2652	def	OTLock	OptimizationTheory.lean	301
2653	structure	SealedDensityOperator	Optimus7.lean	18
2654	structure	SealedProjector	Optimus7.lean	24
2655	theorem	complete_self_adjoint_composition_seal	Optimus7.lean	29
2656	theorem	trace_imaginary_vanishing_seal	Optimus7.lean	36
2657	theorem	post_meas_op_sa	Optimus7.lean	73
2658	theorem	post_meas_op_pos	Optimus7.lean	77
2659	theorem	post_meas_op_trace_im	Optimus7.lean	90
2660	structure	UltimateAuditVector	Optimus7.lean	123
2661	def	execute_system_regrade	Optimus7.lean	130
2662	def	IsPositiveOp	Optimus7Quantum.lean	17
2663	structure	DensityOperator	Optimus7Quantum.lean	20
2664	theorem	densityOp_trace_pos	Optimus7Quantum.lean	25
2665	theorem	densityOp_sa	Optimus7Quantum.lean	29
2666	theorem	densityOp_fidelity_symm	Optimus7Quantum.lean	32
2667	theorem	densityOp_convex_trace	Optimus7Quantum.lean	37
2668	abbrev	Mat	Optimus7Quantum.lean	48
2669	structure	CPTP	Optimus7Quantum.lean	50
2670	def	cptp_map	Optimus7Quantum.lean	55
2671	theorem	cptp_trace_preserving	Optimus7Quantum.lean	58
2672	structure	UnitaryOperator	Optimus7Quantum.lean	75
2673	theorem	unitary_norm_one	Optimus7Quantum.lean	80
2674	def	unitaryCompose	Optimus7Quantum.lean	91
2675	theorem	trace_unitary_invariance	Optimus7Quantum.lean	118
2676	theorem	wigner_symmetry	Optimus7Quantum.lean	149
2677	structure	CertifiedKernel	Optimus7Quantum.lean	181
2678	def	certify	Optimus7Quantum.lean	194
2679	structure	QuantumAudit	Optimus7Quantum.lean	200
2680	def	quantum_audit	Optimus7Quantum.lean	210
2681	theorem	quantum_sovereign_sealed	Optimus7Quantum.lean	220
2682	theorem	quantum_kernel_certified	Optimus7Quantum.lean	221
2683	theorem	quantum_cptp_tp	Optimus7Quantum.lean	222
2684	theorem	quantum_cptp_cp	Optimus7Quantum.lean	223
2685	theorem	quantum_unitary_invariant	Optimus7Quantum.lean	224
2686	theorem	quantum_fidelity_symmetric	Optimus7Quantum.lean	225
2687	theorem	quantum_wigner_verified	Optimus7Quantum.lean	226
2688	theorem	quantum_density_sound	Optimus7Quantum.lean	227
2689	def	QuantumSystemLock	Optimus7Quantum.lean	229
2690	structure	PartialOrder	OrderTheory.lean	11
2691	theorem	PO_refl	OrderTheory.lean	17
2692	theorem	PO_trans	OrderTheory.lean	21
2693	def	nat_PO	OrderTheory.lean	26
2694	structure	Lattice	OrderTheory.lean	36
2695	def	has_ACC	OrderTheory.lean	73
2696	theorem	noetherian_proxy	OrderTheory.lean	80
2697	theorem	tarski_fixed_point	OrderTheory.lean	87
2698	theorem	KT_proxy	OrderTheory.lean	110
2699	def	is_galois_connection	OrderTheory.lean	117
2700	def	is_closure_op	OrderTheory.lean	123
2701	theorem	identity_closure	OrderTheory.lean	130
2702	def	is_scott_continuous	OrderTheory.lean	140
2703	theorem	id_scott_continuous	OrderTheory.lean	145
2704	theorem	DCPO_proxy	OrderTheory.lean	149
2705	theorem	lfp_exists	OrderTheory.lean	152
2706	theorem	fin_well_order	OrderTheory.lean	163
2707	theorem	ordinal_add_comm	OrderTheory.lean	170
2708	theorem	order_topology_proxy	OrderTheory.lean	177
2709	theorem	interval_nonneg	OrderTheory.lean	180
2710	theorem	dedekind_proxy	OrderTheory.lean	184
2711	inductive	Domain21	OrderTheory.lean	191
2712	def	domain_rank	OrderTheory.lean	200
2713	def	domain_le	OrderTheory.lean	223
2714	theorem	domain_le_refl	OrderTheory.lean	226
2715	theorem	domain_le_antisym	OrderTheory.lean	230
2716	theorem	domain_le_trans	OrderTheory.lean	239
2717	def	domain_PO	OrderTheory.lean	246
2718	theorem	domain_min_exists	OrderTheory.lean	252
2719	def	domain_closure	OrderTheory.lean	258
2720	theorem	domain_closure_extensive	OrderTheory.lean	262
2721	theorem	domain_tarski	OrderTheory.lean	267
2722	theorem	domain_galois_proxy	OrderTheory.lean	274
2723	structure	OrderTheoryLock	OrderTheory.lean	286
2724	def	OTLock	OrderTheory.lean	342
2725	structure	SecondOrderPDE	PartialDifferentialEquations.lean	7
2726	def	discriminant	PartialDifferentialEquations.lean	12
2727	def	is_elliptic	PartialDifferentialEquations.lean	15
2728	def	is_parabolic	PartialDifferentialEquations.lean	18
2729	def	is_hyperbolic	PartialDifferentialEquations.lean	21
2730	def	laplace_pde	PartialDifferentialEquations.lean	24
2731	theorem	laplace_is_elliptic	PartialDifferentialEquations.lean	27
2732	def	heat_pde	PartialDifferentialEquations.lean	32
2733	theorem	heat_is_parabolic	PartialDifferentialEquations.lean	35
2734	def	wave_pde	PartialDifferentialEquations.lean	40
2735	theorem	wave_is_hyperbolic	PartialDifferentialEquations.lean	43
2736	theorem	heat_kernel_pos	PartialDifferentialEquations.lean	53
2737	theorem	heat_kernel_integral_proxy	PartialDifferentialEquations.lean	61
2738	theorem	heat_max_principle	PartialDifferentialEquations.lean	65
2739	theorem	heat_energy_decreasing	PartialDifferentialEquations.lean	72
2740	theorem	dalembert_at_zero	PartialDifferentialEquations.lean	82
2741	theorem	wave_energy_nonneg	PartialDifferentialEquations.lean	93
2742	theorem	wave_speed_pos	PartialDifferentialEquations.lean	101
2743	theorem	disc_mean_value	PartialDifferentialEquations.lean	110
2744	theorem	green_nonneg	PartialDifferentialEquations.lean	121
2745	theorem	sobolev_norm_nonneg	PartialDifferentialEquations.lean	132
2746	theorem	poincare_proxy	PartialDifferentialEquations.lean	137
2747	theorem	lax_milgram_proxy	PartialDifferentialEquations.lean	146
2748	theorem	elliptic_regularity_proxy	PartialDifferentialEquations.lean	151
2749	theorem	schauder_nonneg	PartialDifferentialEquations.lean	156
2750	theorem	DGN_moser_proxy	PartialDifferentialEquations.lean	160
2751	def	satisfies_entropy	PartialDifferentialEquations.lean	165
2752	theorem	entropy_nonneg	PartialDifferentialEquations.lean	170
2753	theorem	shock_speed_finite	PartialDifferentialEquations.lean	181
2754	structure	C0Semigroup	PartialDifferentialEquations.lean	187
2755	theorem	semigroup_zero	PartialDifferentialEquations.lean	193
2756	theorem	semigroup_add	PartialDifferentialEquations.lean	197
2757	theorem	hille_yosida_proxy	PartialDifferentialEquations.lean	202
2758	theorem	exp_decay_semigroup	PartialDifferentialEquations.lean	206
2759	inductive	Domain21	PartialDifferentialEquations.lean	214
2760	def	domain_rank	PartialDifferentialEquations.lean	223
2761	theorem	domain_heat_kernel_pos	PartialDifferentialEquations.lean	251
2762	theorem	domain_wave_energy_nonneg	PartialDifferentialEquations.lean	261
2763	theorem	domain_sobolev_nonneg	PartialDifferentialEquations.lean	272
2764	theorem	domain_sg_zero	PartialDifferentialEquations.lean	283
2765	theorem	domain_elliptic	PartialDifferentialEquations.lean	287
2766	structure	PDELock	PartialDifferentialEquations.lean	291
2767	def	PDELk	PartialDifferentialEquations.lean	322
2768	theorem	order_parameter_nonneg	PhaseTransitions.lean	17
2769	theorem	order_parameter_zero_disordered	PhaseTransitions.lean	21
2770	theorem	order_parameter_pos_ordered	PhaseTransitions.lean	25
2771	theorem	susceptibility_pos	PhaseTransitions.lean	34
2772	def	second_order_transition	PhaseTransitions.lean	39
2773	def	first_order_transition	PhaseTransitions.lean	46
2774	theorem	first_order_discontinuous	PhaseTransitions.lean	51
2775	theorem	landau_nonneg_high_T	PhaseTransitions.lean	67
2776	theorem	landau_symmetric	PhaseTransitions.lean	72
2777	theorem	landau_minimum_origin	PhaseTransitions.lean	78
2778	theorem	landau_broken_minima	PhaseTransitions.lean	85
2779	theorem	a_positive_above_Tc	PhaseTransitions.lean	101
2780	theorem	a_negative_below_Tc	PhaseTransitions.lean	106
2781	structure	CriticalExponents	PhaseTransitions.lean	117
2782	theorem	order_param_pos	PhaseTransitions.lean	134
2783	theorem	order_param_vanishes	PhaseTransitions.lean	141
2784	def	rushbrooke_holds	PhaseTransitions.lean	164
2785	def	fisher_holds	PhaseTransitions.lean	168
2786	def	widom_holds	PhaseTransitions.lean	172
2787	theorem	widom_delta_gt_one	PhaseTransitions.lean	175
2788	def	mean_field_exponents	PhaseTransitions.lean	184
2789	theorem	mean_field_rushbrooke	PhaseTransitions.lean	195
2790	theorem	mean_field_widom	PhaseTransitions.lean	199
2791	theorem	correlation_length_pos	PhaseTransitions.lean	212
2792	theorem	correlation_diverges	PhaseTransitions.lean	219
2793	theorem	two_point_pos	PhaseTransitions.lean	250
2794	theorem	correlation_exponential_decay	PhaseTransitions.lean	257
2795	theorem	RG_flow_pos	PhaseTransitions.lean	282
2796	theorem	relevant_grows_under_RG	PhaseTransitions.lean	289
2797	theorem	irrelevant_decays_under_RG	PhaseTransitions.lean	300
2798	def	same_universality_class	PhaseTransitions.lean	311
2799	theorem	universality_reflexive	PhaseTransitions.lean	317
2800	theorem	universality_symmetric	PhaseTransitions.lean	322
2801	theorem	specific_heat_pos	PhaseTransitions.lean	337
2802	theorem	fluctuation_dissipation	PhaseTransitions.lean	344
2803	theorem	specific_heat_diverges	PhaseTransitions.lean	350
2804	theorem	FSS_pos	PhaseTransitions.lean	385
2805	theorem	binder_universal	PhaseTransitions.lean	398
2806	theorem	vortex_FE_sign	PhaseTransitions.lean	413
2807	theorem	KT_temperature	PhaseTransitions.lean	435
2808	inductive	Domain21	PhaseTransitions.lean	444
2809	structure	DomainOrderParameter	PhaseTransitions.lean	454
2810	def	system_ordered	PhaseTransitions.lean	462
2811	theorem	high_T_disordered	PhaseTransitions.lean	480
2812	def	phase_coherent	PhaseTransitions.lean	492
2813	theorem	critical_governance	PhaseTransitions.lean	497
2814	theorem	symmetry_restored_above_Tc	PhaseTransitions.lean	505
2815	structure	PhaseTransitionsLock	PhaseTransitions.lean	516
2816	def	PTLock	PhaseTransitions.lean	552
2817	structure	EnergyTriad	PhysicsCore.lean	20
2818	def	EnergyTriad.total	PhysicsCore.lean	28
2819	theorem	EnergyTriad.total_nonneg	PhysicsCore.lean	31
2820	def	LawsonBound	PhysicsCore.lean	41
2821	def	triple_product	PhysicsCore.lean	44
2822	def	lawson_satisfied	PhysicsCore.lean	47
2823	theorem	triple_product_mono_n	PhysicsCore.lean	51
2824	theorem	lawson_density_monotone	PhysicsCore.lean	60
2825	def	NS_regular	PhysicsCore.lean	75
2826	structure	AlfvenicConfig	PhysicsCore.lean	79
2827	theorem	alfven_velocity_pos	PhysicsCore.lean	92
2828	theorem	drag_nullification	PhysicsCore.lean	117
2829	theorem	lorentz_factor_at_rest	PhysicsCore.lean	136
2830	theorem	frame_dragging_bounded	PhysicsCore.lean	145
2831	structure	PlasmaState	PhysicsCore.lean	161
2832	def	divB_free	PhysicsCore.lean	178
2833	theorem	divB_correction_preserves	PhysicsCore.lean	182
2834	structure	PhysicsAuditVector	PhysicsCore.lean	200
2835	def	PhysicsCore_audit	PhysicsCore.lean	209
2836	theorem	physics_fully_sealed	PhysicsCore.lean	219
2837	theorem	debye_length_pos	PlasmaPhysics.lean	18
2838	theorem	plasma_freq_pos	PlasmaPhysics.lean	37
2839	theorem	debye_number_pos	PlasmaPhysics.lean	49
2840	theorem	magnetic_pressure_nonneg	PlasmaPhysics.lean	69
2841	theorem	plasma_beta_nonneg	PlasmaPhysics.lean	81
2842	theorem	alfven_nonneg	PlasmaPhysics.lean	95
2843	theorem	EM_dispersion_pos	PlasmaPhysics.lean	113
2844	theorem	langmuir_wave_nonneg	PlasmaPhysics.lean	124
2845	theorem	ion_acoustic_pos	PlasmaPhysics.lean	134
2846	theorem	cyclotron_pos	PlasmaPhysics.lean	153
2847	theorem	larmor_nonneg	PlasmaPhysics.lean	165
2848	theorem	ExB_finite	PlasmaPhysics.lean	178
2849	theorem	maxwellian_pos	PlasmaPhysics.lean	194
2850	theorem	boltzmann_eq_proxy	PlasmaPhysics.lean	206
2851	theorem	landau_damping_proxy	PlasmaPhysics.lean	209
2852	theorem	lawson_nonneg	PlasmaPhysics.lean	221
2853	theorem	safety_factor_pos	PlasmaPhysics.lean	228
2854	theorem	grad_shafranov_proxy	PlasmaPhysics.lean	231
2855	theorem	growth_rate_nonneg	PlasmaPhysics.lean	238
2856	theorem	RT_instability_proxy	PlasmaPhysics.lean	242
2857	theorem	KH_proxy	PlasmaPhysics.lean	246
2858	theorem	reconnection_nonneg	PlasmaPhysics.lean	253
2859	theorem	SP_rate_nonneg	PlasmaPhysics.lean	261
2860	theorem	plasma_cascade_nonneg	PlasmaPhysics.lean	269
2861	inductive	Domain21	PlasmaPhysics.lean	276
2862	theorem	domain_debye_pos	PlasmaPhysics.lean	290
2863	theorem	domain_wp_pos	PlasmaPhysics.lean	301
2864	theorem	domain_alfven_nonneg	PlasmaPhysics.lean	311
2865	theorem	domain_maxwellian_pos	PlasmaPhysics.lean	320
2866	theorem	domain_lawson_nonneg	PlasmaPhysics.lean	328
2867	theorem	domain_mag_pressure_nonneg	PlasmaPhysics.lean	336
2868	structure	PlasmaPhysicsLock	PlasmaPhysics.lean	344
2869	def	PPLock	PlasmaPhysics.lean	389
2870	theorem	tier1_convergence	PrimeMasterEngine.lean	38
2871	theorem	tier1_contraction	PrimeMasterEngine.lean	43
2872	theorem	tier2_banach	PrimeMasterEngine.lean	51
2873	theorem	tier3_breach_halts	PrimeMasterEngine.lean	60
2874	theorem	tier3_unification	PrimeMasterEngine.lean	65
2875	theorem	tier4_safety	PrimeMasterEngine.lean	74
2876	theorem	tier4_tolerance	PrimeMasterEngine.lean	79
2877	theorem	tier5_closure	PrimeMasterEngine.lean	87
2878	theorem	tier6_bottleneck	PrimeMasterEngine.lean	94
2879	theorem	tier6_gate	PrimeMasterEngine.lean	100
2880	theorem	tier7_equilibrium	PrimeMasterEngine.lean	107
2881	theorem	tier7_potential_zero_iff	PrimeMasterEngine.lean	115
2882	theorem	tier8_domains_complete	PrimeMasterEngine.lean	124
2883	theorem	tier8_priority_injective	PrimeMasterEngine.lean	128
2884	theorem	tier8_dependency_wf	PrimeMasterEngine.lean	132
2885	theorem	tier9_energy_nonneg	PrimeMasterEngine.lean	138
2886	theorem	tier9_squash_bounded	PrimeMasterEngine.lean	143
2887	theorem	tier10_projection_idempotent	PrimeMasterEngine.lean	150
2888	theorem	tier10_decoupling	PrimeMasterEngine.lean	155
2889	theorem	tier11_symplectic_antisymm	PrimeMasterEngine.lean	166
2890	theorem	tier11_energy_conservation	PrimeMasterEngine.lean	171
2891	theorem	tier11_lyapunov_zero_iff	PrimeMasterEngine.lean	176
2892	theorem	tier12_integrity_preserved	PrimeMasterEngine.lean	184
2893	theorem	tier12_governance_stricter	PrimeMasterEngine.lean	190
2894	theorem	tier13_trace_invariance	PrimeMasterEngine.lean	199
2895	theorem	tier14_composition_seal	PrimeMasterEngine.lean	207
2896	theorem	tier15_cptp_trace_preserving	PrimeMasterEngine.lean	222
2897	theorem	tier16_proj_spectrum	PrimeMasterEngine.lean	231
2898	theorem	tier17_lawson_monotone	PrimeMasterEngine.lean	242
2899	theorem	tier17_alfven_pos	PrimeMasterEngine.lean	249
2900	theorem	tier18_collision_force_nonneg	PrimeMasterEngine.lean	256
2901	theorem	tier18_coupling_symm	PrimeMasterEngine.lean	261
2902	theorem	tier18_displacement_scale	PrimeMasterEngine.lean	268
2903	theorem	tier19_op_count	PrimeMasterEngine.lean	276
2904	theorem	tier19_depth_le_size	PrimeMasterEngine.lean	280
2905	theorem	tier19_noncommutative	PrimeMasterEngine.lean	285
2906	theorem	tier20_synaptic_pos	PrimeMasterEngine.lean	296
2907	theorem	tier20_synaptic_symm	PrimeMasterEngine.lean	301
2908	theorem	tier20_cognitive_state_pos	PrimeMasterEngine.lean	307
2909	theorem	tier21_bottleneck	PrimeMasterEngine.lean	313
2910	theorem	tier21_system_valid	PrimeMasterEngine.lean	318
2911	structure	GoldenRatio	PrimeMasterEngine.lean	326
2912	def	canonical_	PrimeMasterEngine.lean	343
2913	inductive	IsingSpin	PrimeMasterEngine.lean	366
2914	def	ising_value	PrimeMasterEngine.lean	371
2915	theorem	ising_squared	PrimeMasterEngine.lean	375
2916	theorem	ising_nonzero	PrimeMasterEngine.lean	379
2917	theorem	ising_abs_one	PrimeMasterEngine.lean	383
2918	theorem	ising_product_sq_one	PrimeMasterEngine.lean	390
2919	theorem	ising_product_self_cancels	PrimeMasterEngine.lean	399
2920	def	is_contraction	PrimeMasterEngine.lean	406
2921	def	is_fixed_point	PrimeMasterEngine.lean	409
2922	theorem	contraction_fixed_point_unique	PrimeMasterEngine.lean	412
2923	theorem	contraction_iteration_bound	PrimeMasterEngine.lean	427
2924	structure	LyapunovState	PrimeMasterEngine.lean	446
2925	theorem	lyapunov_nonneg	PrimeMasterEngine.lean	455
2926	theorem	lyapunov_zero_iff	PrimeMasterEngine.lean	458
2927	theorem	lyapunov_strict_decrease	PrimeMasterEngine.lean	468
2928	structure	LagrangianState	PrimeMasterEngine.lean	481
2929	theorem	kinetic_nonneg	PrimeMasterEngine.lean	495
2930	theorem	potential_nonneg	PrimeMasterEngine.lean	499
2931	theorem	lagrangian_le_kinetic	PrimeMasterEngine.lean	503
2932	theorem	euler_lagrange_harmonic	PrimeMasterEngine.lean	507
2933	structure	PrimeMasterAudit	PrimeMasterEngine.lean	514
2934	def	prime_audit	PrimeMasterEngine.lean	543
2935	theorem	prime_master_sovereign	PrimeMasterEngine.lean	573
2936	structure	ProbSpace	ProbabilityTheory.lean	11
2937	theorem	prob_le_one	ProbabilityTheory.lean	17
2938	theorem	prob_nonneg	ProbabilityTheory.lean	25
2939	theorem	probs_sum_one	ProbabilityTheory.lean	30
2940	def	expectation	ProbabilityTheory.lean	39
2941	theorem	expectation_linear	ProbabilityTheory.lean	45
2942	theorem	expectation_nonneg	ProbabilityTheory.lean	58
2943	theorem	expectation_const_one	ProbabilityTheory.lean	67
2944	theorem	prob_variance_nonneg	ProbabilityTheory.lean	83
2945	theorem	prob_mgf_pos	ProbabilityTheory.lean	96
2946	def	independent	ProbabilityTheory.lean	119
2947	theorem	cond_prob_nonneg	ProbabilityTheory.lean	133
2948	theorem	bayes_proxy	ProbabilityTheory.lean	143
2949	theorem	WLLN_proxy	ProbabilityTheory.lean	158
2950	theorem	chebyshev	ProbabilityTheory.lean	168
2951	theorem	CLT_proxy	ProbabilityTheory.lean	195
2952	theorem	normal_pdf_pos	ProbabilityTheory.lean	210
2953	structure	MarkovChain	ProbabilityTheory.lean	225
2954	theorem	markov_trans_nonneg	ProbabilityTheory.lean	232
2955	theorem	markov_row_sum	ProbabilityTheory.lean	237
2956	def	is_stationary	ProbabilityTheory.lean	243
2957	def	detailed_balance	ProbabilityTheory.lean	251
2958	theorem	DB_implies_stationary	ProbabilityTheory.lean	257
2959	theorem	shannon_entropy_nonneg	ProbabilityTheory.lean	286
2960	inductive	Domain21	ProbabilityTheory.lean	316
2961	theorem	domain_prob_uniform	ProbabilityTheory.lean	333
2962	theorem	domain_expect_nn	ProbabilityTheory.lean	340
2963	theorem	domain_variance_nn	ProbabilityTheory.lean	350
2964	theorem	domain_entropy_nonneg	ProbabilityTheory.lean	358
2965	theorem	domain_markov_nn	ProbabilityTheory.lean	373
2966	structure	ProbabilityTheoryLock	ProbabilityTheory.lean	381
2967	def	PTLock	ProbabilityTheory.lean	417
2968	structure	DensityOperator	QuantumCore.lean	19
2969	theorem	density_trace_one	QuantumCore.lean	25
2970	theorem	sa_real_diagonal	QuantumCore.lean	28
2971	theorem	sa_real_linear	QuantumCore.lean	42
2972	theorem	sa_composition_seal	QuantumCore.lean	47
2973	structure	Projector	QuantumCore.lean	53
2974	theorem	proj_idempotent	QuantumCore.lean	58
2975	theorem	proj_spectrum	QuantumCore.lean	61
2976	theorem	meas_prob_cyclic	QuantumCore.lean	80
2977	theorem	post_meas_sa	QuantumCore.lean	119
2978	theorem	post_meas_pos	QuantumCore.lean	127
2979	structure	UnitaryOp	QuantumCore.lean	147
2980	axiom	MHD_Stable	QuantumCore.lean	152
2981	axiom	Unitary_Evolution	QuantumCore.lean	153
2982	axiom	unitary_of_mhd_stable	QuantumCore.lean	154
2983	theorem	unitary_trace_invariant	QuantumCore.lean	160
2984	theorem	unitary_preserves_sa	QuantumCore.lean	191
2985	def	is_pure_state	QuantumCore.lean	199
2986	theorem	pure_state_idempotent	QuantumCore.lean	202
2987	theorem	sa_trace_real	QuantumCore.lean	214
2988	theorem	sa_product_trace_real	QuantumCore.lean	235
2989	structure	QuantumAuditVector	QuantumCore.lean	267
2990	def	QuantumCore_audit	QuantumCore.lean	277
2991	theorem	quantum_apex_sealed	QuantumCore.lean	288
2992	def	pauli_commute	QuantumErrorCorrection.lean	7
2993	theorem	pauli_I_commutes_all	QuantumErrorCorrection.lean	17
2994	structure	StabilizerCode	QuantumErrorCorrection.lean	21
2995	theorem	code_parameters_valid	QuantumErrorCorrection.lean	32
2996	theorem	code_rate_pos	QuantumErrorCorrection.lean	43
2997	theorem	code_rate_lt_one	QuantumErrorCorrection.lean	51
2998	theorem	correction_capacity_lt_distance	QuantumErrorCorrection.lean	62
2999	theorem	logical_error_rate_pos	QuantumErrorCorrection.lean	71
3000	theorem	below_threshold_suppressed	QuantumErrorCorrection.lean	78
3001	theorem	logical_error_decreases_with_d	QuantumErrorCorrection.lean	88
3002	theorem	threshold_exists	QuantumErrorCorrection.lean	100
3003	def	steane_code	QuantumErrorCorrection.lean	104
3004	theorem	steane_rate	QuantumErrorCorrection.lean	115
3005	theorem	steane_corrects_one_error	QuantumErrorCorrection.lean	119
3006	theorem	steane_distance_three	QuantumErrorCorrection.lean	123
3007	theorem	steane_syndrome_bits	QuantumErrorCorrection.lean	126
3008	def	shor_code	QuantumErrorCorrection.lean	131
3009	theorem	shor_rate	QuantumErrorCorrection.lean	142
3010	theorem	shor_corrects_one_error	QuantumErrorCorrection.lean	146
3011	theorem	steane_better_rate	QuantumErrorCorrection.lean	150
3012	def	is_perfect_code	QuantumErrorCorrection.lean	154
3013	theorem	code_always_has_redundancy	QuantumErrorCorrection.lean	158
3014	def	is_transversal	QuantumErrorCorrection.lean	163
3015	theorem	CNOT_transversal	QuantumErrorCorrection.lean	166
3016	structure	SyndromeResult	QuantumErrorCorrection.lean	169
3017	theorem	error_correction_preserves	QuantumErrorCorrection.lean	174
3018	theorem	concatenated_suppression	QuantumErrorCorrection.lean	185
3019	structure	SurfaceCode	QuantumErrorCorrection.lean	202
3020	theorem	surface_code_distance_is_n	QuantumErrorCorrection.lean	206
3021	theorem	surface_code_scales	QuantumErrorCorrection.lean	209
3022	theorem	surface_code_high_threshold	QuantumErrorCorrection.lean	215
3023	def	surface_stabilizer_weight	QuantumErrorCorrection.lean	219
3024	theorem	surface_weight_constant	QuantumErrorCorrection.lean	221
3025	theorem	quantum_capacity_nonneg	QuantumErrorCorrection.lean	228
3026	theorem	erasure_capacity_pos	QuantumErrorCorrection.lean	236
3027	theorem	erasure_capacity_decreases	QuantumErrorCorrection.lean	241
3028	theorem	depolarizing_threshold	QuantumErrorCorrection.lean	246
3029	inductive	Domain21	QuantumErrorCorrection.lean	250
3030	structure	DomainQEC	QuantumErrorCorrection.lean	261
3031	theorem	all_domains_below_threshold	QuantumErrorCorrection.lean	269
3032	theorem	system_logical_error_pos	QuantumErrorCorrection.lean	280
3033	theorem	system_all_correctable	QuantumErrorCorrection.lean	291
3034	theorem	redundancy_exceeds_logical	QuantumErrorCorrection.lean	305
3035	theorem	protected_system_rate_pos	QuantumErrorCorrection.lean	311
3036	structure	QECLock	QuantumErrorCorrection.lean	316
3037	def	QECSystemLock	QuantumErrorCorrection.lean	345
3038	theorem	action_linear	QuantumFieldTheory.lean	18
3039	theorem	EL_proxy	QuantumFieldTheory.lean	25
3040	theorem	noether_proxy	QuantumFieldTheory.lean	29
3041	theorem	commutator_bound_proxy	QuantumFieldTheory.lean	35
3042	def	occupation_number	QuantumFieldTheory.lean	39
3043	theorem	occupation_nonneg	QuantumFieldTheory.lean	41
3044	theorem	creation_norm_pos	QuantumFieldTheory.lean	49
3045	theorem	annihilation_norm_pos	QuantumFieldTheory.lean	59
3046	theorem	ZPE_pos	QuantumFieldTheory.lean	68
3047	theorem	euclidean_Z_pos	QuantumFieldTheory.lean	83
3048	theorem	propagator_pos	QuantumFieldTheory.lean	96
3049	theorem	wick_rotation_proxy	QuantumFieldTheory.lean	101
3050	def	coupling_small	QuantumFieldTheory.lean	106
3051	theorem	perturbation_nonneg	QuantumFieldTheory.lean	114
3052	theorem	dyson_series_nonneg	QuantumFieldTheory.lean	123
3053	theorem	beta_neg_AF	QuantumFieldTheory.lean	140
3054	theorem	asymptotic_freedom_proxy	QuantumFieldTheory.lean	147
3055	theorem	dim_reg_proxy	QuantumFieldTheory.lean	153
3056	def	gauge_invariant	QuantumFieldTheory.lean	159
3057	theorem	YM_action_nonneg	QuantumFieldTheory.lean	168
3058	theorem	FP_det_proxy	QuantumFieldTheory.lean	177
3059	theorem	BRST_proxy	QuantumFieldTheory.lean	180
3060	def	SM_gauge_group_rank	QuantumFieldTheory.lean	185
3061	theorem	SM_rank_pos	QuantumFieldTheory.lean	187
3062	theorem	higgs_vev_pos	QuantumFieldTheory.lean	201
3063	theorem	W_mass_pos	QuantumFieldTheory.lean	213
3064	theorem	SUSY_algebra_proxy	QuantumFieldTheory.lean	220
3065	def	superpartner_mass	QuantumFieldTheory.lean	224
3066	theorem	superpartner_pos	QuantumFieldTheory.lean	226
3067	theorem	SUSY_scale_pos	QuantumFieldTheory.lean	233
3068	theorem	R_symmetry_proxy	QuantumFieldTheory.lean	238
3069	inductive	Domain21	QuantumFieldTheory.lean	243
3070	theorem	domain_Z_pos	QuantumFieldTheory.lean	256
3071	theorem	domain_prop_pos	QuantumFieldTheory.lean	264
3072	theorem	domain_YM_nonneg	QuantumFieldTheory.lean	272
3073	theorem	domain_ZPE_pos	QuantumFieldTheory.lean	280
3074	theorem	domain_vev_pos	QuantumFieldTheory.lean	287
3075	theorem	domain_beta_neg	QuantumFieldTheory.lean	291
3076	theorem	domain_perturbation_nonneg	QuantumFieldTheory.lean	299
3077	structure	QuantumFieldTheoryLock	QuantumFieldTheory.lean	306
3078	def	QFTLock	QuantumFieldTheory.lean	353
3079	structure	ADMDecomposition	QuantumGravity.lean	7
3080	theorem	ADM_lapse_positive	QuantumGravity.lean	18
3081	theorem	ADM_metric_symmetric	QuantumGravity.lean	22
3082	theorem	ADM_mass_positive	QuantumGravity.lean	32
3083	theorem	dewitt_metric_symm	QuantumGravity.lean	46
3084	theorem	wavefunction_pos	QuantumGravity.lean	59
3085	theorem	wavefunction_decays	QuantumGravity.lean	63
3086	theorem	HH_amplitude_pos	QuantumGravity.lean	74
3087	structure	AshtekarVariables	QuantumGravity.lean	78
3088	theorem	holonomy_pos	QuantumGravity.lean	87
3089	theorem	holonomy_multiplicative	QuantumGravity.lean	92
3090	structure	SpinNetwork	QuantumGravity.lean	99
3091	theorem	area_eigenvalue_nonneg	QuantumGravity.lean	111
3092	theorem	area_eigenvalue_pos	QuantumGravity.lean	120
3093	theorem	volume_eigenvalue_nonneg	QuantumGravity.lean	138
3094	theorem	area_spectrum_discrete	QuantumGravity.lean	149
3095	theorem	schwarzschild_pos	QuantumGravity.lean	185
3096	theorem	hawking_temp_pos	QuantumGravity.lean	198
3097	theorem	hawking_temp_decreases	QuantumGravity.lean	207
3098	theorem	BH_entropy_pos	QuantumGravity.lean	224
3099	theorem	BH_entropy_area_law	QuantumGravity.lean	229
3100	def	area_second_law	QuantumGravity.lean	237
3101	theorem	entropy_second_law	QuantumGravity.lean	241
3102	def	graviton_spin	QuantumGravity.lean	250
3103	theorem	graviton_propagator_pos	QuantumGravity.lean	256
3104	theorem	graviton_propagator_decreasing	QuantumGravity.lean	261
3105	theorem	newton_law_from_graviton	QuantumGravity.lean	269
3106	structure	FRWUniverse	QuantumGravity.lean	274
3107	theorem	flat_friedmann	QuantumGravity.lean	284
3108	theorem	deSitter_pos	QuantumGravity.lean	295
3109	theorem	deSitter_expanding	QuantumGravity.lean	301
3110	theorem	inflation_solves_horizon	QuantumGravity.lean	310
3111	theorem	planck_length_pos	QuantumGravity.lean	328
3112	theorem	planck_mass_pos	QuantumGravity.lean	342
3113	theorem	planck_energy_pos	QuantumGravity.lean	356
3114	theorem	GUP_ge_HUP	QuantumGravity.lean	372
3115	inductive	Domain21	QuantumGravity.lean	383
3116	structure	AWMSpinNetwork	QuantumGravity.lean	392
3117	theorem	domain_area_nonneg	QuantumGravity.lean	403
3118	theorem	AWM_total_area_nonneg	QuantumGravity.lean	419
3119	theorem	AWM_temp_pos	QuantumGravity.lean	443
3120	theorem	domain_universe_expanding	QuantumGravity.lean	457
3121	def	above_planck_scale	QuantumGravity.lean	464
3122	theorem	planck_above_implies_all_positive	QuantumGravity.lean	473
3123	structure	QuantumGravityLock	QuantumGravity.lean	485
3124	def	QGLock	QuantumGravity.lean	551
3125	def	valid_distribution	QuantumInformation.lean	11
3126	theorem	shannon_entropy_nonneg	QuantumInformation.lean	14
3127	theorem	shannon_entropy_max_uniform	QuantumInformation.lean	29
3128	theorem	joint_entropy_ge_marginal	QuantumInformation.lean	44
3129	def	subadditivity_satisfied	QuantumInformation.lean	50
3130	theorem	mutual_info_nonneg	QuantumInformation.lean	58
3131	theorem	mutual_info_symmetric	QuantumInformation.lean	65
3132	theorem	data_processing_inequality	QuantumInformation.lean	71
3133	theorem	vN_entropy_nonneg	QuantumInformation.lean	81
3134	theorem	vN_entropy_pure_state	QuantumInformation.lean	91
3135	theorem	vN_entropy_max_mixed	QuantumInformation.lean	95
3136	theorem	vN_concavity	QuantumInformation.lean	104
3137	theorem	holevo_chi_nonneg	QuantumInformation.lean	115
3138	theorem	capacity_nonneg	QuantumInformation.lean	123
3139	theorem	hashing_bound_nonneg	QuantumInformation.lean	131
3140	theorem	rel_entropy_zero_iff_equal	QuantumInformation.lean	146
3141	theorem	klein_inequality_2x2	QuantumInformation.lean	158
3142	def	strong_subadditivity_holds	QuantumInformation.lean	179
3143	theorem	SSA_implies_conditional_MI_nonneg	QuantumInformation.lean	183
3144	theorem	monotonicity_rel_entropy	QuantumInformation.lean	189
3145	theorem	quantum_cond_entropy_can_be_neg	QuantumInformation.lean	196
3146	theorem	entanglement_entropy_nonneg	QuantumInformation.lean	204
3147	theorem	product_state_zero_entanglement	QuantumInformation.lean	209
3148	theorem	max_entanglement_at_half	QuantumInformation.lean	213
3149	theorem	concurrence_nonneg	QuantumInformation.lean	221
3150	theorem	concurrence_zero_separable	QuantumInformation.lean	226
3151	theorem	EoF_zero_at_zero_concurrence	QuantumInformation.lean	237
3152	theorem	depolarizing_in_unit_interval	QuantumInformation.lean	251
3153	theorem	amplitude_damping_nonneg	QuantumInformation.lean	264
3154	theorem	amplitude_damping_decreases	QuantumInformation.lean	270
3155	theorem	phase_damping_magnitude_decreases	QuantumInformation.lean	280
3156	inductive	Domain21	QuantumInformation.lean	292
3157	structure	DomainInfoState	QuantumInformation.lean	301
3158	theorem	domain_entropy_nonneg	QuantumInformation.lean	311
3159	theorem	domain_max_entropy_bound	QuantumInformation.lean	326
3160	theorem	domain_MI_nonneg	QuantumInformation.lean	364
3161	theorem	domain_KL_nonneg	QuantumInformation.lean	378
3162	structure	QInfoLock	QuantumInformation.lean	413
3163	def	QILock	QuantumInformation.lean	450
3164	theorem	beta_one_loop_neg	RenormalizationGroup.lean	14
3165	theorem	beta_one_loop_zero_coupling	RenormalizationGroup.lean	20
3166	def	asymptotically_free	RenormalizationGroup.lean	24
3167	theorem	AF_implies_beta_neg	RenormalizationGroup.lean	26
3168	theorem	beta_two_loop_neg	RenormalizationGroup.lean	36
3169	def	rg_fixed_point	RenormalizationGroup.lean	43
3170	theorem	zero_coupling_fixed_point	RenormalizationGroup.lean	46
3171	theorem	running_coupling_at_reference	RenormalizationGroup.lean	61
3172	theorem	coupling_decreases_UV	RenormalizationGroup.lean	70
3173	theorem	anomalous_dim_nonneg	RenormalizationGroup.lean	104
3174	theorem	CS_at_fixed_point	RenormalizationGroup.lean	109
3175	theorem	correlator_scaling_pos	RenormalizationGroup.lean	119
3176	theorem	correlator_decays	RenormalizationGroup.lean	125
3177	theorem	scale_factor_gt_one	RenormalizationGroup.lean	141
3178	theorem	wilson_coupling_pos	RenormalizationGroup.lean	150
3179	def	relevant_operator	RenormalizationGroup.lean	157
3180	def	irrelevant_operator	RenormalizationGroup.lean	158
3181	def	marginal_operator	RenormalizationGroup.lean	159
3182	theorem	relevant_grows	RenormalizationGroup.lean	161
3183	theorem	irrelevant_shrinks	RenormalizationGroup.lean	172
3184	structure	ConformalWindow	RenormalizationGroup.lean	187
3185	theorem	conformal_window_nonempty	RenormalizationGroup.lean	193
3186	theorem	banks_zaks_pos	RenormalizationGroup.lean	204
3187	structure	MixingMatrix	RenormalizationGroup.lean	213
3188	theorem	mixing_trace_preserved	RenormalizationGroup.lean	229
3189	theorem	mixing_discriminant_nonneg	RenormalizationGroup.lean	236
3190	theorem	symmetric_mixing_diagonalizable	RenormalizationGroup.lean	242
3191	structure	UniversalityClass	RenormalizationGroup.lean	253
3192	def	rushbrooke_satisfied	RenormalizationGroup.lean	263
3193	def	fisher_relation_satisfied	RenormalizationGroup.lean	267
3194	def	widom_relation_satisfied	RenormalizationGroup.lean	271
3195	theorem	widom_delta_gt_one	RenormalizationGroup.lean	276
3196	theorem	mean_field_rushbrooke	RenormalizationGroup.lean	294
3197	inductive	Domain21	RenormalizationGroup.lean	306
3198	structure	DomainCouplings	RenormalizationGroup.lean	317
3199	theorem	all_couplings_pos	RenormalizationGroup.lean	323
3200	theorem	domain_beta_neg	RenormalizationGroup.lean	331
3201	theorem	total_beta_flow_neg	RenormalizationGroup.lean	341
3202	theorem	UV_fixed_point_exists	RenormalizationGroup.lean	352
3203	theorem	couplings_decrease_UV	RenormalizationGroup.lean	359
3204	structure	RGLock	RenormalizationGroup.lean	368
3205	def	RGSystemLock	RenormalizationGroup.lean	397
3206	structure	Representation	RepresentationTheory.lean	11
3207	theorem	rep_one_is_identity	RepresentationTheory.lean	16
3208	theorem	rep_mul_homomorphism	RepresentationTheory.lean	21
3209	theorem	rep_inv_is_inv	RepresentationTheory.lean	28
3210	theorem	character_one_is_dim	RepresentationTheory.lean	47
3211	theorem	character_conjugate_invariant	RepresentationTheory.lean	55
3212	theorem	character_nonneg_trivial	RepresentationTheory.lean	65
3213	def	is_intertwiner	RepresentationTheory.lean	74
3214	theorem	intertwiner_zero_is_intertwiner	RepresentationTheory.lean	81
3215	theorem	GOT_nonneg	RepresentationTheory.lean	93
3216	theorem	char_ortho_nonneg	RepresentationTheory.lean	99
3217	theorem	nirr_eq_nconj_proxy	RepresentationTheory.lean	108
3218	theorem	dim_sq_sum_proxy	RepresentationTheory.lean	113
3219	theorem	frobenius_reciprocity_nonneg	RepresentationTheory.lean	125
3220	def	induced_dim	RepresentationTheory.lean	130
3221	theorem	induced_dim_pos	RepresentationTheory.lean	133
3222	theorem	mackey_proxy	RepresentationTheory.lean	139
3223	def	rep_dim_add	RepresentationTheory.lean	147
3224	theorem	rep_dim_add_comm	RepresentationTheory.lean	149
3225	def	rep_dim_tensor	RepresentationTheory.lean	153
3226	theorem	rep_dim_tensor_pos	RepresentationTheory.lean	155
3227	def	dual_dim	RepresentationTheory.lean	160
3228	theorem	dual_dim_eq	RepresentationTheory.lean	162
3229	theorem	burnside_nonneg	RepresentationTheory.lean	165
3230	theorem	hook_length_pos	RepresentationTheory.lean	176
3231	theorem	Sn_order	RepresentationTheory.lean	180
3232	theorem	An_index_proxy	RepresentationTheory.lean	185
3233	def	weight	RepresentationTheory.lean	195
3234	theorem	weight_nonneg_dominant	RepresentationTheory.lean	197
3235	theorem	weyl_dim_pos	RepresentationTheory.lean	204
3236	theorem	casimir_nonneg	RepresentationTheory.lean	213
3237	inductive	Domain21	RepresentationTheory.lean	222
3238	def	domain_rep_dim	RepresentationTheory.lean	231
3239	theorem	domain_rep_dim_pos	RepresentationTheory.lean	233
3240	theorem	domain_character_pos	RepresentationTheory.lean	241
3241	theorem	domain_casimir_nonneg	RepresentationTheory.lean	250
3242	theorem	AWM_rep_ring_dim	RepresentationTheory.lean	254
3243	structure	RepresentationTheoryLock	RepresentationTheory.lean	264
3244	def	RTLock	RepresentationTheory.lean	299
3245	theorem	union_comm	SetTheory.lean	12
3246	theorem	inter_comm	SetTheory.lean	16
3247	theorem	union_assoc	SetTheory.lean	20
3248	theorem	inter_distrib_union	SetTheory.lean	24
3249	theorem	demorgan_union	SetTheory.lean	29
3250	theorem	demorgan_inter	SetTheory.lean	34
3251	theorem	card_union_le	SetTheory.lean	43
3252	theorem	card_inter_le_left	SetTheory.lean	52
3253	theorem	card_subset_le	SetTheory.lean	58
3254	theorem	card_empty	SetTheory.lean	64
3255	theorem	card_singleton	SetTheory.lean	67
3256	theorem	card_powerset	SetTheory.lean	71
3257	theorem	injective_comp	SetTheory.lean	80
3258	theorem	surjective_comp	SetTheory.lean	87
3259	theorem	bijective_comp	SetTheory.lean	94
3260	theorem	cantor	SetTheory.lean	106
3261	theorem	nat_well_order	SetTheory.lean	131
3262	def	ordinal_add	SetTheory.lean	138
3263	theorem	ordinal_add_assoc	SetTheory.lean	140
3264	theorem	ordinal_add_zero	SetTheory.lean	145
3265	theorem	transfinite_induction_proxy	SetTheory.lean	149
3266	theorem	CBS_proxy	SetTheory.lean	159
3267	theorem	nat_prod_countable	SetTheory.lean	163
3268	theorem	aleph0_minimal	SetTheory.lean	168
3269	theorem	CH_proxy	SetTheory.lean	172
3270	theorem	powerset_card_pos	SetTheory.lean	175
3271	theorem	choice_nonempty	SetTheory.lean	183
3272	theorem	zorn_proxy	SetTheory.lean	189
3273	theorem	WO_proxy	SetTheory.lean	193
3274	theorem	CH_independent_proxy	SetTheory.lean	201
3275	def	forcing_condition	SetTheory.lean	204
3276	theorem	forcing_condition_holds	SetTheory.lean	207
3277	theorem	consistency_nonneg	SetTheory.lean	211
3278	def	is_inaccessible_proxy	SetTheory.lean	218
3279	theorem	omega_not_inaccessible	SetTheory.lean	221
3280	def	is_measurable_proxy	SetTheory.lean	225
3281	theorem	one_measurable_proxy	SetTheory.lean	228
3282	def	woodin_proxy	SetTheory.lean	232
3283	theorem	domain_woodin	SetTheory.lean	235
3284	inductive	Domain21	SetTheory.lean	243
3285	theorem	domain_card	SetTheory.lean	252
3286	theorem	domain_powerset_size	SetTheory.lean	256
3287	theorem	domain_well_ordered	SetTheory.lean	268
3288	theorem	domain_cantor	SetTheory.lean	272
3289	theorem	domain_cardinal_pos	SetTheory.lean	278
3290	theorem	AWM_forcing	SetTheory.lean	282
3291	structure	SetTheoryLock	SetTheory.lean	290
3292	def	STLock	SetTheory.lean	316
3293	theorem	signal_energy_nonneg	SignalProcessing.lean	15
3294	theorem	signal_power_nonneg	SignalProcessing.lean	26
3295	def	unit_impulse	SignalProcessing.lean	32
3296	theorem	impulse_energy	SignalProcessing.lean	36
3297	theorem	z_transform_linear	SignalProcessing.lean	51
3298	theorem	ROC_nonneg	SignalProcessing.lean	65
3299	def	is_BIBO_stable	SignalProcessing.lean	83
3300	theorem	FIR_is_BIBO	SignalProcessing.lean	89
3301	theorem	IIR_proxy	SignalProcessing.lean	96
3302	def	satisfies_nyquist	SignalProcessing.lean	103
3303	theorem	nyquist_implies_reconstruct	SignalProcessing.lean	107
3304	theorem	sampling_period_pos	SignalProcessing.lean	116
3305	theorem	aliasing_proxy	SignalProcessing.lean	121
3306	theorem	PSD_nonneg	SignalProcessing.lean	129
3307	theorem	autocorr_zero_nonneg	SignalProcessing.lean	137
3308	theorem	xcorr_cauchy_schwarz	SignalProcessing.lean	142
3309	def	valid_mod_index	SignalProcessing.lean	160
3310	theorem	valid_mod_zero	SignalProcessing.lean	163
3311	theorem	SNR_nonneg	SignalProcessing.lean	179
3312	theorem	noise_figure_pos	SignalProcessing.lean	193
3313	theorem	LMS_convergence_proxy	SignalProcessing.lean	204
3314	theorem	wiener_filter_proxy	SignalProcessing.lean	207
3315	theorem	kalman_proxy	SignalProcessing.lean	210
3316	inductive	Domain21	SignalProcessing.lean	217
3317	theorem	domain_energy_nonneg	SignalProcessing.lean	229
3318	theorem	domain_impulse_energy	SignalProcessing.lean	233
3319	theorem	domain_FIR_stable	SignalProcessing.lean	238
3320	theorem	domain_nyquist	SignalProcessing.lean	242
3321	theorem	domain_SNR_nonneg	SignalProcessing.lean	249
3322	theorem	domain_autocorr_nonneg	SignalProcessing.lean	257
3323	structure	SignalProcessingLock	SignalProcessing.lean	265
3324	def	SPLock	SignalProcessing.lean	308
3325	theorem	T_nonneg	SovereignHamiltonian.lean	21
3326	theorem	V_nonneg	SovereignHamiltonian.lean	24
3327	theorem	V_zero_iff_equilibrium	SovereignHamiltonian.lean	30
3328	theorem	V_unique_minimum	SovereignHamiltonian.lean	42
3329	theorem	energy_nonneg	SovereignHamiltonian.lean	46
3330	theorem	G_le_H	SovereignHamiltonian.lean	50
3331	theorem	G_bounded_by_H_when_nonneg	SovereignHamiltonian.lean	56
3332	theorem	equilibrium_minimizes_H	SovereignHamiltonian.lean	63
3333	structure	HamiltonianAudit	SovereignHamiltonian.lean	68
3334	def	H_OPT7_audit	SovereignHamiltonian.lean	76
3335	theorem	sovereign_sealed	SovereignHamiltonian.lean	84
3336	theorem	audit_fully_sealed	SovereignHamiltonian.lean	86
3337	inductive	Op	SpineLanguage.lean	21
3338	theorem	op_count	SpineLanguage.lean	32
3339	def	Op.arity	SpineLanguage.lean	35
3340	def	Op.is_unary	SpineLanguage.lean	42
3341	def	Op.is_binary	SpineLanguage.lean	46
3342	theorem	modify_is_unary	SpineLanguage.lean	49
3343	theorem	compose_is_binary	SpineLanguage.lean	50
3344	structure	Constraint	SpineLanguage.lean	59
3345	def	all_satisfied	SpineLanguage.lean	64
3346	theorem	empty_constraints_satisfied	SpineLanguage.lean	69
3347	theorem	constraint_mono	SpineLanguage.lean	74
3348	structure	Governance	SpineLanguage.lean	88
3349	def	executable	SpineLanguage.lean	93
3350	def	governance_and	SpineLanguage.lean	97
3351	theorem	governance_and_stricter	SpineLanguage.lean	102
3352	inductive	SpineExpr	SpineLanguage.lean	114
3353	def	SpineExpr.depth	SpineLanguage.lean	121
3354	def	SpineExpr.size	SpineLanguage.lean	127
3355	theorem	size_pos	SpineLanguage.lean	132
3356	theorem	depth_le_size	SpineLanguage.lean	139
3357	def	admissible_expr	SpineLanguage.lean	154
3358	theorem	apply_admissible	SpineLanguage.lean	160
3359	theorem	apply_noncommutative	SpineLanguage.lean	168
3360	def	closure_ready	SpineLanguage.lean	183
3361	def	valid_closure	SpineLanguage.lean	187
3362	theorem	closure_requires_depth	SpineLanguage.lean	191
3363	theorem	closure_requires_nonempty	SpineLanguage.lean	194
3364	theorem	atom_closure_valid	SpineLanguage.lean	198
3365	structure	SpineFramework	SpineLanguage.lean	210
3366	def	SpineFramework.admissible	SpineLanguage.lean	217
3367	def	SpineFramework.can_close	SpineLanguage.lean	222
3368	structure	SpineAudit	SpineLanguage.lean	232
3369	def	Spine_audit	SpineLanguage.lean	242
3370	theorem	spine_sorry_free	SpineLanguage.lean	253
3371	theorem	spine_op_count	SpineLanguage.lean	254
3372	theorem	spine_sealed	SpineLanguage.lean	255
3373	theorem	partition_function_pos	StatisticalMechanics.lean	16
3374	theorem	partition_function_ge_one	StatisticalMechanics.lean	25
3375	theorem	partition_shift	StatisticalMechanics.lean	41
3376	theorem	gibbs_prob_pos	StatisticalMechanics.lean	65
3377	theorem	gibbs_prob_le_one	StatisticalMechanics.lean	72
3378	theorem	gibbs_sums_to_one	StatisticalMechanics.lean	84
3379	theorem	free_energy_finite	StatisticalMechanics.lean	101
3380	theorem	internal_energy_is_weighted_avg	StatisticalMechanics.lean	114
3381	theorem	gibbs_entropy_nonneg	StatisticalMechanics.lean	131
3382	theorem	uniform_max_entropy	StatisticalMechanics.lean	149
3383	theorem	maxwell_boltzmann_pos	StatisticalMechanics.lean	165
3384	theorem	maxwell_boltzmann_symmetric	StatisticalMechanics.lean	174
3385	theorem	maxwell_boltzmann_max_at_zero	StatisticalMechanics.lean	181
3386	structure	ThermodynamicProcess	StatisticalMechanics.lean	197
3387	theorem	first_law_holds	StatisticalMechanics.lean	203
3388	theorem	work_from_first_law	StatisticalMechanics.lean	206
3389	def	second_law_satisfied	StatisticalMechanics.lean	209
3390	theorem	second_law_irreversible	StatisticalMechanics.lean	211
3391	theorem	carnot_efficiency_lt_one	StatisticalMechanics.lean	219
3392	theorem	carnot_efficiency_pos	StatisticalMechanics.lean	227
3393	theorem	third_law_limit	StatisticalMechanics.lean	236
3394	def	is_ordered	StatisticalMechanics.lean	241
3395	def	is_disordered	StatisticalMechanics.lean	243
3396	theorem	ordered_or_disordered	StatisticalMechanics.lean	245
3397	theorem	landau_nonneg_b_pos_a_pos	StatisticalMechanics.lean	253
3398	theorem	landau_minimum_at_zero_when_a_pos	StatisticalMechanics.lean	258
3399	theorem	symmetry_breaking_minima	StatisticalMechanics.lean	263
3400	inductive	Domain21	StatisticalMechanics.lean	274
3401	structure	DomainThermal	StatisticalMechanics.lean	285
3402	theorem	domain_partition_pos	StatisticalMechanics.lean	295
3403	theorem	domain_gibbs_sum_one	StatisticalMechanics.lean	308
3404	theorem	domain_gibbs_pos	StatisticalMechanics.lean	315
3405	def	thermal_equilibrium	StatisticalMechanics.lean	320
3406	structure	StatMechLock	StatisticalMechanics.lean	327
3407	def	SMSLock	StatisticalMechanics.lean	349
3408	theorem	ito_correction_nonneg	StochasticDifferentialEquations.lean	15
3409	theorem	ito_correction_zero_linear	StochasticDifferentialEquations.lean	22
3410	theorem	ito_quadratic	StochasticDifferentialEquations.lean	27
3411	theorem	ito_exponential	StochasticDifferentialEquations.lean	32
3412	theorem	OU_drift_neg_when_pos	StochasticDifferentialEquations.lean	43
3413	theorem	OU_drift_pos_when_neg	StochasticDifferentialEquations.lean	48
3414	theorem	OU_drift_zero_at_origin	StochasticDifferentialEquations.lean	53
3415	theorem	OU_variance_pos	StochasticDifferentialEquations.lean	61
3416	theorem	OU_variance_decreases_with_theta	StochasticDifferentialEquations.lean	67
3417	theorem	OU_path_bound_pos	StochasticDifferentialEquations.lean	80
3418	theorem	OU_path_decays	StochasticDifferentialEquations.lean	86
3419	def	fokker_planck_stationary	StochasticDifferentialEquations.lean	99
3420	theorem	stationary_trivial_solution	StochasticDifferentialEquations.lean	103
3421	theorem	OU_gaussian_stationary	StochasticDifferentialEquations.lean	108
3422	theorem	bridge_variance_nonneg	StochasticDifferentialEquations.lean	121
3423	theorem	bridge_variance_zero_at_endpoints	StochasticDifferentialEquations.lean	130
3424	theorem	bridge_variance_zero_at_T	StochasticDifferentialEquations.lean	135
3425	theorem	bridge_variance_max_at_half	StochasticDifferentialEquations.lean	142
3426	theorem	GBM_path_pos	StochasticDifferentialEquations.lean	156
3427	theorem	GBM_path_at_zero	StochasticDifferentialEquations.lean	162
3428	theorem	GBM_log_mean	StochasticDifferentialEquations.lean	167
3429	def	lipschitz_drift	StochasticDifferentialEquations.lean	178
3430	def	lipschitz_diffusion	StochasticDifferentialEquations.lean	181
3431	theorem	lipschitz_linear_growth	StochasticDifferentialEquations.lean	184
3432	theorem	SDE_unique_solution	StochasticDifferentialEquations.lean	195
3433	theorem	moment_bound_pos	StochasticDifferentialEquations.lean	209
3434	theorem	variance_propagation_pos	StochasticDifferentialEquations.lean	222
3435	theorem	variance_decays_with_kappa	StochasticDifferentialEquations.lean	228
3436	inductive	Domain21	StochasticDifferentialEquations.lean	242
3437	structure	DomainSDE	StochasticDifferentialEquations.lean	253
3438	theorem	domain_variance_all_positive	StochasticDifferentialEquations.lean	263
3439	theorem	system_variance_pos	StochasticDifferentialEquations.lean	274
3440	structure	SDELock	StochasticDifferentialEquations.lean	285
3441	def	SDESystemLock	StochasticDifferentialEquations.lean	303
3442	theorem	string_tension_pos	StringTheory.lean	16
3443	theorem	worldsheet_det_symmetric	StringTheory.lean	26
3444	theorem	NG_density_pos	StringTheory.lean	36
3445	theorem	polyakov_action_scaling	StringTheory.lean	50
3446	theorem	virasoro_L0_nonneg	StringTheory.lean	75
3447	theorem	massless_condition	StringTheory.lean	89
3448	theorem	bosonic_critical_dim	StringTheory.lean	94
3449	theorem	superstring_critical_dim	StringTheory.lean	97
3450	structure	CalabiYau	StringTheory.lean	104
3451	def	CY3	StringTheory.lean	112
3452	theorem	CY3_real_dim	StringTheory.lean	120
3453	theorem	CY3_complex_dim	StringTheory.lean	121
3454	structure	HodgeNumbers	StringTheory.lean	123
3455	theorem	hodge_mirror	StringTheory.lean	132
3456	theorem	CY3_euler_formula	StringTheory.lean	139
3457	def	quintic_hodge	StringTheory.lean	147
3458	theorem	quintic_euler	StringTheory.lean	155
3459	theorem	T_dual_involution	StringTheory.lean	169
3460	theorem	T_dual_pos	StringTheory.lean	179
3461	theorem	self_dual_fixed_point	StringTheory.lean	189
3462	theorem	T_duality_exchange	StringTheory.lean	199
3463	structure	DBrane	StringTheory.lean	208
3464	theorem	Dp_tension_pos	StringTheory.lean	220
3465	def	is_BPS	StringTheory.lean	226
3466	theorem	BPS_tension_pos	StringTheory.lean	229
3467	theorem	brane_intersection_symm	StringTheory.lean	240
3468	theorem	N_branes_gauge_group	StringTheory.lean	246
3469	theorem	moduli_dim_pos	StringTheory.lean	258
3470	theorem	quintic_moduli_dim	StringTheory.lean	268
3471	theorem	mirror_symmetry_exchange	StringTheory.lean	272
3472	theorem	AdS_radius_pos	StringTheory.lean	299
3473	theorem	tHooft_coupling_pos	StringTheory.lean	313
3474	theorem	strong_coupling_weak_curvature	StringTheory.lean	319
3475	theorem	holographic_entropy_pos	StringTheory.lean	328
3476	theorem	holographic_area_bound	StringTheory.lean	333
3477	theorem	SFT_action_nonneg	StringTheory.lean	351
3478	def	BRST_nilpotent	StringTheory.lean	360
3479	def	is_physical	StringTheory.lean	363
3480	def	gauge_equivalent	StringTheory.lean	366
3481	theorem	BRST_cohomology_well_defined	StringTheory.lean	370
3482	structure	ClosedStringSpectrum	StringTheory.lean	380
3483	inductive	Domain21	StringTheory.lean	390
3484	def	AWM_target_dim	StringTheory.lean	401
3485	theorem	AWM_tension_pos	StringTheory.lean	407
3486	structure	DomainBrane	StringTheory.lean	412
3487	def	domain_brane_count	StringTheory.lean	418
3488	theorem	domain_brane_count_val	StringTheory.lean	421
3489	theorem	domain_T_dual_pos	StringTheory.lean	434
3490	theorem	domain_T_dual_involution	StringTheory.lean	443
3491	theorem	domain_entropy_pos	StringTheory.lean	463
3492	theorem	domain_mirror_symmetry	StringTheory.lean	476
3493	structure	StringTheoryLock	StringTheory.lean	487
3494	def	STLock	StringTheory.lean	535
3495	structure	SymplecticForm	SymplecticTopology.lean	8
3496	theorem	standard_J_antisym	SymplecticTopology.lean	21
3497	theorem	symplectic_pairing_proxy	SymplecticTopology.lean	45
3498	theorem	darboux_proxy	SymplecticTopology.lean	53
3499	theorem	liouville_pos	SymplecticTopology.lean	62
3500	theorem	symplectic_area_nonneg	SymplecticTopology.lean	69
3501	theorem	bilinear_antisym_aux	SymplecticTopology.lean	72
3502	theorem	HVF_antisym	SymplecticTopology.lean	103
3503	theorem	poisson_antisym	SymplecticTopology.lean	120
3504	def	is_symplectomorphism	SymplecticTopology.lean	130
3505	theorem	identity_symplectomorphism	SymplecticTopology.lean	137
3506	theorem	symplecto_comp	SymplecticTopology.lean	144
3507	def	is_lagrangian_proxy	SymplecticTopology.lean	157
3508	theorem	zero_section_lagrangian	SymplecticTopology.lean	161
3509	theorem	arnold_liouville_proxy	SymplecticTopology.lean	165
3510	theorem	nearby_lagrangian_proxy	SymplecticTopology.lean	169
3511	theorem	leapfrog_symplectic_proxy	SymplecticTopology.lean	184
3512	theorem	leapfrog_energy_proxy	SymplecticTopology.lean	192
3513	theorem	backward_error_proxy	SymplecticTopology.lean	198
3514	theorem	capacity_pos	SymplecticTopology.lean	206
3515	theorem	non_squeezing_proxy	SymplecticTopology.lean	213
3516	theorem	hofer_metric_nonneg	SymplecticTopology.lean	223
3517	def	floer_chain_nonneg	SymplecticTopology.lean	226
3518	theorem	action_functional_linear	SymplecticTopology.lean	233
3519	theorem	arnold_conjecture_proxy	SymplecticTopology.lean	243
3520	inductive	Domain21	SymplecticTopology.lean	246
3521	def	AWM_phase_dim	SymplecticTopology.lean	255
3522	theorem	AWM_leapfrog_exists	SymplecticTopology.lean	262
3523	theorem	AWM_J_antisym	SymplecticTopology.lean	274
3524	theorem	AWM_poisson_antisym	SymplecticTopology.lean	278
3525	theorem	AWM_volume_pos	SymplecticTopology.lean	288
3526	theorem	AWM_capacity_pos	SymplecticTopology.lean	295
3527	theorem	AWM_action_linear	SymplecticTopology.lean	303
3528	theorem	AWM_identity_symplecto	SymplecticTopology.lean	311
3529	structure	SymplecticTopologyLock	SymplecticTopology.lean	317
3530	def	STLock	SymplecticTopology.lean	394
3531	theorem	synapticWeight_pos	Synaptic_Weights.lean	13
3532	theorem	synapticWeight_symm	Synaptic_Weights.lean	17
3533	theorem	cognitiveState_pos	Synaptic_Weights.lean	22
3534	def	HashIdentity	Synaptic_Weights.lean	36
3535	theorem	hashIdentity_injective_iff_no_collision	Synaptic_Weights.lean	41
3536	theorem	basisVec_orthonormal	Synaptic_Weights.lean	55
3537	structure	ConceptFunctor	Synaptic_Weights.lean	62
3538	def	ConceptFunctor.preserves_comp	Synaptic_Weights.lean	65
3539	theorem	id_functor_preserves_comp	Synaptic_Weights.lean	69
3540	theorem	functor_comp_preserves	Synaptic_Weights.lean	73
3541	def	EntropyNonDecreasing	Synaptic_Weights.lean	84
3542	theorem	const_entropy_nondecreasing	Synaptic_Weights.lean	86
3543	def	IsNashEquilibrium	Synaptic_Weights.lean	92
3544	theorem	nash_exists_for_constant_payoff	Synaptic_Weights.lean	95
3545	def	HolonomicValid	Synaptic_Weights.lean	102
3546	theorem	holonomic_zero_valid	Synaptic_Weights.lean	105
3547	theorem	omega_limit_proxy	Synaptic_Weights.lean	114
3548	structure	LexiconAudit	Synaptic_Weights.lean	120
3549	def	Lexicon_audit	Synaptic_Weights.lean	130
3550	theorem	lexicon_apex_sealed	Synaptic_Weights.lean	141
3551	def	first_law	Thermodynamics.lean	10
3552	theorem	first_law_energy_conservation	Thermodynamics.lean	13
3553	def	second_law	Thermodynamics.lean	17
3554	theorem	second_law_reflexive	Thermodynamics.lean	20
3555	theorem	second_law_transitive	Thermodynamics.lean	23
3556	theorem	third_law_proxy	Thermodynamics.lean	30
3557	def	thermal_equilibrium	Thermodynamics.lean	35
3558	theorem	zeroth_law_transitive	Thermodynamics.lean	38
3559	theorem	gibbs_nonneg_at_equilibrium	Thermodynamics.lean	60
3560	theorem	enthalpy_nonneg	Thermodynamics.lean	70
3561	theorem	maxwell_relation_proxy	Thermodynamics.lean	77
3562	def	ideal_gas_law	Thermodynamics.lean	83
3563	theorem	ideal_gas_pressure_pos	Thermodynamics.lean	87
3564	theorem	ideal_gas_energy_nonneg	Thermodynamics.lean	97
3565	theorem	equipartition_nonneg	Thermodynamics.lean	108
3566	theorem	boltzmann_entropy_nonneg	Thermodynamics.lean	122
3567	theorem	gibbs_entropy_nonneg	Thermodynamics.lean	142
3568	theorem	entropy_mixing_nonneg	Thermodynamics.lean	165
3569	theorem	carnot_efficiency_pos	Thermodynamics.lean	191
3570	theorem	carnot_efficiency_lt_one	Thermodynamics.lean	200
3571	theorem	refrigerator_COP_pos	Thermodynamics.lean	214
3572	theorem	CC_pos	Thermodynamics.lean	230
3573	theorem	latent_heat_nonneg	Thermodynamics.lean	237
3574	theorem	triple_point_proxy	Thermodynamics.lean	240
3575	theorem	order_param_nonneg	Thermodynamics.lean	244
3576	theorem	partition_function_pos	Thermodynamics.lean	254
3577	theorem	free_energy_finite	Thermodynamics.lean	268
3578	theorem	avg_energy_proxy	Thermodynamics.lean	275
3579	theorem	entropy_production_nonneg	Thermodynamics.lean	283
3580	theorem	onsager_proxy	Thermodynamics.lean	287
3581	theorem	dissipation_nonneg	Thermodynamics.lean	292
3582	theorem	GENERIC_proxy	Thermodynamics.lean	296
3583	inductive	Domain21	Thermodynamics.lean	301
3584	theorem	domain_Z_pos	Thermodynamics.lean	314
3585	theorem	domain_gibbs_nonneg	Thermodynamics.lean	325
3586	theorem	domain_carnot_pos	Thermodynamics.lean	336
3587	theorem	domain_carnot_lt_one	Thermodynamics.lean	341
3588	theorem	domain_enthalpy_nonneg	Thermodynamics.lean	349
3589	theorem	domain_boltzmann_nonneg	Thermodynamics.lean	357
3590	structure	ThermodynamicsLock	Thermodynamics.lean	364
3591	def	TDLock	Thermodynamics.lean	407
3592	structure	BirthDeathPair	TopologicalDataAnalysis.lean	7
3593	theorem	persistence_pos	TopologicalDataAnalysis.lean	15
3594	theorem	persistence_nonneg	TopologicalDataAnalysis.lean	19
3595	theorem	birth_lt_death	TopologicalDataAnalysis.lean	23
3596	theorem	death_eq_birth_plus_persistence	TopologicalDataAnalysis.lean	26
3597	structure	Barcode	TopologicalDataAnalysis.lean	30
3598	theorem	total_persistence_pos	TopologicalDataAnalysis.lean	37
3599	theorem	total_persistence_nonneg	TopologicalDataAnalysis.lean	48
3600	def	barcode_size	TopologicalDataAnalysis.lean	52
3601	theorem	barcode_size_pos	TopologicalDataAnalysis.lean	55
3602	theorem	mean_persistence_pos	TopologicalDataAnalysis.lean	63
3603	structure	BettiNumbers	TopologicalDataAnalysis.lean	69
3604	theorem	euler_char_sphere	TopologicalDataAnalysis.lean	77
3605	theorem	euler_char_torus	TopologicalDataAnalysis.lean	81
3606	theorem	euler_char_plane	TopologicalDataAnalysis.lean	85
3607	theorem	connected_iff_b0_one	TopologicalDataAnalysis.lean	89
3608	def	simply_connected	TopologicalDataAnalysis.lean	92
3609	theorem	simply_connected_no_loops	TopologicalDataAnalysis.lean	95
3610	theorem	bottleneck_nonneg	TopologicalDataAnalysis.lean	102
3611	theorem	bottleneck_symm	TopologicalDataAnalysis.lean	107
3612	theorem	bottleneck_triangle	TopologicalDataAnalysis.lean	114
3613	theorem	stability_theorem	TopologicalDataAnalysis.lean	127
3614	structure	PDPoint	TopologicalDataAnalysis.lean	133
3615	theorem	diagonal_distance_pos	TopologicalDataAnalysis.lean	141
3616	def	is_essential	TopologicalDataAnalysis.lean	147
3617	theorem	essential_persists_long	TopologicalDataAnalysis.lean	150
3618	structure	Filtration	TopologicalDataAnalysis.lean	155
3619	theorem	filtration_monotone	TopologicalDataAnalysis.lean	160
3620	theorem	rips_cech_interleaving	TopologicalDataAnalysis.lean	167
3621	theorem	elder_rule	TopologicalDataAnalysis.lean	171
3622	theorem	pairing_unique	TopologicalDataAnalysis.lean	178
3623	theorem	reduction_terminates	TopologicalDataAnalysis.lean	183
3624	theorem	wasserstein_nonneg	TopologicalDataAnalysis.lean	191
3625	theorem	wasserstein_symm	TopologicalDataAnalysis.lean	197
3626	inductive	Domain21	TopologicalDataAnalysis.lean	204
3627	structure	MarginCloud	TopologicalDataAnalysis.lean	215
3628	theorem	H0_birth_pos	TopologicalDataAnalysis.lean	222
3629	theorem	H0_death_ge_birth	TopologicalDataAnalysis.lean	232
3630	theorem	margin_persistence_nonneg	TopologicalDataAnalysis.lean	246
3631	theorem	higher_floor_better_persistence	TopologicalDataAnalysis.lean	251
3632	structure	TDALock	TopologicalDataAnalysis.lean	257
3633	def	TDASystemLock	TopologicalDataAnalysis.lean	275
3634	structure	Topology	TopologyAdvanced.lean	11
3635	theorem	topology_empty	TopologyAdvanced.lean	20
3636	theorem	topology_univ	TopologyAdvanced.lean	24
3637	theorem	topology_inter	TopologyAdvanced.lean	28
3638	def	discrete_topology	TopologyAdvanced.lean	36
3639	def	indiscrete_topology	TopologyAdvanced.lean	44
3640	def	is_continuous	TopologyAdvanced.lean	70
3641	theorem	const_continuous	TopologyAdvanced.lean	76
3642	theorem	id_continuous	TopologyAdvanced.lean	87
3643	theorem	comp_continuous	TopologyAdvanced.lean	92
3644	def	is_compact	TopologyAdvanced.lean	109
3645	theorem	empty_compact	TopologyAdvanced.lean	116
3646	theorem	finite_compact	TopologyAdvanced.lean	123
3647	theorem	heine_borel_proxy	TopologyAdvanced.lean	129
3648	def	is_connected	TopologyAdvanced.lean	137
3649	theorem	indiscrete_connected	TopologyAdvanced.lean	145
3650	def	is_path_connected	TopologyAdvanced.lean	155
3651	structure	MetricSpace	TopologyAdvanced.lean	165
3652	theorem	metric_nonneg	TopologyAdvanced.lean	173
3653	theorem	metric_zero	TopologyAdvanced.lean	177
3654	theorem	metric_triangle	TopologyAdvanced.lean	181
3655	def	is_cauchy	TopologyAdvanced.lean	186
3656	def	is_complete	TopologyAdvanced.lean	193
3657	def	is_homotopic	TopologyAdvanced.lean	205
3658	theorem	homotopy_refl	TopologyAdvanced.lean	211
3659	theorem	homotopy_sym	TopologyAdvanced.lean	216
3660	def	pi1_trivial	TopologyAdvanced.lean	225
3661	theorem	pi1_trivial_holds	TopologyAdvanced.lean	230
3662	structure	FiberBundle	TopologyAdvanced.lean	238
3663	theorem	bundle_proj_defined	TopologyAdvanced.lean	244
3664	def	trivial_bundle	TopologyAdvanced.lean	250
3665	def	bundle_rank	TopologyAdvanced.lean	257
3666	theorem	bundle_rank_pos	TopologyAdvanced.lean	259
3667	def	is_covering_map	TopologyAdvanced.lean	267
3668	theorem	covering_sheets_pos	TopologyAdvanced.lean	273
3669	def	universal_cover_exists.	TopologyAdvanced.lean	281
3670	theorem	univ_cover_proxy.	TopologyAdvanced.lean	285
3671	inductive	Domain21	TopologyAdvanced.lean	293
3672	def	domain_topology	TopologyAdvanced.lean	302
3673	theorem	domain_opens_univ	TopologyAdvanced.lean	306
3674	def	domain_rank	TopologyAdvanced.lean	310
3675	def	domain_metric	TopologyAdvanced.lean	333
3676	theorem	domain_metric_nn	TopologyAdvanced.lean	347
3677	theorem	domain_homotopy_refl	TopologyAdvanced.lean	351
3678	def	domain_bundle	TopologyAdvanced.lean	356
3679	theorem	domain_bundle_proj	TopologyAdvanced.lean	362
3680	theorem	domain_covering	TopologyAdvanced.lean	368
3681	structure	TopologyAdvancedLock	TopologyAdvanced.lean	378
3682	def	TALock	TopologyAdvanced.lean	423
3683	def	trop_add	TropicalGeometry.lean	11
3684	def	trop_mul	TropicalGeometry.lean	12
3685	theorem	trop_add_comm	TropicalGeometry.lean	14
3686	theorem	trop_add_assoc	TropicalGeometry.lean	18
3687	theorem	trop_mul_comm	TropicalGeometry.lean	23
3688	theorem	trop_mul_assoc	TropicalGeometry.lean	27
3689	theorem	trop_distrib	TropicalGeometry.lean	32
3690	theorem	trop_mul_zero	TropicalGeometry.lean	41
3691	theorem	trop_monomial_linear	TropicalGeometry.lean	53
3692	theorem	trop_poly_piecewise	TropicalGeometry.lean	65
3693	def	trop_hypersurface	TropicalGeometry.lean	82
3694	theorem	trop_line_proxy	TropicalGeometry.lean	91
3695	theorem	newton_polytope_nonneg	TropicalGeometry.lean	95
3696	theorem	trop_eigenvalue_proxy	TropicalGeometry.lean	122
3697	theorem	amoeba_coord_finite	TropicalGeometry.lean	136
3698	theorem	tropical_limit_proxy	TropicalGeometry.lean	142
3699	theorem	maslov_proxy	TropicalGeometry.lean	146
3700	def	trop_intersection_mult	TropicalGeometry.lean	153
3701	theorem	trop_mult_nonneg	TropicalGeometry.lean	156
3702	theorem	trop_bezout_proxy	TropicalGeometry.lean	160
3703	theorem	trop_RR_proxy	TropicalGeometry.lean	164
3704	theorem	shortest_path_nonneg	TropicalGeometry.lean	178
3705	def	trop_genus	TropicalGeometry.lean	195
3706	theorem	trop_genus_nonneg	TropicalGeometry.lean	198
3707	theorem	trop_jacobian_proxy	TropicalGeometry.lean	203
3708	theorem	metric_graph_proxy	TropicalGeometry.lean	206
3709	inductive	Domain21	TropicalGeometry.lean	214
3710	def	domain_rank	TropicalGeometry.lean	223
3711	theorem	domain_rank_injective	TropicalGeometry.lean	233
3712	def	domain_trop_add	TropicalGeometry.lean	237
3713	theorem	domain_trop_add_comm	TropicalGeometry.lean	242
3714	theorem	domain_minplus_nonneg	TropicalGeometry.lean	264
3715	def	domain_trop_genus	TropicalGeometry.lean	276
3716	theorem	domain_trop_genus_nonneg	TropicalGeometry.lean	279
3717	structure	TropicalGeometryLock	TropicalGeometry.lean	287
3718	def	TGLock	TropicalGeometry.lean	338
3719	structure	Signature	UniversalAlgebra.lean	7
3720	structure	Algebra	UniversalAlgebra.lean	11
3721	def	trivial_algebra	UniversalAlgebra.lean	17
3722	theorem	trivial_carrier	UniversalAlgebra.lean	22
3723	structure	Homomorphism	UniversalAlgebra.lean	25
3724	def	id_hom	UniversalAlgebra.lean	32
3725	theorem	id_hom_map	UniversalAlgebra.lean	38
3726	def	comp_hom	UniversalAlgebra.lean	42
3727	theorem	comp_hom_map	UniversalAlgebra.lean	52
3728	structure	Congruence	UniversalAlgebra.lean	59
3729	def	eq_congruence	UniversalAlgebra.lean	72
3730	theorem	eq_cong_refl	UniversalAlgebra.lean	83
3731	def	free_algebra_dim	UniversalAlgebra.lean	87
3732	theorem	free_algebra_pos	UniversalAlgebra.lean	90
3733	inductive	Term	UniversalAlgebra.lean	94
3734	theorem	term_var_nonneg	UniversalAlgebra.lean	100
3735	structure	Equation	UniversalAlgebra.lean	103
3736	def	satisfies_eq	UniversalAlgebra.lean	108
3737	theorem	all_satisfy_trivial	UniversalAlgebra.lean	114
3738	theorem	birkhoff_proxy	UniversalAlgebra.lean	120
3739	theorem	HSP_proxy	UniversalAlgebra.lean	123
3740	theorem	subvariety_nonneg	UniversalAlgebra.lean	126
3741	def	is_clone_proxy	UniversalAlgebra.lean	129
3742	theorem	clone_pos	UniversalAlgebra.lean	132
3743	structure	ModuleProxy	UniversalAlgebra.lean	135
3744	def	zero_module	UniversalAlgebra.lean	140
3745	theorem	scalar_distrib_proxy	UniversalAlgebra.lean	146
3746	theorem	module_rank_nonneg	UniversalAlgebra.lean	150
3747	def	product_algebra	UniversalAlgebra.lean	153
3748	theorem	product_fst	UniversalAlgebra.lean	161
3749	theorem	coproduct_proxy	UniversalAlgebra.lean	167
3750	theorem	ultraproduct_proxy	UniversalAlgebra.lean	170
3751	inductive	Domain21	UniversalAlgebra.lean	173
3752	def	AWM_signature	UniversalAlgebra.lean	182
3753	theorem	AWM_id_hom_map	UniversalAlgebra.lean	196
3754	theorem	AWM_cong_refl	UniversalAlgebra.lean	203
3755	theorem	AWM_product_fst	UniversalAlgebra.lean	212
3756	theorem	AWM_free_dim_pos	UniversalAlgebra.lean	220
3757	theorem	AWM_satisfies_all	UniversalAlgebra.lean	224
3758	structure	UniversalAlgebraLock	UniversalAlgebra.lean	231
3759	def	UALock	UniversalAlgebra.lean	271
3760	def	Functional	VariationalCalculus.lean	11
3761	def	is_linear_functional	VariationalCalculus.lean	13
3762	theorem	integral_functional_nonneg	VariationalCalculus.lean	25
3763	theorem	action_linear	VariationalCalculus.lean	40
3764	def	satisfies_EL	VariationalCalculus.lean	57
3765	theorem	lagrangian_smooth	VariationalCalculus.lean	66
3766	theorem	HO_EL_proxy	VariationalCalculus.lean	72
3767	theorem	cycloid_y_nonneg	VariationalCalculus.lean	88
3768	theorem	minimal_surface_proxy	VariationalCalculus.lean	95
3769	theorem	isoperimetric_proxy	VariationalCalculus.lean	98
3770	theorem	HO_H_nonneg	VariationalCalculus.lean	120
3771	theorem	hamilton_eq_proxy	VariationalCalculus.lean	132
3772	def	is_conserved	VariationalCalculus.lean	140
3773	theorem	const_is_conserved	VariationalCalculus.lean	143
3774	theorem	energy_conserved_proxy	VariationalCalculus.lean	147
3775	theorem	momentum_conserved_proxy	VariationalCalculus.lean	152
3776	theorem	angular_momentum_proxy	VariationalCalculus.lean	156
3777	theorem	wlsc_proxy	VariationalCalculus.lean	163
3778	def	is_coercive	VariationalCalculus.lean	167
3779	theorem	sq_coercive	VariationalCalculus.lean	171
3780	theorem	existence_proxy	VariationalCalculus.lean	205
3781	theorem	PMP_proxy	VariationalCalculus.lean	214
3782	theorem	HJB_nonneg	VariationalCalculus.lean	221
3783	theorem	bellman_proxy	VariationalCalculus.lean	229
3784	theorem	value_fn_nonneg	VariationalCalculus.lean	232
3785	def	gamma_converges_proxy	VariationalCalculus.lean	240
3786	theorem	gamma_conv_exists	VariationalCalculus.lean	244
3787	theorem	relaxation_nonneg	VariationalCalculus.lean	249
3788	inductive	Domain21	VariationalCalculus.lean	257
3789	theorem	domain_action_nonneg	VariationalCalculus.lean	271
3790	theorem	domain_HO_H_nonneg	VariationalCalculus.lean	280
3791	theorem	domain_HJB_nonneg	VariationalCalculus.lean	288
3792	theorem	domain_cycloid_nn	VariationalCalculus.lean	293
3793	theorem	domain_conserved	VariationalCalculus.lean	299
3794	theorem	domain_sq_coercive	VariationalCalculus.lean	303
3795	structure	VariationalCalculusLock	VariationalCalculus.lean	311
3796	def	VCLock	VariationalCalculus.lean	344
3797	theorem	contraction_mapping_verified	VerifyState.lean	5
3798	theorem	banach_fixed_point_verified	VerifyState.lean	17
3799	def	bridge_status	VerifyState.lean	24
3800	structure	MRAStructure	WaveletAnalysis.lean	11
3801	theorem	MRA_monotone	WaveletAnalysis.lean	16
3802	theorem	MRA_resolution_pos	WaveletAnalysis.lean	23
3803	theorem	scale_factor_pos	WaveletAnalysis.lean	29
3804	theorem	scale_factor_increasing	WaveletAnalysis.lean	33
3805	structure	ScalingFilter	WaveletAnalysis.lean	44
3806	theorem	scaling_filter_sum	WaveletAnalysis.lean	49
3807	theorem	scaling_filter_energy	WaveletAnalysis.lean	52
3808	theorem	wavelet_filter_energy	WaveletAnalysis.lean	60
3809	theorem	QMF_condition	WaveletAnalysis.lean	77
3810	theorem	dwt_coeff_linear	WaveletAnalysis.lean	97
3811	theorem	dwt_coeff_nonneg	WaveletAnalysis.lean	107
3812	theorem	perfect_reconstruction_proxy	WaveletAnalysis.lean	120
3813	theorem	wavelet_parseval	WaveletAnalysis.lean	125
3814	theorem	haar_phi_nonneg	WaveletAnalysis.lean	137
3815	theorem	haar_psi_bounded	WaveletAnalysis.lean	147
3816	theorem	CWT_nonneg	WaveletAnalysis.lean	162
3817	theorem	admissibility_proxy	WaveletAnalysis.lean	174
3818	def	is_frame_proxy	WaveletAnalysis.lean	181
3819	theorem	tight_frame_exists	WaveletAnalysis.lean	184
3820	theorem	riesz_basis_proxy	WaveletAnalysis.lean	188
3821	def	downsample	WaveletAnalysis.lean	195
3822	theorem	downsample_nonneg	WaveletAnalysis.lean	200
3823	def	upsample	WaveletAnalysis.lean	207
3824	theorem	upsample_nonneg	WaveletAnalysis.lean	214
3825	inductive	Domain21	WaveletAnalysis.lean	228
3826	theorem	domain_DWT_linear	WaveletAnalysis.lean	241
3827	theorem	domain_haar_nonneg	WaveletAnalysis.lean	248
3828	theorem	domain_CWT_nonneg	WaveletAnalysis.lean	256
3829	theorem	domain_parseval	WaveletAnalysis.lean	263
3830	theorem	domain_frame_exists	WaveletAnalysis.lean	268
3831	structure	WaveletAnalysisLock	WaveletAnalysis.lean	276
3832	def	WALock	WaveletAnalysis.lean	321
3833	structure	GeometryBounds	proofs/AWMCore.lean	15
3834	theorem	GeometryBounds.span_pos	proofs/AWMCore.lean	23
3835	theorem	GeometryBounds.mid_in_range	proofs/AWMCore.lean	26
3836	theorem	tanh_lt_one	proofs/AWMCore.lean	42
3837	theorem	neg_one_lt_tanh	proofs/AWMCore.lean	45
3838	theorem	tanh_abs_lt_one	proofs/AWMCore.lean	48
3839	theorem	sin_abs_le_one	proofs/AWMCore.lean	53
3840	theorem	perturbation_bound	proofs/AWMCore.lean	56
3841	theorem	y_prime_bound	proofs/AWMCore.lean	68
3842	theorem	squash_near_mid	proofs/AWMCore.lean	77
3843	theorem	energy_nonneg	proofs/AWMCore.lean	97
3844	theorem	energy_zero_iff	proofs/AWMCore.lean	100
3845	theorem	energy_scale	proofs/AWMCore.lean	111
3846	theorem	energy_nonneg_sqrt	proofs/AWMCore.lean	115
3847	def	Trajectory	proofs/AWMCore.lean	124
3848	def	step_diff	proofs/AWMCore.lean	126
3849	theorem	mobility_nonneg	proofs/AWMCore.lean	135
3850	theorem	mobility_static	proofs/AWMCore.lean	142
3851	def	spectrally_normalized	proofs/AWMCore.lean	152
3852	theorem	zero_normalized	proofs/AWMCore.lean	157
3853	structure	AWMParams	proofs/AWMCore.lean	169
3854	structure	AWMState	proofs/AWMCore.lean	177
3855	theorem	awm_energy_bounded	proofs/AWMCore.lean	196
3856	structure	AWMCoreAudit	proofs/AWMCore.lean	212
3857	def	AWMCore_audit	proofs/AWMCore.lean	222
3858	theorem	awmcore_apex_sealed	proofs/AWMCore.lean	233
3859	def	main_theorem	proofs/MainTheorem.lean	1
3860	def	main	system_audit.lean	6
3861	def	check_node	verify_registry.lean	13
3862	def	main	verify_registry.lean	16
