NUMBER	KIND	NAME	FILE	LINE
1	theorem	conservationSet_nonempty	ACIManifold.lean	33
2	theorem	conservationSet_affine_closed	ACIManifold.lean	37
3	theorem	mem_V0_iff	ACIManifold.lean	65
4	theorem	V0_preserves_conservationSet	ACIManifold.lean	67
5	theorem	sumFunctional_apply	ACIManifold.lean	81
6	theorem	sumFunctional_ker_eq_V0	ACIManifold.lean	84
7	theorem	sumFunctional_surjective	ACIManifold.lean	90
8	theorem	V0_codim_one	ACIManifold.lean	100
9	theorem	ones_annihilates_P	ACIManifold.lean	129
10	theorem	P_idempotent	ACIManifold.lean	138
11	theorem	P_self_adjoint	ACIManifold.lean	145
12	theorem	P_range_eq_V0	ACIManifold.lean	168
13	theorem	P_fixes_V0	ACIManifold.lean	172
14	theorem	P_annihilates_uniform	ACIManifold.lean	180
15	theorem	J_red_decoupling	ACIManifold.lean	199
16	theorem	spectrum_beta_invariant	ACIManifold.lean	209
17	theorem	lyapunov_pos_def	ACIManifold.lean	221
18	theorem	lyapunov_zero_iff	ACIManifold.lean	227
19	theorem	PWP_is_V0_stable	ACIManifold.lean	249
20	theorem	system_exists	AM10.lean	11
21	theorem	validity_requires_positive_margin	AM10.lean	20
22	theorem	bottleneck_law	AM10.lean	24
23	theorem	closure_gate	AM10.lean	45
24	theorem	halt_condition	AM10.lean	48
25	theorem	global_closure	AM10.lean	54
26	theorem	transition_chain	AWM21.lean	48
27	theorem	transition_assoc	AWM21.lean	57
28	theorem	all_domains_count	AWM21.lean	84
29	theorem	all_domains_nodup	AWM21.lean	85
30	theorem	all_domains_complete	AWM21.lean	86
31	theorem	bottleneck_exists_iff	AWM21.lean	109
32	theorem	domain_wf	AWM21.lean	122
33	theorem	priority_injective	AWM21.lean	157
34	theorem	depends_irrefl	AWM21.lean	161
35	theorem	depends_asymm	AWM21.lean	164
36	theorem	depends_trans	AWM21.lean	168
37	theorem	audit_fully_sealed	AWM21.lean	184
38	theorem	GeometryBounds.span_pos	AWMCore.lean	23
39	theorem	GeometryBounds.mid_in_range	AWMCore.lean	26
40	theorem	tanh_lt_one	AWMCore.lean	37
41	theorem	neg_one_lt_tanh	AWMCore.lean	39
42	theorem	tanh_abs_lt_one	AWMCore.lean	41
43	theorem	sin_abs_le_one	AWMCore.lean	45
44	theorem	perturbation_bound	AWMCore.lean	47
45	theorem	y_prime_bound	AWMCore.lean	58
46	theorem	squash_near_mid	AWMCore.lean	66
47	theorem	energy_nonneg	AWMCore.lean	84
48	theorem	energy_zero_iff	AWMCore.lean	87
49	theorem	energy_scale	AWMCore.lean	98
50	theorem	energy_nonneg_sqrt	AWMCore.lean	102
51	theorem	mobility_nonneg	AWMCore.lean	118
52	theorem	mobility_static	AWMCore.lean	126
53	theorem	zero_normalized	AWMCore.lean	137
54	theorem	awm_energy_bounded	AWMCore.lean	170
55	theorem	awmcore_apex_sealed	AWMCore.lean	214
56	theorem	group_one_unique	AbstractAlgebra.lean	31
57	theorem	group_inv_unique	AbstractAlgebra.lean	39
58	theorem	group_order_pos	AbstractAlgebra.lean	56
59	theorem	trivial_subgroup	AbstractAlgebra.lean	68
60	theorem	lagrange_card_le	AbstractAlgebra.lean	84
61	theorem	ring_mul_zero	AbstractAlgebra.lean	122
62	theorem	zero_ideal	AbstractAlgebra.lean	148
63	theorem	field_no_zero_divisors	AbstractAlgebra.lean	169
64	theorem	finite_field_order	AbstractAlgebra.lean	189
65	theorem	std_basis_independent	AbstractAlgebra.lean	202
66	theorem	dimension_formula	AbstractAlgebra.lean	209
67	theorem	hom_preserves_inv	AbstractAlgebra.lean	228
68	theorem	kernel_is_subgroup	AbstractAlgebra.lean	238
69	theorem	image_is_subgroup	AbstractAlgebra.lean	261
70	theorem	first_iso_theorem	AbstractAlgebra.lean	281
71	theorem	galois_fundamental	AbstractAlgebra.lean	301
72	theorem	tower_law	AbstractAlgebra.lean	304
73	theorem	galois_correspondence	AbstractAlgebra.lean	329
74	theorem	abelian_is_solvable	AbstractAlgebra.lean	341
75	theorem	character_identity	AbstractAlgebra.lean	358
76	theorem	schur_lemma_diff_dim	AbstractAlgebra.lean	367
77	theorem	peter_weyl_dimension	AbstractAlgebra.lean	377
78	theorem	jordan_holder	AbstractAlgebra.lean	389
79	theorem	maschke	AbstractAlgebra.lean	395
80	theorem	monoid_id_unique	AbstractAlgebra.lean	423
81	theorem	domain_group_inv_unique	AbstractAlgebra.lean	436
82	theorem	symmetry_order_pos	AbstractAlgebra.lean	452
83	theorem	domain_repr_dim_val	AbstractAlgebra.lean	469
84	theorem	AWM_basis_orthonormal	AbstractAlgebra.lean	477
85	theorem	AWM_basis_spans	AbstractAlgebra.lean	490
86	theorem	domain_total_mass_pos	AbstractAlgebra.lean	512
87	theorem	domain_total_mass_eq_card	AbstractAlgebra.lean	516
88	theorem	domain_repr_dim_eq_matrix_rank	AbstractAlgebra.lean	521
89	theorem	domain_hamiltonian_nonneg	AbstractAlgebra.lean	531
90	theorem	sound_speed_pos	AcousticsWaves.lean	16
91	theorem	acoustic_bounded	AcousticsWaves.lean	28
92	theorem	wavelength_freq	AcousticsWaves.lean	39
93	theorem	acoustic_intensity_nonneg	AcousticsWaves.lean	60
94	theorem	dB_nonneg	AcousticsWaves.lean	74
95	theorem	standing_wave_bounded	AcousticsWaves.lean	86
96	theorem	resonant_freq_nonneg	AcousticsWaves.lean	109
97	theorem	doppler_pos	AcousticsWaves.lean	127
98	theorem	RT_nonneg	AcousticsWaves.lean	145
99	theorem	absorption_valid	AcousticsWaves.lean	152
100	theorem	room_mode_pos	AcousticsWaves.lean	157
101	theorem	mach_nonneg	AcousticsWaves.lean	168
102	theorem	nonlinear_beta_pos	AcousticsWaves.lean	175
103	theorem	harmonic_nonneg	AcousticsWaves.lean	185
104	theorem	semitone_pos	AcousticsWaves.lean	193
105	theorem	consonance_proxy	AcousticsWaves.lean	197
106	theorem	piezo_freq_pos	AcousticsWaves.lean	204
107	theorem	impedance_pos	AcousticsWaves.lean	210
108	theorem	domain_ss_pos	AcousticsWaves.lean	240
109	theorem	domain_ai_nonneg	AcousticsWaves.lean	249
110	theorem	domain_resonant_nonneg	AcousticsWaves.lean	258
111	theorem	domain_harmonic_nonneg	AcousticsWaves.lean	266
112	theorem	domain_impedance_pos	AcousticsWaves.lean	273
113	theorem	domain_RT_nonneg	AcousticsWaves.lean	281
114	theorem	mem_sumset	AdditiveNumberTheory.lean	14
115	theorem	sumset_card_lb	AdditiveNumberTheory.lean	22
116	theorem	doubling_ge_one	AdditiveNumberTheory.lean	86
117	theorem	cauchy_davenport_proxy	AdditiveNumberTheory.lean	102
118	theorem	vosper_proxy	AdditiveNumberTheory.lean	109
119	theorem	freiman_proxy	AdditiveNumberTheory.lean	117
120	theorem	single_is_AP	AdditiveNumberTheory.lean	126
121	theorem	AP_card	AdditiveNumberTheory.lean	135
122	theorem	roth_proxy	AdditiveNumberTheory.lean	153
123	theorem	behrend_proxy	AdditiveNumberTheory.lean	156
124	theorem	waring_g_pos	AdditiveNumberTheory.lean	171
125	theorem	lagrange_four_squares_proxy	AdditiveNumberTheory.lean	176
126	theorem	waring_goldbach_proxy	AdditiveNumberTheory.lean	182
127	theorem	goldbach_binary_proxy	AdditiveNumberTheory.lean	190
128	theorem	ternary_goldbach_proxy	AdditiveNumberTheory.lean	195
129	theorem	twin_prime_proxy	AdditiveNumberTheory.lean	200
130	theorem	green_tao_proxy	AdditiveNumberTheory.lean	209
131	theorem	szemeredi_proxy	AdditiveNumberTheory.lean	213
132	theorem	prime_AP_density_proxy	AdditiveNumberTheory.lean	216
133	theorem	plunnecke_proxy	AdditiveNumberTheory.lean	225
134	theorem	ruzsa_covering_proxy	AdditiveNumberTheory.lean	230
135	theorem	bogolyubov_proxy	AdditiveNumberTheory.lean	234
136	theorem	BSG_proxy	AdditiveNumberTheory.lean	237
137	theorem	domain_A_nonempty	AdditiveNumberTheory.lean	259
138	theorem	domain_B_nonempty	AdditiveNumberTheory.lean	264
139	theorem	domain_sumset_lb	AdditiveNumberTheory.lean	269
140	theorem	domain_AP_card	AdditiveNumberTheory.lean	278
141	theorem	domain_waring_g2	AdditiveNumberTheory.lean	282
142	theorem	domain_twin_prime	AdditiveNumberTheory.lean	286
143	theorem	domain_green_tao	AdditiveNumberTheory.lean	291
144	theorem	domain_doubling_nonneg	AdditiveNumberTheory.lean	295
145	theorem	vanishes_zero	AlgebraicGeometry.lean	18
146	theorem	vanishes_sum	AlgebraicGeometry.lean	22
147	theorem	vanishes_mul_left	AlgebraicGeometry.lean	30
148	theorem	zero_in_ideal	AlgebraicGeometry.lean	48
149	theorem	hilbert_basis_nonneg	AlgebraicGeometry.lean	53
150	theorem	nullstellensatz_proxy	AlgebraicGeometry.lean	57
151	theorem	projective_dim_nonneg	AlgebraicGeometry.lean	74
152	theorem	homogeneous_zero	AlgebraicGeometry.lean	82
153	theorem	variety_degree_pos	AlgebraicGeometry.lean	89
154	theorem	bezout_proxy	AlgebraicGeometry.lean	93
155	theorem	sheaf_eval_nonneg	AlgebraicGeometry.lean	110
156	theorem	morphism_dim_nonneg	AlgebraicGeometry.lean	123
157	theorem	divisor_degree_add	AlgebraicGeometry.lean	138
158	theorem	zero_divisor_effective	AlgebraicGeometry.lean	151
159	theorem	riemann_roch_proxy	AlgebraicGeometry.lean	155
160	theorem	disc_nonzero	AlgebraicGeometry.lean	173
161	theorem	ec_identity_is_none	AlgebraicGeometry.lean	185
162	theorem	deRham_H0_is_one	AlgebraicGeometry.lean	198
163	theorem	hodge_diag_one	AlgebraicGeometry.lean	205
164	theorem	moduli_dim_pos	AlgebraicGeometry.lean	224
165	theorem	EC_moduli_pos	AlgebraicGeometry.lean	231
166	theorem	GW_nonneg	AlgebraicGeometry.lean	235
167	theorem	domain_variety_pos	AlgebraicGeometry.lean	254
168	theorem	domain_divisor_degree_nonneg	AlgebraicGeometry.lean	261
169	theorem	domain_deRham_H0	AlgebraicGeometry.lean	267
170	theorem	domain_moduli_pos	AlgebraicGeometry.lean	274
171	theorem	domain_EC_disc	AlgebraicGeometry.lean	284
172	theorem	reverse_reverse	AlgebraicTopology.lean	40
173	theorem	covering_fiber_nonempty	AlgebraicTopology.lean	59
174	theorem	deck_compose	AlgebraicTopology.lean	75
175	theorem	boundary_1simplex	AlgebraicTopology.lean	123
176	theorem	deRham_H0	AlgebraicTopology.lean	145
177	theorem	deRham_H1_torus	AlgebraicTopology.lean	148
178	theorem	deRham_H2	AlgebraicTopology.lean	151
179	theorem	poincare_duality_2d	AlgebraicTopology.lean	154
180	theorem	cup_product_nonneg	AlgebraicTopology.lean	161
181	theorem	rank_inequality	AlgebraicTopology.lean	177
182	theorem	rank_C_le_B	AlgebraicTopology.lean	181
183	theorem	SES_euler_zero	AlgebraicTopology.lean	185
184	theorem	mayer_vietoris_dim	AlgebraicTopology.lean	192
185	theorem	homotopic_refl	AlgebraicTopology.lean	207
186	theorem	homotopic_symm	AlgebraicTopology.lean	212
187	theorem	homotopic_trans	AlgebraicTopology.lean	221
188	theorem	Rn_contractible	AlgebraicTopology.lean	236
189	theorem	tangent_bundle_double	AlgebraicTopology.lean	262
190	theorem	K_rank_add	AlgebraicTopology.lean	278
191	theorem	bott_period	AlgebraicTopology.lean	284
192	theorem	chern_character_additive	AlgebraicTopology.lean	291
193	theorem	full_AWM_vertices	AlgebraicTopology.lean	327
194	theorem	full_AWM_connected	AlgebraicTopology.lean	339
195	theorem	AWM_contractible	AlgebraicTopology.lean	346
196	theorem	AWM_betti0_pos	AlgebraicTopology.lean	355
197	theorem	AWM_betti0_all	AlgebraicTopology.lean	359
198	theorem	AWM_connectivity_monotone	AlgebraicTopology.lean	364
199	theorem	totient_mult_proxy	AnalyticNumberTheory.lean	16
200	theorem	sigma_k_pos	AnalyticNumberTheory.lean	30
201	theorem	liouville_sq_one	AnalyticNumberTheory.lean	44
202	theorem	dirichlet_series_nonneg	AnalyticNumberTheory.lean	60
203	theorem	zeta_partial_pos	AnalyticNumberTheory.lean	77
204	theorem	euler_product_proxy	AnalyticNumberTheory.lean	91
205	theorem	pi_x_nonneg	AnalyticNumberTheory.lean	103
206	theorem	pi_x_monotone	AnalyticNumberTheory.lean	106
207	theorem	PNT_proxy	AnalyticNumberTheory.lean	114
208	theorem	chebyshev_nonneg	AnalyticNumberTheory.lean	126
209	theorem	primes_in_AP_nonneg	AnalyticNumberTheory.lean	142
210	theorem	dirichlet_char_proxy	AnalyticNumberTheory.lean	146
211	theorem	L1_nonzero_proxy	AnalyticNumberTheory.lean	150
212	theorem	sieve_bound	AnalyticNumberTheory.lean	157
213	theorem	brun_proxy	AnalyticNumberTheory.lean	163
214	theorem	large_sieve_proxy	AnalyticNumberTheory.lean	166
215	theorem	selberg_proxy	AnalyticNumberTheory.lean	169
216	theorem	gauss_sum_pos	AnalyticNumberTheory.lean	180
217	theorem	kloosterman_bound	AnalyticNumberTheory.lean	186
218	theorem	weyl_sum_proxy	AnalyticNumberTheory.lean	193
219	theorem	circle_method_proxy	AnalyticNumberTheory.lean	200
220	theorem	major_arcs_proxy	AnalyticNumberTheory.lean	203
221	theorem	minor_arcs_proxy	AnalyticNumberTheory.lean	207
222	theorem	goldbach_proxy	AnalyticNumberTheory.lean	210
223	theorem	zero_free_proxy	AnalyticNumberTheory.lean	218
224	theorem	siegel_zero_proxy	AnalyticNumberTheory.lean	222
225	theorem	explicit_formula_proxy	AnalyticNumberTheory.lean	225
226	theorem	domain_pi_pos	AnalyticNumberTheory.lean	241
227	theorem	domain_pi_mono	AnalyticNumberTheory.lean	245
228	theorem	domain_dirichlet_nonneg	AnalyticNumberTheory.lean	252
229	theorem	domain_zeta_pos	AnalyticNumberTheory.lean	262
230	theorem	domain_chebyshev_nonneg	AnalyticNumberTheory.lean	270
231	theorem	domain_gauss_pos	AnalyticNumberTheory.lean	277
232	theorem	domain_sigma_pos	AnalyticNumberTheory.lean	284
233	theorem	stricter_refl	AntaresCategory.lean	56
234	theorem	stricter_trans	AntaresCategory.lean	59
235	theorem	integrity_preserved	AntaresCategory.lean	64
236	theorem	antares_sealed	AntaresCategory.lean	82
237	theorem	EC_disc	ArithmeticGeometry.lean	12
238	theorem	rank_nonneg	ArithmeticGeometry.lean	21
239	theorem	mordell_weil_proxy	ArithmeticGeometry.lean	24
240	theorem	AV_dim_pos	ArithmeticGeometry.lean	29
241	theorem	isogeny_deg_pos	ArithmeticGeometry.lean	36
242	theorem	dual_AV_proxy	ArithmeticGeometry.lean	39
243	theorem	tate_module_proxy	ArithmeticGeometry.lean	42
244	theorem	weight_nonneg	ArithmeticGeometry.lean	48
245	theorem	fourier_coeff_nonneg	ArithmeticGeometry.lean	56
246	theorem	hecke_proxy	ArithmeticGeometry.lean	60
247	theorem	ramanujan_tau_proxy	ArithmeticGeometry.lean	64
248	theorem	shimura_dim_nonneg	ArithmeticGeometry.lean	69
249	theorem	canonical_model_proxy	ArithmeticGeometry.lean	73
250	theorem	CM_point_proxy	ArithmeticGeometry.lean	76
251	theorem	padic_val_nonneg	ArithmeticGeometry.lean	84
252	theorem	padic_abs_pos	ArithmeticGeometry.lean	95
253	theorem	hensel_proxy	ArithmeticGeometry.lean	102
254	theorem	galois_order_pos	ArithmeticGeometry.lean	107
255	theorem	galois_rep_pos	ArithmeticGeometry.lean	115
256	theorem	frobenius_proxy	ArithmeticGeometry.lean	119
257	theorem	weil_conjecture_proxy	ArithmeticGeometry.lean	123
258	theorem	genus_nonneg	ArithmeticGeometry.lean	128
259	theorem	arith_intersection_comm	ArithmeticGeometry.lean	135
260	theorem	arith_RR_proxy	ArithmeticGeometry.lean	141
261	theorem	L_functional_eq_proxy	ArithmeticGeometry.lean	149
262	theorem	BSD_proxy	ArithmeticGeometry.lean	152
263	theorem	analytic_rank_nonneg	ArithmeticGeometry.lean	155
264	theorem	domain_EC_disc	ArithmeticGeometry.lean	172
265	theorem	domain_isogeny_pos	ArithmeticGeometry.lean	181
266	theorem	domain_galois_pos	ArithmeticGeometry.lean	189
267	theorem	domain_padic_pos	ArithmeticGeometry.lean	196
268	theorem	domain_arith_intersection	ArithmeticGeometry.lean	200
269	theorem	domain_shimura_dim	ArithmeticGeometry.lean	204
270	theorem	domain_weight_nn	ArithmeticGeometry.lean	208
271	theorem	bohr_radius_pos	AtomicMolecularPhysics.lean	13
272	theorem	hydrogen_energy_neg	AtomicMolecularPhysics.lean	28
273	theorem	principal_QN_pos	AtomicMolecularPhysics.lean	42
274	theorem	angular_QN_valid	AtomicMolecularPhysics.lean	45
275	theorem	magnetic_QN_valid	AtomicMolecularPhysics.lean	49
276	theorem	spin_half_proxy	AtomicMolecularPhysics.lean	53
277	theorem	orbital_degeneracy_pos	AtomicMolecularPhysics.lean	59
278	theorem	aufbau_proxy	AtomicMolecularPhysics.lean	65
279	theorem	hunds_rule_proxy	AtomicMolecularPhysics.lean	68
280	theorem	ionization_energy_pos	AtomicMolecularPhysics.lean	71
281	theorem	bond_energy_pos	AtomicMolecularPhysics.lean	74
282	theorem	morse_nonneg	AtomicMolecularPhysics.lean	81
283	theorem	LCAO_proxy	AtomicMolecularPhysics.lean	87
284	theorem	bond_length_pos	AtomicMolecularPhysics.lean	90
285	theorem	rotational_energy_nonneg	AtomicMolecularPhysics.lean	98
286	theorem	vibrational_pos	AtomicMolecularPhysics.lean	113
287	theorem	selection_rule_proxy	AtomicMolecularPhysics.lean	121
288	theorem	beer_lambert_pos	AtomicMolecularPhysics.lean	128
289	theorem	beer_lambert_le_I0	AtomicMolecularPhysics.lean	133
290	theorem	doppler_broad_pos	AtomicMolecularPhysics.lean	147
291	theorem	cross_section_nonneg	AtomicMolecularPhysics.lean	155
292	theorem	mfp_pos	AtomicMolecularPhysics.lean	167
293	theorem	collision_rate_nonneg	AtomicMolecularPhysics.lean	173
294	theorem	thermal_wavelength_pos	AtomicMolecularPhysics.lean	182
295	theorem	BEC_Tc_pos	AtomicMolecularPhysics.lean	193
296	theorem	optical_molasses_proxy	AtomicMolecularPhysics.lean	196
297	theorem	domain_bohr_pos	AtomicMolecularPhysics.lean	213
298	theorem	domain_orbital_deg_pos	AtomicMolecularPhysics.lean	219
299	theorem	domain_morse_nonneg	AtomicMolecularPhysics.lean	226
300	theorem	domain_vib_pos	AtomicMolecularPhysics.lean	233
301	theorem	domain_BL_pos	AtomicMolecularPhysics.lean	241
302	theorem	domain_sigma_nonneg	AtomicMolecularPhysics.lean	248
303	theorem	NW_score_nonneg	BioinformaticsTheory.lean	17
304	theorem	SW_nonneg	BioinformaticsTheory.lean	21
305	theorem	seq_hamming_nonneg	BioinformaticsTheory.lean	30
306	theorem	complement_involutive	BioinformaticsTheory.lean	43
307	theorem	GC_content_nonneg	BioinformaticsTheory.lean	49
308	theorem	JC_distance_nonneg	BioinformaticsTheory.lean	65
309	theorem	domain_seq_length	BioinformaticsTheory.lean	91
310	theorem	domain_hamming_nonneg	BioinformaticsTheory.lean	96
311	theorem	domain_complement_invol	BioinformaticsTheory.lean	102
312	theorem	cat_id_left	CategoryTheoryAdvanced.lean	27
313	theorem	cat_assoc	CategoryTheoryAdvanced.lean	32
314	theorem	functor_preserves_id	CategoryTheoryAdvanced.lean	56
315	theorem	functor_preserves_comp	CategoryTheoryAdvanced.lean	62
316	theorem	nat_trans_naturality	CategoryTheoryAdvanced.lean	90
317	theorem	pullback_proxy	CategoryTheoryAdvanced.lean	131
318	theorem	adjunction_hom_proxy	CategoryTheoryAdvanced.lean	155
319	theorem	monad_unit_proxy	CategoryTheoryAdvanced.lean	175
320	theorem	kleisli_nonneg	CategoryTheoryAdvanced.lean	185
321	theorem	topos_has_classifier	CategoryTheoryAdvanced.lean	197
322	theorem	topos_logic_nonneg	CategoryTheoryAdvanced.lean	203
323	theorem	CCC_proxy	CategoryTheoryAdvanced.lean	210
324	theorem	enriched_hom_holds	CategoryTheoryAdvanced.lean	224
325	theorem	ab_enriched_comm	CategoryTheoryAdvanced.lean	233
326	theorem	zero_diff_sq	CategoryTheoryAdvanced.lean	242
327	theorem	AWM_cat_id	CategoryTheoryAdvanced.lean	268
328	theorem	AWM_cat_assoc	CategoryTheoryAdvanced.lean	271
329	theorem	AWM_functor_id	CategoryTheoryAdvanced.lean	287
330	theorem	AWM_obj_count	CategoryTheoryAdvanced.lean	295
331	theorem	AWM_hom_nonneg	CategoryTheoryAdvanced.lean	300
332	theorem	AWM_pullback	CategoryTheoryAdvanced.lean	307
333	theorem	parity_check	CodingTheory.lean	19
334	theorem	min_distance_nonneg	CodingTheory.lean	33
335	theorem	code_rate_nonneg	CodingTheory.lean	42
336	theorem	code_rate_le_one	CodingTheory.lean	47
337	theorem	hamming_n_pos	CodingTheory.lean	59
338	theorem	hamming_error_correction	CodingTheory.lean	67
339	theorem	hamming_perfect_proxy	CodingTheory.lean	70
340	theorem	hamming_singleton	CodingTheory.lean	74
341	theorem	cyclic_shift_twice	CodingTheory.lean	88
342	theorem	gen_poly_degree_nonneg	CodingTheory.lean	100
343	theorem	BCH_distance_proxy	CodingTheory.lean	105
344	theorem	RS_meets_singleton	CodingTheory.lean	112
345	theorem	RS_distance_pos	CodingTheory.lean	116
346	theorem	vandermonde_nonneg	CodingTheory.lean	120
347	theorem	RS_corrects	CodingTheory.lean	123
348	theorem	tanner_var_degree_nonneg	CodingTheory.lean	135
349	theorem	BP_nonneg	CodingTheory.lean	140
350	theorem	LDPC_capacity_proxy	CodingTheory.lean	143
351	theorem	gallager_bound_proxy	CodingTheory.lean	147
352	theorem	interleaver_pos	CodingTheory.lean	154
353	theorem	bhattacharyya_nonneg	CodingTheory.lean	161
354	theorem	bhattacharyya_le_one	CodingTheory.lean	166
355	theorem	polarization_proxy	CodingTheory.lean	175
356	theorem	singleton_bound	CodingTheory.lean	181
357	theorem	plotkin_bound_proxy	CodingTheory.lean	186
358	theorem	GV_bound_proxy	CodingTheory.lean	190
359	theorem	EB_bound_proxy	CodingTheory.lean	193
360	theorem	johnson_bound	CodingTheory.lean	196
361	theorem	network_capacity_nonneg	CodingTheory.lean	205
362	theorem	max_flow_proxy	CodingTheory.lean	209
363	theorem	RLNC_proxy	CodingTheory.lean	213
364	theorem	AWM_code_d_pos	CodingTheory.lean	232
365	theorem	AWM_code_rate_nonneg	CodingTheory.lean	236
366	theorem	AWM_code_rate_le_one	CodingTheory.lean	240
367	theorem	domain_bhatt_nonneg	CodingTheory.lean	248
368	theorem	domain_bhatt_le_one	CodingTheory.lean	253
369	theorem	domain_net_cap_nonneg	CodingTheory.lean	261
370	theorem	domain_RS_pos	CodingTheory.lean	265
371	theorem	hamming_covers_AWM	CodingTheory.lean	269
372	theorem	card_fin	Combinatorics.lean	11
373	theorem	card_product	Combinatorics.lean	15
374	theorem	card_function	Combinatorics.lean	19
375	theorem	pigeonhole	Combinatorics.lean	23
376	theorem	choose_pos	Combinatorics.lean	33
377	theorem	choose_symm	Combinatorics.lean	37
378	theorem	choose_succ_succ	Combinatorics.lean	41
379	theorem	binomial_theorem_two	Combinatorics.lean	46
380	theorem	choose_le_pow	Combinatorics.lean	51
381	theorem	ogf_nonneg	Combinatorics.lean	84
382	theorem	egf_nonneg	Combinatorics.lean	99
383	theorem	ramsey_3_3	Combinatorics.lean	114
384	theorem	ramsey_lower_bound	Combinatorics.lean	117
385	theorem	vdW_nonneg	Combinatorics.lean	120
386	theorem	HJ_nonneg	Combinatorics.lean	123
387	theorem	handshaking	Combinatorics.lean	140
388	theorem	degree_nonneg	Combinatorics.lean	166
389	theorem	complete_graph_edges	Combinatorics.lean	176
390	theorem	bell_pos	Combinatorics.lean	193
391	theorem	stirling2_diag	Combinatorics.lean	219
392	theorem	catalan_pos	Combinatorics.lean	236
393	theorem	catalan_zero	Combinatorics.lean	251
394	theorem	catalan_one	Combinatorics.lean	252
395	theorem	catalan_two	Combinatorics.lean	253
396	theorem	inclusion_exclusion_two	Combinatorics.lean	259
397	theorem	inclusion_exclusion_nonneg	Combinatorics.lean	266
398	theorem	subset_card_le	Combinatorics.lean	271
399	theorem	domain_count	Combinatorics.lean	289
400	theorem	domain_pairs	Combinatorics.lean	292
401	theorem	domain_subsets	Combinatorics.lean	295
402	theorem	domain_bell_pos	Combinatorics.lean	301
403	theorem	domain_graph_sym	Combinatorics.lean	308
404	theorem	domain_catalan_pos	Combinatorics.lean	313
405	theorem	CR_holds	ComplexAnalysis.lean	17
406	theorem	harmonic_proxy	ComplexAnalysis.lean	23
407	theorem	cauchy_integral_nonneg	ComplexAnalysis.lean	29
408	theorem	cauchy_theorem_zero	ComplexAnalysis.lean	38
409	theorem	max_modulus_proxy	ComplexAnalysis.lean	41
410	theorem	residue_theorem_proxy	ComplexAnalysis.lean	50
411	theorem	laurent_nonneg	ComplexAnalysis.lean	63
412	theorem	mobius_denom_ne_zero	ComplexAnalysis.lean	81
413	theorem	riemann_mapping_nonneg	ComplexAnalysis.lean	87
414	theorem	schwarz_lemma_proxy	ComplexAnalysis.lean	91
415	theorem	liouville_proxy	ComplexAnalysis.lean	98
416	theorem	FTA_proxy	ComplexAnalysis.lean	103
417	theorem	weierstrass_nonneg	ComplexAnalysis.lean	109
418	theorem	zeta_partial_nonneg	ComplexAnalysis.lean	120
419	theorem	euler_product_nonneg	ComplexAnalysis.lean	131
420	theorem	identity_theorem_proxy	ComplexAnalysis.lean	154
421	theorem	monodromy_nonneg	ComplexAnalysis.lean	159
422	theorem	radius_pos	ComplexAnalysis.lean	167
423	theorem	poly_eval_nonneg	ComplexAnalysis.lean	172
424	theorem	poly_degree_nonneg	ComplexAnalysis.lean	182
425	theorem	gauss_lucas_proxy	ComplexAnalysis.lean	187
426	theorem	domain_transfer_pos	ComplexAnalysis.lean	204
427	theorem	domain_residue_pos	ComplexAnalysis.lean	215
428	theorem	domain_zeta_nonneg	ComplexAnalysis.lean	228
429	theorem	zero_vector_sparse	CompressedSensing.lean	15
430	theorem	sparse_zero_implies_zero	CompressedSensing.lean	19
431	theorem	support_card_le_sparse	CompressedSensing.lean	36
432	theorem	support_empty_iff_zero	CompressedSensing.lean	41
433	theorem	l0_nonneg	CompressedSensing.lean	52
434	theorem	l0_zero_iff_zero	CompressedSensing.lean	55
435	theorem	RIP_upper_bound	CompressedSensing.lean	77
436	theorem	RIP_lower_bound	CompressedSensing.lean	86
437	theorem	RIP_injective	CompressedSensing.lean	96
438	theorem	lasso_nonneg	CompressedSensing.lean	131
439	theorem	lasso_at_zero	CompressedSensing.lean	143
440	theorem	lasso_sparsity_from_lambda	CompressedSensing.lean	151
441	theorem	l1_norm_nonneg	CompressedSensing.lean	165
442	theorem	l1_norm_zero_iff	CompressedSensing.lean	170
443	theorem	l1_norm_triangle	CompressedSensing.lean	177
444	theorem	l1_recovery_condition	CompressedSensing.lean	191
445	theorem	sqrt2_minus_one_pos	CompressedSensing.lean	195
446	theorem	OMP_residual_decreases	CompressedSensing.lean	216
447	theorem	OMP_terminates	CompressedSensing.lean	224
448	theorem	measurement_lower_bound	CompressedSensing.lean	234
449	theorem	random_matrix_measurements	CompressedSensing.lean	239
450	theorem	measurements_exceed_2k	CompressedSensing.lean	248
451	theorem	JL_dim_pos	CompressedSensing.lean	261
452	theorem	sparse_anomaly_small	CompressedSensing.lean	302
453	theorem	anomaly_l1_nonneg	CompressedSensing.lean	319
454	theorem	anomaly_recovery_possible	CompressedSensing.lean	326
455	theorem	monitor_subset_all	CompressedSensing.lean	340
456	theorem	monitor_empty_when_all_safe	CompressedSensing.lean	346
457	theorem	healthy_system_no_anomaly	CompressedSensing.lean	356
458	theorem	big_O_refl	ComputationalComplexity.lean	22
459	theorem	big_O_trans	ComputationalComplexity.lean	27
460	theorem	linear_is_poly	ComputationalComplexity.lean	51
461	theorem	quadratic_is_poly	ComputationalComplexity.lean	56
462	theorem	nat_lt_two_pow_self	ComputationalComplexity.lean	61
463	theorem	exp_not_poly_proxy	ComputationalComplexity.lean	69
464	theorem	log_sublinear_proxy	ComputationalComplexity.lean	76
465	theorem	poly_space_nonneg	ComputationalComplexity.lean	90
466	theorem	L_subset_P_proxy	ComputationalComplexity.lean	97
467	theorem	complement_involutive	ComputationalComplexity.lean	111
468	theorem	reduces_refl	ComputationalComplexity.lean	121
469	theorem	reduces_trans	ComputationalComplexity.lean	125
470	theorem	SAT_in_NP	ComputationalComplexity.lean	147
471	theorem	cook_levin_proxy	ComputationalComplexity.lean	153
472	theorem	circuit_size_nonneg	ComputationalComplexity.lean	160
473	theorem	circuit_depth_nonneg	ComputationalComplexity.lean	163
474	theorem	AND_comm	ComputationalComplexity.lean	168
475	theorem	OR_assoc	ComputationalComplexity.lean	175
476	theorem	NOT_involutive	ComputationalComplexity.lean	183
477	theorem	every_prob_in_BPP	ComputationalComplexity.lean	194
478	theorem	derandom_proxy	ComputationalComplexity.lean	199
479	theorem	schwartz_zippel_proxy	ComputationalComplexity.lean	202
480	theorem	IP_PSPACE_proxy	ComputationalComplexity.lean	211
481	theorem	ZK_proxy	ComputationalComplexity.lean	214
482	theorem	PCP_proxy	ComputationalComplexity.lean	217
483	theorem	AM_proxy	ComputationalComplexity.lean	220
484	theorem	domain_size_poly	ComputationalComplexity.lean	236
485	theorem	domain_complement	ComputationalComplexity.lean	245
486	theorem	domain_self_reduces	ComputationalComplexity.lean	251
487	theorem	domain_bigO	ComputationalComplexity.lean	256
488	theorem	domain_AND	ComputationalComplexity.lean	261
489	theorem	domain_exp_proxy	ComputationalComplexity.lean	265
490	theorem	lattice_vector_linear	CondensedMatterPhysics.lean	16
491	theorem	reciprocal_lattice_nonneg	CondensedMatterPhysics.lean	26
492	theorem	unit_cell_pos	CondensedMatterPhysics.lean	29
493	theorem	bloch_norm_nonneg	CondensedMatterPhysics.lean	40
494	theorem	crystal_momentum_proxy	CondensedMatterPhysics.lean	45
495	theorem	band_gap_nonneg	CondensedMatterPhysics.lean	59
496	theorem	effective_mass_pos	CondensedMatterPhysics.lean	63
497	theorem	fermi_energy_pos	CondensedMatterPhysics.lean	67
498	theorem	DOS_nonneg	CondensedMatterPhysics.lean	71
499	theorem	fermi_dirac_pos	CondensedMatterPhysics.lean	82
500	theorem	fermi_dirac_lt_one	CondensedMatterPhysics.lean	90
501	theorem	phonon_nonneg	CondensedMatterPhysics.lean	108
502	theorem	debye_temp_pos	CondensedMatterPhysics.lean	117
503	theorem	einstein_energy_pos	CondensedMatterPhysics.lean	125
504	theorem	BCS_gap_nonneg	CondensedMatterPhysics.lean	141
505	theorem	london_depth_pos	CondensedMatterPhysics.lean	149
506	theorem	meissner_proxy	CondensedMatterPhysics.lean	153
507	theorem	curie_nonneg	CondensedMatterPhysics.lean	164
508	theorem	exchange_proxy	CondensedMatterPhysics.lean	169
509	theorem	magnon_nonneg	CondensedMatterPhysics.lean	173
510	theorem	chern_integer	CondensedMatterPhysics.lean	186
511	theorem	topo_insulator_proxy	CondensedMatterPhysics.lean	190
512	theorem	bulk_boundary_proxy	CondensedMatterPhysics.lean	193
513	theorem	domain_FD_pos	CondensedMatterPhysics.lean	214
514	theorem	domain_FD_lt_one	CondensedMatterPhysics.lean	218
515	theorem	domain_phonon_nonneg	CondensedMatterPhysics.lean	225
516	theorem	domain_BCS_nonneg	CondensedMatterPhysics.lean	232
517	theorem	domain_curie_nonneg	CondensedMatterPhysics.lean	239
518	theorem	domain_chern	CondensedMatterPhysics.lean	243
519	theorem	virasoro_central_zero_at_zero	ConformalFieldTheory.lean	15
520	theorem	virasoro_central_zero_at_one	ConformalFieldTheory.lean	19
521	theorem	virasoro_central_zero_at_neg_one	ConformalFieldTheory.lean	23
522	theorem	virasoro_central_antisymm	ConformalFieldTheory.lean	27
523	theorem	virasoro_central_pos_large_m	ConformalFieldTheory.lean	33
524	theorem	virasoro_bracket_antisymm	ConformalFieldTheory.lean	43
525	theorem	virasoro_bracket_self_zero	ConformalFieldTheory.lean	48
526	theorem	virasoro_jacobi_linear	ConformalFieldTheory.lean	52
527	theorem	scaling_dim_nonneg	ConformalFieldTheory.lean	79
528	theorem	identity_unitary	ConformalFieldTheory.lean	87
529	theorem	OPE_triangle	ConformalFieldTheory.lean	91
530	theorem	descendant_dim_ge_primary	ConformalFieldTheory.lean	100
531	theorem	descendant_dim_strictly_above	ConformalFieldTheory.lean	107
532	theorem	free_boson_central_charge	ConformalFieldTheory.lean	120
533	theorem	free_fermion_central_charge	ConformalFieldTheory.lean	124
534	theorem	c_theorem_equality_fixed_point	ConformalFieldTheory.lean	132
535	theorem	c_theorem_strict_flow	ConformalFieldTheory.lean	136
536	theorem	c_function_pos	ConformalFieldTheory.lean	147
537	theorem	state_energy_nonneg	ConformalFieldTheory.lean	169
538	theorem	radial_map_pos	ConformalFieldTheory.lean	184
539	theorem	radial_map_log_inverse	ConformalFieldTheory.lean	187
540	theorem	partition_function_CFT_pos	ConformalFieldTheory.lean	202
541	theorem	cardy_entropy_pos	ConformalFieldTheory.lean	216
542	theorem	OPE_coefficient_sq_nonneg	ConformalFieldTheory.lean	232
543	theorem	OPE_exponent_negative_for_light_exchange	ConformalFieldTheory.lean	240
544	theorem	conformal_block_pos	ConformalFieldTheory.lean	260
545	theorem	four_point_nonneg	ConformalFieldTheory.lean	276
546	theorem	block_recursion_base	ConformalFieldTheory.lean	285
547	theorem	ising_central_charge	ConformalFieldTheory.lean	301
548	theorem	tricritical_ising_c	ConformalFieldTheory.lean	305
549	theorem	kac_dim_identity_op	ConformalFieldTheory.lean	313
550	theorem	verlinde_nonneg	ConformalFieldTheory.lean	318
551	theorem	system_scaling_nonneg	ConformalFieldTheory.lean	356
552	theorem	AWM_central_charge	ConformalFieldTheory.lean	363
553	theorem	AWM_partition_pos	ConformalFieldTheory.lean	373
554	theorem	domain_OPE_unitary	ConformalFieldTheory.lean	382
555	theorem	AWM_c_theorem	ConformalFieldTheory.lean	388
556	theorem	zero_in_hyperplane	ContactGeometry.lean	30
557	theorem	reeb_norm_sq	ContactGeometry.lean	45
558	theorem	reeb_flow_proxy	ContactGeometry.lean	58
559	theorem	periodic_orbit_proxy	ContactGeometry.lean	61
560	theorem	zero_legendrian	ContactGeometry.lean	75
561	theorem	legendrian_isotopy_proxy	ContactGeometry.lean	81
562	theorem	TB_proxy	ContactGeometry.lean	84
563	theorem	identity_contactomorphism	ContactGeometry.lean	103
564	theorem	gray_stability_proxy	ContactGeometry.lean	108
565	theorem	symplect_form_pos	ContactGeometry.lean	120
566	theorem	SFT_proxy	ContactGeometry.lean	128
567	theorem	contact_H_linear	ContactGeometry.lean	141
568	theorem	contact_dissipation_proxy	ContactGeometry.lean	155
569	theorem	standard_is_tight	ContactGeometry.lean	165
570	theorem	bennequin_proxy	ContactGeometry.lean	168
571	theorem	eliashberg_proxy	ContactGeometry.lean	171
572	theorem	contact_symplectic_proxy	ContactGeometry.lean	178
573	theorem	weinstein_conjecture_proxy	ContactGeometry.lean	181
574	theorem	standard_fillable	ContactGeometry.lean	187
575	theorem	AWM_contact_dim_eq	ContactGeometry.lean	205
576	theorem	AWM_reeb_norm	ContactGeometry.lean	212
577	theorem	AWM_zero_hyperplane	ContactGeometry.lean	220
578	theorem	AWM_zero_legendrian	ContactGeometry.lean	226
579	theorem	AWM_identity_contact	ContactGeometry.lean	232
580	theorem	AWM_contact_H_linear	ContactGeometry.lean	237
581	theorem	AWM_symplect_pos	ContactGeometry.lean	246
582	theorem	state_derivative_zero_input	ControlTheory.lean	22
583	theorem	state_derivative_zero_state	ControlTheory.lean	27
584	theorem	state_derivative_linear	ControlTheory.lean	32
585	theorem	zero_is_equilibrium_zero_input	ControlTheory.lean	41
586	theorem	lyapunov_stable	ControlTheory.lean	53
587	theorem	quadratic_lyapunov_pos	ControlTheory.lean	63
588	theorem	quadratic_lyapunov_zero	ControlTheory.lean	69
589	theorem	QL_derivative_neg_stable	ControlTheory.lean	77
590	theorem	exponential_stability	ControlTheory.lean	85
591	theorem	pid_zero_at_equilibrium	ControlTheory.lean	109
592	theorem	pid_output_linear	ControlTheory.lean	114
593	theorem	pid_proportional_dominates	ControlTheory.lean	122
594	theorem	integral_zero_at_setpoint	ControlTheory.lean	132
595	theorem	stable_pole_implies_decay	ControlTheory.lean	144
596	theorem	dc_gain_finite	ControlTheory.lean	154
597	theorem	gain_magnitude_pos	ControlTheory.lean	163
598	theorem	gain_decreases_with_frequency	ControlTheory.lean	177
599	theorem	closed_loop_stable_condition	ControlTheory.lean	196
600	theorem	pole_placement	ControlTheory.lean	201
601	theorem	stabilizing_gain_works	ControlTheory.lean	213
602	theorem	single_input_controllable	ControlTheory.lean	225
603	theorem	single_output_observable	ControlTheory.lean	238
604	theorem	duality_principle	ControlTheory.lean	245
605	theorem	gain_margin_pos	ControlTheory.lean	255
606	theorem	gain_margin_gt_one_stable	ControlTheory.lean	261
607	theorem	phase_margin_pos_stable	ControlTheory.lean	273
608	theorem	all_domains_stable	ControlTheory.lean	303
609	theorem	system_lyapunov_nonneg	ControlTheory.lean	315
610	theorem	system_lyapunov_zero_at_rest	ControlTheory.lean	323
611	theorem	domain_pid_zero_at_equilibrium	ControlTheory.lean	332
612	theorem	governance_approved_all_stable	ControlTheory.lean	342
613	theorem	state_energy_nonneg	ControlTheoryAdvanced.lean	23
614	theorem	zero_equilibrium	ControlTheoryAdvanced.lean	36
615	theorem	quadratic_V_nonneg	ControlTheoryAdvanced.lean	58
616	theorem	exp_stable_proxy	ControlTheoryAdvanced.lean	66
617	theorem	controllability_rank_proxy	ControlTheoryAdvanced.lean	85
618	theorem	observability_proxy	ControlTheoryAdvanced.lean	89
619	theorem	PBH_proxy	ControlTheoryAdvanced.lean	93
620	theorem	poles_proxy	ControlTheoryAdvanced.lean	111
621	theorem	gain_margin_pos	ControlTheoryAdvanced.lean	118
622	theorem	phase_margin_proxy	ControlTheoryAdvanced.lean	122
623	theorem	PID_zero_error	ControlTheoryAdvanced.lean	135
624	theorem	windup_bound	ControlTheoryAdvanced.lean	140
625	theorem	ZN_proxy	ControlTheoryAdvanced.lean	145
626	theorem	LQR_cost_nonneg	ControlTheoryAdvanced.lean	161
627	theorem	riccati_proxy	ControlTheoryAdvanced.lean	173
628	theorem	PMP_proxy	ControlTheoryAdvanced.lean	177
629	theorem	H_inf_nonneg	ControlTheoryAdvanced.lean	190
630	theorem	small_gain_proxy	ControlTheoryAdvanced.lean	199
631	theorem	mu_proxy	ControlTheoryAdvanced.lean	205
632	theorem	IO_linearization_proxy	ControlTheoryAdvanced.lean	213
633	theorem	feedback_lin_proxy	ControlTheoryAdvanced.lean	217
634	theorem	sliding_surface_linear	ControlTheoryAdvanced.lean	225
635	theorem	backstepping_proxy	ControlTheoryAdvanced.lean	239
636	theorem	domain_state_E_nonneg	ControlTheoryAdvanced.lean	259
637	theorem	domain_LQR_nonneg	ControlTheoryAdvanced.lean	268
638	theorem	domain_PID_zero	ControlTheoryAdvanced.lean	284
639	theorem	domain_Hinf_nonneg	ControlTheoryAdvanced.lean	292
640	theorem	domain_sliding_linear	ControlTheoryAdvanced.lean	297
641	theorem	convex_nonneg_combination	ConvexAnalysis.lean	11
642	theorem	convex_midpoint	ConvexAnalysis.lean	18
643	theorem	quadratic_convex	ConvexAnalysis.lean	26
644	theorem	affine_convex	ConvexAnalysis.lean	33
645	theorem	convex_sum	ConvexAnalysis.lean	39
646	theorem	convex_smul	ConvexAnalysis.lean	47
647	theorem	subdiff_convex	ConvexAnalysis.lean	57
648	theorem	zero_in_subdiff_at_min	ConvexAnalysis.lean	63
649	theorem	subdiff_monotone	ConvexAnalysis.lean	69
650	theorem	fenchel_young_holds	ConvexAnalysis.lean	83
651	theorem	conjugate_quadratic	ConvexAnalysis.lean	88
652	theorem	fenchel_young_quadratic	ConvexAnalysis.lean	91
653	theorem	double_conjugate_common_lower_bound	ConvexAnalysis.lean	95
654	theorem	moreau_envelope_nonneg	ConvexAnalysis.lean	109
655	theorem	proximal_fixed_at_min	ConvexAnalysis.lean	121
656	theorem	proximal_nonexpansive	ConvexAnalysis.lean	129
657	theorem	descent_algebra_identity	ConvexAnalysis.lean	159
658	theorem	descent_lemma	ConvexAnalysis.lean	165
659	theorem	gradient_descent_progress	ConvexAnalysis.lean	178
660	theorem	weak_duality	ConvexAnalysis.lean	197
661	theorem	dual_lower_bound	ConvexAnalysis.lean	204
662	theorem	strong_duality_KKT	ConvexAnalysis.lean	213
663	theorem	proj_interval_in_bounds	ConvexAnalysis.lean	224
664	theorem	proj_interval_nonexpansive	ConvexAnalysis.lean	233
665	theorem	proj_halfspace_feasible	ConvexAnalysis.lean	259
666	theorem	system_cost_nonneg	ConvexAnalysis.lean	281
667	theorem	system_cost_convex	ConvexAnalysis.lean	289
668	theorem	system_gradient_decreases	ConvexAnalysis.lean	312
669	theorem	gcd_comm	CryptographyTheory.lean	10
670	theorem	gcd_dvd_left	CryptographyTheory.lean	14
671	theorem	gcd_dvd_right	CryptographyTheory.lean	18
672	theorem	coprime_iff	CryptographyTheory.lean	22
673	theorem	totient_pos	CryptographyTheory.lean	26
674	theorem	fermat_little	CryptographyTheory.lean	30
675	theorem	bezout	CryptographyTheory.lean	46
676	theorem	RSA_modulus_pos	CryptographyTheory.lean	59
677	theorem	RSA_totient	CryptographyTheory.lean	64
678	theorem	RSA_correct_proxy	CryptographyTheory.lean	71
679	theorem	RSA_key_size_pos	CryptographyTheory.lean	75
680	theorem	DH_shared_secret	CryptographyTheory.lean	85
681	theorem	order_pos_proxy	CryptographyTheory.lean	93
682	theorem	BSGS_complexity	CryptographyTheory.lean	99
683	theorem	ec_identity_is_none	CryptographyTheory.lean	116
684	theorem	ECC_efficiency_proxy	CryptographyTheory.lean	119
685	theorem	trivial_collision_resistant	CryptographyTheory.lean	128
686	theorem	birthday_threshold_pos	CryptographyTheory.lean	137
687	theorem	hash_security_nonneg	CryptographyTheory.lean	147
688	theorem	AES_secure_proxy	CryptographyTheory.lean	158
689	theorem	XOR_involutive	CryptographyTheory.lean	164
690	theorem	OTP_perfect_secrecy	CryptographyTheory.lean	168
691	theorem	key_schedule_nonneg	CryptographyTheory.lean	171
692	theorem	sig_correct_proxy	CryptographyTheory.lean	183
693	theorem	cert_chain_nonneg	CryptographyTheory.lean	193
694	theorem	trust_anchor_proxy	CryptographyTheory.lean	197
695	theorem	SVP_nonneg	CryptographyTheory.lean	205
696	theorem	LWE_nonneg	CryptographyTheory.lean	211
697	theorem	NTRU_proxy	CryptographyTheory.lean	214
698	theorem	hash_sig_proxy	CryptographyTheory.lean	218
699	theorem	domain_count_prime_factored	CryptographyTheory.lean	232
700	theorem	domain_totient	CryptographyTheory.lean	235
701	theorem	domain_DH	CryptographyTheory.lean	239
702	theorem	domain_birthday_pos	CryptographyTheory.lean	247
703	theorem	domain_hash_pos	CryptographyTheory.lean	254
704	theorem	domain_LWE	CryptographyTheory.lean	259
705	theorem	domain_sig_correct	CryptographyTheory.lean	269
706	theorem	manifold_dim_pos	DifferentialGeometry.lean	29
707	theorem	coord_smooth	DifferentialGeometry.lean	37
708	theorem	identity_diffeomorphism	DifferentialGeometry.lean	47
709	theorem	tangent_add	DifferentialGeometry.lean	61
710	theorem	tangent_smul	DifferentialGeometry.lean	72
711	theorem	pushforward_linear	DifferentialGeometry.lean	89
712	theorem	metric_inner_symm	DifferentialGeometry.lean	123
713	theorem	metric_inner_nonneg	DifferentialGeometry.lean	134
714	theorem	euclidean_inner_is_dot	DifferentialGeometry.lean	149
715	theorem	arc_length_nonneg	DifferentialGeometry.lean	170
716	theorem	christoffel_symm_lower	DifferentialGeometry.lean	196
717	theorem	geodesic_constant_speed	DifferentialGeometry.lean	217
718	theorem	riemann_antisymm	DifferentialGeometry.lean	240
719	theorem	flat_space_zero_riemann	DifferentialGeometry.lean	265
720	theorem	flat_space_zero_ricci	DifferentialGeometry.lean	271
721	theorem	flat_scalar_curvature_zero	DifferentialGeometry.lean	277
722	theorem	exact_implies_closed	DifferentialGeometry.lean	318
723	theorem	wedge_antisymm	DifferentialGeometry.lean	330
724	theorem	wedge_self_zero	DifferentialGeometry.lean	337
725	theorem	gaussian_curvature_sphere	DifferentialGeometry.lean	353
726	theorem	gaussian_curvature_plane	DifferentialGeometry.lean	358
727	theorem	gaussian_curvature_saddle	DifferentialGeometry.lean	362
728	theorem	sphere_euler_char	DifferentialGeometry.lean	372
729	theorem	torus_euler_char	DifferentialGeometry.lean	376
730	theorem	genus2_euler_char	DifferentialGeometry.lean	380
731	theorem	gauss_bonnet_sphere	DifferentialGeometry.lean	385
732	theorem	lie_bracket_self_zero	DifferentialGeometry.lean	407
733	theorem	lie_exp_at_zero	DifferentialGeometry.lean	419
734	theorem	lie_exp_positive	DifferentialGeometry.lean	423
735	theorem	BCH_first_order	DifferentialGeometry.lean	431
736	theorem	AWM_metric_symm	DifferentialGeometry.lean	462
737	theorem	AWM_distance_nonneg	DifferentialGeometry.lean	474
738	theorem	AWM_distance_zero_same	DifferentialGeometry.lean	480
739	theorem	AWM_distance_symm	DifferentialGeometry.lean	487
740	theorem	AWM_curvature_pos	DifferentialGeometry.lean	502
741	theorem	AWM_kinetic_nonneg	DifferentialGeometry.lean	526
742	theorem	parallel_transport_isometry	DifferentialGeometry.lean	535
743	theorem	binom_pos	DiscreteMathematics.lean	11
744	theorem	binom_sym	DiscreteMathematics.lean	15
745	theorem	pascal	DiscreteMathematics.lean	19
746	theorem	vandermonde	DiscreteMathematics.lean	24
747	theorem	pigeonhole	DiscreteMathematics.lean	30
748	theorem	perm_count	DiscreteMathematics.lean	41
749	theorem	factorial_pos	DiscreteMathematics.lean	46
750	theorem	derangement_proxy	DiscreteMathematics.lean	50
751	theorem	cycle_decomp_proxy	DiscreteMathematics.lean	54
752	theorem	stirling2_nonneg	DiscreteMathematics.lean	64
753	theorem	fib_pos	DiscreteMathematics.lean	76
754	theorem	fib_step_mono	DiscreteMathematics.lean	88
755	theorem	fib_mono	DiscreteMathematics.lean	93
756	theorem	catalan_pos	DiscreteMathematics.lean	110
757	theorem	bell_pos	DiscreteMathematics.lean	137
758	theorem	OGF_nonneg	DiscreteMathematics.lean	162
759	theorem	EGF_nonneg	DiscreteMathematics.lean	177
760	theorem	inclusion_exclusion	DiscreteMathematics.lean	192
761	theorem	mobius_proxy	DiscreteMathematics.lean	197
762	theorem	PIE_two	DiscreteMathematics.lean	200
763	theorem	ramsey_2_2	DiscreteMathematics.lean	211
764	theorem	ramsey_3_3_proxy	DiscreteMathematics.lean	225
765	theorem	ramsey_mult_proxy	DiscreteMathematics.lean	228
766	theorem	hamming_dist_nonneg	DiscreteMathematics.lean	240
767	theorem	hamming_dist_sym	DiscreteMathematics.lean	245
768	theorem	hamming_dist_zero	DiscreteMathematics.lean	254
769	theorem	bool_and_comm	DiscreteMathematics.lean	263
770	theorem	bool_or_comm	DiscreteMathematics.lean	267
771	theorem	bool_demorgan_and	DiscreteMathematics.lean	271
772	theorem	bool_demorgan_or	DiscreteMathematics.lean	275
773	theorem	bool_distrib	DiscreteMathematics.lean	279
774	theorem	domain_perm_count	DiscreteMathematics.lean	297
775	theorem	domain_fib_pos	DiscreteMathematics.lean	303
776	theorem	domain_catalan_pos	DiscreteMathematics.lean	307
777	theorem	domain_bell_pos	DiscreteMathematics.lean	311
778	theorem	domain_binom	DiscreteMathematics.lean	314
779	theorem	domain_OGF_nonneg	DiscreteMathematics.lean	321
780	theorem	domain_hamming_zero	DiscreteMathematics.lean	327
781	theorem	domain_demorgan	DiscreteMathematics.lean	332
782	theorem	flow_zero	DynamicalSystems.lean	17
783	theorem	flow_add	DynamicalSystems.lean	21
784	theorem	orbit_contains_initial	DynamicalSystems.lean	30
785	theorem	fixed_point_is_stable_trivial	DynamicalSystems.lean	50
786	theorem	lyapunov_nonneg	DynamicalSystems.lean	63
787	theorem	full_space_invariant	DynamicalSystems.lean	76
788	theorem	stable_manifold_contains_fp	DynamicalSystems.lean	86
789	theorem	poincare_time_pos	DynamicalSystems.lean	103
790	theorem	periodic_orbit_period_pos	DynamicalSystems.lean	112
791	theorem	lyapunov_exp_nonneg	DynamicalSystems.lean	126
792	theorem	hopf_eigen_pos	DynamicalSystems.lean	160
793	theorem	hamiltonian_nonneg	DynamicalSystems.lean	182
794	theorem	liouville_volume_nonneg	DynamicalSystems.lean	193
795	theorem	attractor_dim_pos	DynamicalSystems.lean	210
796	theorem	fixed_point_in_own_basin	DynamicalSystems.lean	220
797	theorem	domain_flow_zero	DynamicalSystems.lean	248
798	theorem	domain_lyapunov_nonneg	DynamicalSystems.lean	258
799	theorem	domain_attractor_pos	DynamicalSystems.lean	268
800	theorem	twenty_one_domains	EnergyDomain.lean	28
801	theorem	all_domains_nodup	EnergyDomain.lean	29
802	theorem	all_domains_complete	EnergyDomain.lean	30
803	theorem	priority_positive	EnergyDomain.lean	48
804	theorem	priority_bounded	EnergyDomain.lean	51
805	theorem	priority_injective	EnergyDomain.lean	54
806	theorem	closure_law	EnergyDomain.lean	70
807	theorem	system_valid	EnergyDomain.lean	74
808	theorem	closure_complete	EnergyDomain.lean	84
809	theorem	unification_law	EnergyDomain.lean	87
810	theorem	lawson_monotone_n	EnergyDomain.lean	107
811	theorem	betaStable_lower	EnergyDomain.lean	120
812	theorem	betaStable_upper	EnergyDomain.lean	121
813	theorem	betaStable_tighter	EnergyDomain.lean	123
814	theorem	netPower_scales	EnergyDomain.lean	130
815	theorem	controlStable_pos	EnergyDomain.lean	139
816	theorem	controlStable_faster_needed	EnergyDomain.lean	142
817	theorem	deiClosure_lawson	EnergyDomain.lean	165
818	theorem	deiClosure_beta	EnergyDomain.lean	168
819	theorem	deiClosure_power	EnergyDomain.lean	171
820	theorem	deiClosure_control	EnergyDomain.lean	175
821	theorem	deiClosure_all	EnergyDomain.lean	178
822	theorem	energy_domain_sealed	EnergyDomain.lean	204
823	theorem	measure_preserved	ErgodicTheory.lean	17
824	theorem	iterate_measure_preserved	ErgodicTheory.lean	22
825	theorem	time_average_nonneg	ErgodicTheory.lean	37
826	theorem	time_average_bounded	ErgodicTheory.lean	47
827	theorem	constant_ergodic	ErgodicTheory.lean	66
828	theorem	strong_implies_weak	ErgodicTheory.lean	87
829	theorem	mixing_rate_decays	ErgodicTheory.lean	100
830	theorem	partition_entropy_nonneg	ErgodicTheory.lean	123
831	theorem	uniform_max_partition_entropy	ErgodicTheory.lean	140
832	theorem	KS_entropy_lower_bound	ErgodicTheory.lean	150
833	theorem	poincare_recurrence	ErgodicTheory.lean	161
834	theorem	recurrence_bound_pos	ErgodicTheory.lean	176
835	theorem	lyapunov_positive_chaotic	ErgodicTheory.lean	191
836	theorem	lyapunov_negative_stable	ErgodicTheory.lean	194
837	theorem	lyapunov_linear_map	ErgodicTheory.lean	197
838	theorem	stable_manifold_contraction	ErgodicTheory.lean	208
839	theorem	stable_manifold_decays	ErgodicTheory.lean	216
840	theorem	pesin_entropy_nonneg	ErgodicTheory.lean	234
841	theorem	pesin_zero_for_stable	ErgodicTheory.lean	241
842	theorem	pesin_pos_for_chaotic	ErgodicTheory.lean	250
843	theorem	visit_frequency_nonneg	ErgodicTheory.lean	275
844	theorem	ergodic_margin_nonneg	ErgodicTheory.lean	287
845	theorem	rescale_M_N7	FSI.lean	22
846	theorem	remediation_reaches_target	FSI.lean	44
847	theorem	remediation_seals	FSI.lean	55
848	theorem	correct_bottleneck_others_unchanged	FSI.lean	78
849	theorem	correct_bottleneck_at_target	FSI.lean	85
850	theorem	correct_bottleneck_M_N7	FSI.lean	96
851	theorem	targeted_is_minimal_change	FSI.lean	118
852	theorem	kinetic_energy_nonneg	FluidDynamics.lean	22
853	theorem	pressure_gradient_proxy	FluidDynamics.lean	30
854	theorem	reynolds_nonneg	FluidDynamics.lean	39
855	theorem	momentum_conservation_proxy	FluidDynamics.lean	50
856	theorem	bernoulli_nonneg	FluidDynamics.lean	58
857	theorem	vorticity_antisym	FluidDynamics.lean	72
858	theorem	kolmogorov_pos	FluidDynamics.lean	84
859	theorem	energy_cascade_nonneg	FluidDynamics.lean	93
860	theorem	TKE_nonneg	FluidDynamics.lean	102
861	theorem	K41_proxy	FluidDynamics.lean	110
862	theorem	BL_thickness_nonneg	FluidDynamics.lean	120
863	theorem	displacement_thickness_nonneg	FluidDynamics.lean	128
864	theorem	skin_friction_pos	FluidDynamics.lean	136
865	theorem	circulation_nonneg	FluidDynamics.lean	160
866	theorem	alfven_nonneg	FluidDynamics.lean	178
867	theorem	magnetic_pressure_nonneg	FluidDynamics.lean	190
868	theorem	lundquist_nonneg	FluidDynamics.lean	201
869	theorem	CFL_zero_velocity	FluidDynamics.lean	215
870	theorem	upwind_stable	FluidDynamics.lean	222
871	theorem	FVM_conservation	FluidDynamics.lean	226
872	theorem	SIMPLE_proxy	FluidDynamics.lean	231
873	theorem	rossby_nonneg	FluidDynamics.lean	244
874	theorem	geostrophic_balance_proxy	FluidDynamics.lean	252
875	theorem	thermal_wind_nonneg	FluidDynamics.lean	258
876	theorem	domain_KE_nonneg	FluidDynamics.lean	292
877	theorem	domain_Re_nonneg	FluidDynamics.lean	301
878	theorem	domain_alfven_nonneg	FluidDynamics.lean	311
879	theorem	domain_TKE_nonneg	FluidDynamics.lean	319
880	theorem	domain_CFL	FluidDynamics.lean	323
881	theorem	domain_bernoulli_nonneg	FluidDynamics.lean	330
882	theorem	concat_assoc	FormalLanguageTheory.lean	18
883	theorem	concat_empty_left	FormalLanguageTheory.lean	24
884	theorem	concat_empty_right	FormalLanguageTheory.lean	29
885	theorem	length_concat	FormalLanguageTheory.lean	37
886	theorem	length_nonneg	FormalLanguageTheory.lean	44
887	theorem	lang_union_comm	FormalLanguageTheory.lean	70
888	theorem	lang_union_assoc	FormalLanguageTheory.lean	76
889	theorem	empty_lang_empty	FormalLanguageTheory.lean	108
890	theorem	epsilon_lang	FormalLanguageTheory.lean	112
891	theorem	DFA_run_empty	FormalLanguageTheory.lean	131
892	theorem	DFA_states_pos	FormalLanguageTheory.lean	139
893	theorem	CFG_rules_nonneg	FormalLanguageTheory.lean	156
894	theorem	CNF_proxy	FormalLanguageTheory.lean	161
895	theorem	CYK_proxy	FormalLanguageTheory.lean	165
896	theorem	PDA_empty_stack_proxy	FormalLanguageTheory.lean	175
897	theorem	PDA_CFG_equiv_proxy	FormalLanguageTheory.lean	178
898	theorem	TM_tape_nonneg	FormalLanguageTheory.lean	187
899	theorem	halting_undecidable_proxy	FormalLanguageTheory.lean	191
900	theorem	church_turing_proxy	FormalLanguageTheory.lean	194
901	theorem	RE_proxy	FormalLanguageTheory.lean	197
902	theorem	chomsky_hierarchy_proxy	FormalLanguageTheory.lean	212
903	theorem	pumping_regular_proxy	FormalLanguageTheory.lean	217
904	theorem	pumping_CFL_proxy	FormalLanguageTheory.lean	220
905	theorem	domain_alphabet_pos	FormalLanguageTheory.lean	238
906	theorem	domain_concat_assoc	FormalLanguageTheory.lean	242
907	theorem	domain_union_comm	FormalLanguageTheory.lean	250
908	theorem	domain_regex_empty	FormalLanguageTheory.lean	256
909	theorem	domain_DFA_run_empty	FormalLanguageTheory.lean	266
910	theorem	domain_length_nn	FormalLanguageTheory.lean	273
911	theorem	l2_norm_nonneg	FunctionalAnalysis.lean	16
912	theorem	l2_norm_zero_iff	FunctionalAnalysis.lean	20
913	theorem	l2_norm_smul	FunctionalAnalysis.lean	36
914	theorem	l2_norm_triangle	FunctionalAnalysis.lean	43
915	theorem	linf_norm_nonneg	FunctionalAnalysis.lean	88
916	theorem	l2_le_linf_sqrt	FunctionalAnalysis.lean	95
917	theorem	convergent_is_cauchy	FunctionalAnalysis.lean	136
918	theorem	geometric_series_converges	FunctionalAnalysis.lean	153
919	theorem	inner_product_symm	FunctionalAnalysis.lean	189
920	theorem	inner_product_nonneg	FunctionalAnalysis.lean	194
921	theorem	inner_product_zero_iff	FunctionalAnalysis.lean	199
922	theorem	cauchy_schwarz	FunctionalAnalysis.lean	212
923	theorem	parallelogram_law	FunctionalAnalysis.lean	219
924	theorem	pythagoras	FunctionalAnalysis.lean	236
925	theorem	projection_orthogonal	FunctionalAnalysis.lean	258
926	theorem	bounded_op_nonneg_const	FunctionalAnalysis.lean	300
927	theorem	identity_bounded	FunctionalAnalysis.lean	312
928	theorem	composition_bounded	FunctionalAnalysis.lean	316
929	theorem	self_adjoint_real_eigenvalues	FunctionalAnalysis.lean	346
930	theorem	eigenvalue_bounded	FunctionalAnalysis.lean	363
931	theorem	eigenvectors_orthogonal	FunctionalAnalysis.lean	375
932	theorem	trace_nonneg_psd	FunctionalAnalysis.lean	423
933	theorem	trace_linear	FunctionalAnalysis.lean	430
934	theorem	HS_norm_nonneg	FunctionalAnalysis.lean	442
935	theorem	riesz_representation	FunctionalAnalysis.lean	460
936	theorem	extension_bounded_functional	FunctionalAnalysis.lean	488
937	theorem	uniform_boundedness	FunctionalAnalysis.lean	521
938	theorem	AWM_inner_symm	FunctionalAnalysis.lean	549
939	theorem	AWM_inner_nonneg	FunctionalAnalysis.lean	555
940	theorem	AWM_cauchy_schwarz	FunctionalAnalysis.lean	560
941	theorem	AWM_norm_nonneg	FunctionalAnalysis.lean	571
942	theorem	AWM_norm_zero_iff	FunctionalAnalysis.lean	575
943	theorem	governance_preserves_zero	FunctionalAnalysis.lean	597
944	theorem	governance_spectral	FunctionalAnalysis.lean	612
945	theorem	AWM_norm_via_domain_mass	FunctionalAnalysis.lean	638
946	theorem	domain_governance_energy_nonneg	FunctionalAnalysis.lean	649
947	theorem	additive_zero	FunctionalEquations.lean	14
948	theorem	additive_neg	FunctionalEquations.lean	20
949	theorem	additive_int_multiple	FunctionalEquations.lean	27
950	theorem	linear_is_additive	FunctionalEquations.lean	39
951	theorem	multiplicative_one	FunctionalEquations.lean	50
952	theorem	jensen_implies_midpoint_convex	FunctionalEquations.lean	71
953	theorem	affine_is_jensen	FunctionalEquations.lean	77
954	theorem	identity_fixed_point	FunctionalEquations.lean	88
955	theorem	neg_is_involution	FunctionalEquations.lean	95
956	theorem	schroder_proxy	FunctionalEquations.lean	99
957	theorem	geometric_seq_nonneg	FunctionalEquations.lean	111
958	theorem	fib_succ_pos	FunctionalEquations.lean	122
959	theorem	fib_pos	FunctionalEquations.lean	130
960	theorem	sq_convex	FunctionalEquations.lean	143
961	theorem	abs_subadditive	FunctionalEquations.lean	151
962	theorem	cos_dalembert	FunctionalEquations.lean	166
963	theorem	superstability_proxy	FunctionalEquations.lean	176
964	theorem	domain_additive_exists	FunctionalEquations.lean	192
965	theorem	domain_sq_convex	FunctionalEquations.lean	196
966	theorem	domain_geo_nonneg	FunctionalEquations.lean	202
967	theorem	domain_fib_pos	FunctionalEquations.lean	207
968	theorem	domain_involution	FunctionalEquations.lean	211
969	theorem	domain_cos_dalembert	FunctionalEquations.lean	215
970	theorem	nash_player1_optimal	GameTheory.lean	22
971	theorem	nash_player2_optimal	GameTheory.lean	29
972	theorem	nash_no_profitable_deviation	GameTheory.lean	36
973	theorem	zero_sum_antisymm	GameTheory.lean	51
974	theorem	zero_sum_self_zero	GameTheory.lean	57
975	theorem	zero_sum_constant_total	GameTheory.lean	63
976	theorem	minimax_weak	GameTheory.lean	81
977	theorem	mixed_prob_le_one	GameTheory.lean	98
978	theorem	mixed_prob_nonneg	GameTheory.lean	105
979	theorem	expected_payoff_linear_sigma1	GameTheory.lean	125
980	theorem	dominated_never_best_response	GameTheory.lean	152
981	theorem	weak_dominance_implies_not_best	GameTheory.lean	168
982	theorem	pareto_welfare_increase	GameTheory.lean	191
983	theorem	coop_empty_zero	GameTheory.lean	210
984	theorem	coop_monotone	GameTheory.lean	213
985	theorem	replicator_sum_zero	GameTheory.lean	268
986	theorem	IR_all_above_reservation	GameTheory.lean	304
987	theorem	revenue_equivalence	GameTheory.lean	312
988	theorem	system_payoff_pos	GameTheory.lean	335
989	theorem	AWM_nash_system_safe	GameTheory.lean	349
990	theorem	cooperative_dominates_noncooperative	GameTheory.lean	359
991	theorem	AWM_pareto_improvement	GameTheory.lean	366
992	theorem	governance_mechanism_truthful	GameTheory.lean	376
993	theorem	metric_sym	GeneralRelativity.lean	15
994	theorem	minkowski_det	GeneralRelativity.lean	38
995	theorem	christoffel_sym	GeneralRelativity.lean	56
996	theorem	geodesic_proxy	GeneralRelativity.lean	65
997	theorem	riemann_antisym	GeneralRelativity.lean	78
998	theorem	stress_energy_diag_nonneg	GeneralRelativity.lean	111
999	theorem	conservation_proxy	GeneralRelativity.lean	119
1000	theorem	schwarzschild_pos	GeneralRelativity.lean	129
1001	theorem	redshift_pos	GeneralRelativity.lean	142
1002	theorem	redshift_le_one	GeneralRelativity.lean	151
1003	theorem	GW_strain_bounded	GeneralRelativity.lean	167
1004	theorem	quadrupole_nonneg	GeneralRelativity.lean	179
1005	theorem	LIGO_sensitivity_proxy	GeneralRelativity.lean	182
1006	theorem	hubble_nonneg	GeneralRelativity.lean	192
1007	theorem	scale_factor_pos	GeneralRelativity.lean	198
1008	theorem	dark_energy_nonneg	GeneralRelativity.lean	205
1009	theorem	CMB_temp_pos	GeneralRelativity.lean	211
1010	theorem	hawking_temp_pos	GeneralRelativity.lean	223
1011	theorem	BH_entropy_nonneg	GeneralRelativity.lean	237
1012	theorem	area_theorem	GeneralRelativity.lean	243
1013	theorem	domain_metric_sym	GeneralRelativity.lean	265
1014	theorem	domain_rs_pos	GeneralRelativity.lean	273
1015	theorem	domain_T_hawking_pos	GeneralRelativity.lean	283
1016	theorem	domain_BH_entropy_nonneg	GeneralRelativity.lean	293
1017	theorem	domain_hubble_nonneg	GeneralRelativity.lean	301
1018	theorem	domain_GW_bounded	GeneralRelativity.lean	309
1019	theorem	withinTolerance_symm	Governor.lean	12
1020	theorem	withinTolerance_upper	Governor.lean	17
1021	theorem	withinTolerance_lower	Governor.lean	20
1022	theorem	withinTolerance_triangle	Governor.lean	23
1023	theorem	withinTolerance_mono	Governor.lean	32
1024	theorem	safety_margin	Governor.lean	44
1025	theorem	safety_exceeds_limit	Governor.lean	55
1026	theorem	safety_factor_exact	Governor.lean	60
1027	theorem	qms_dimensional	Governor.lean	77
1028	theorem	qms_yield	Governor.lean	80
1029	theorem	redundancy_monotone	Governor.lean	90
1030	theorem	redundancy_deficit	Governor.lean	98
1031	theorem	governance_qms	Governor.lean	117
1032	theorem	governance_redundancy	Governor.lean	120
1033	theorem	governance_fails_without_qms	Governor.lean	123
1034	theorem	governance_fails_without_redundancy	Governor.lean	127
1035	theorem	governance_admissible_iff	Governor.lean	131
1036	theorem	degree_nonneg	GraphTheory.lean	20
1037	theorem	degree_lt_n	GraphTheory.lean	25
1038	theorem	handshaking	GraphTheory.lean	44
1039	theorem	single_vertex_path	GraphTheory.lean	117
1040	theorem	empty_path	GraphTheory.lean	123
1041	theorem	complete_graph_connected	GraphTheory.lean	139
1042	theorem	tree_edges_proxy	GraphTheory.lean	160
1043	theorem	prufer_count	GraphTheory.lean	163
1044	theorem	MST_nonneg	GraphTheory.lean	168
1045	theorem	trivial_coloring	GraphTheory.lean	186
1046	theorem	chromatic_lb_one	GraphTheory.lean	195
1047	theorem	brooks_proxy	GraphTheory.lean	199
1048	theorem	four_color_proxy	GraphTheory.lean	203
1049	theorem	euler_formula_proxy	GraphTheory.lean	208
1050	theorem	planar_edge_bound	GraphTheory.lean	213
1051	theorem	kuratowski_proxy	GraphTheory.lean	218
1052	theorem	adj_matrix_sym	GraphTheory.lean	229
1053	theorem	laplacian_sym	GraphTheory.lean	243
1054	theorem	spectral_gap_nonneg	GraphTheory.lean	255
1055	theorem	empty_matching	GraphTheory.lean	271
1056	theorem	konig_proxy	GraphTheory.lean	278
1057	theorem	max_flow_min_cut_proxy	GraphTheory.lean	281
1058	theorem	hall_proxy	GraphTheory.lean	286
1059	theorem	expected_degree_nonneg	GraphTheory.lean	295
1060	theorem	threshold_pos	GraphTheory.lean	308
1061	theorem	AWM_degree	GraphTheory.lean	342
1062	theorem	AWM_adj_sym	GraphTheory.lean	346
1063	theorem	AWM_edges	GraphTheory.lean	351
1064	theorem	AWM_handshaking	GraphTheory.lean	355
1065	theorem	AWM_matching_exists	GraphTheory.lean	360
1066	theorem	AWM_expected_degree_pos	GraphTheory.lean	364
1067	theorem	fourier_partial_nonneg	HarmonicAnalysis.lean	21
1068	theorem	parseval_proxy	HarmonicAnalysis.lean	37
1069	theorem	riemann_lebesgue_proxy	HarmonicAnalysis.lean	44
1070	theorem	DFT_linear	HarmonicAnalysis.lean	74
1071	theorem	IDFT_nonneg	HarmonicAnalysis.lean	90
1072	theorem	nyquist_proxy	HarmonicAnalysis.lean	103
1073	theorem	young_proxy	HarmonicAnalysis.lean	116
1074	theorem	mean_value_proxy	HarmonicAnalysis.lean	136
1075	theorem	max_principle_proxy	HarmonicAnalysis.lean	143
1076	theorem	harnack_nonneg	HarmonicAnalysis.lean	148
1077	theorem	FT_linear	HarmonicAnalysis.lean	162
1078	theorem	plancherel_proxy	HarmonicAnalysis.lean	174
1079	theorem	uncertainty_proxy	HarmonicAnalysis.lean	181
1080	theorem	Lp_norm_nonneg	HarmonicAnalysis.lean	200
1081	theorem	holder_discrete	HarmonicAnalysis.lean	205
1082	theorem	riesz_thorin_proxy	HarmonicAnalysis.lean	236
1083	theorem	morlet_bounded	HarmonicAnalysis.lean	249
1084	theorem	CWT_linear	HarmonicAnalysis.lean	273
1085	theorem	spectral_radius_formula	HarmonicAnalysis.lean	295
1086	theorem	resolvent_nonneg	HarmonicAnalysis.lean	299
1087	theorem	functional_calc_nonneg	HarmonicAnalysis.lean	303
1088	theorem	domain_DFT_linear	HarmonicAnalysis.lean	325
1089	theorem	domain_L2_nonneg	HarmonicAnalysis.lean	339
1090	theorem	domain_parseval	HarmonicAnalysis.lean	343
1091	theorem	domain_harmonic_nonneg	HarmonicAnalysis.lean	358
1092	theorem	d_sq_zero	HomologicalAlgebra.lean	22
1093	theorem	boundary_is_cycle	HomologicalAlgebra.lean	38
1094	theorem	cycle_space_closed_add	HomologicalAlgebra.lean	48
1095	theorem	boundary_closed_add	HomologicalAlgebra.lean	57
1096	theorem	homology_rank_nonneg	HomologicalAlgebra.lean	81
1097	theorem	euler_char_S2	HomologicalAlgebra.lean	96
1098	theorem	ses_gf_is_zero	HomologicalAlgebra.lean	122
1099	theorem	ses_splits_trivial	HomologicalAlgebra.lean	127
1100	theorem	connecting_map_cycle	HomologicalAlgebra.lean	144
1101	theorem	long_exact_nonneg_rank	HomologicalAlgebra.lean	151
1102	theorem	tor_proxy_zero	HomologicalAlgebra.lean	163
1103	theorem	ext_proxy_zero	HomologicalAlgebra.lean	174
1104	theorem	UCT_rank_nonneg	HomologicalAlgebra.lean	180
1105	theorem	spectral_page_nonneg	HomologicalAlgebra.lean	195
1106	theorem	spectral_limit_nonneg	HomologicalAlgebra.lean	201
1107	theorem	L0_is_F	HomologicalAlgebra.lean	223
1108	theorem	Ln_zero_n_pos	HomologicalAlgebra.lean	230
1109	theorem	domain_chain_d_sq	HomologicalAlgebra.lean	261
1110	theorem	domain_H0_pos	HomologicalAlgebra.lean	271
1111	theorem	domain_euler_AWM	HomologicalAlgebra.lean	281
1112	theorem	domain_rank_nullity_euler	HomologicalAlgebra.lean	285
1113	theorem	domain_euler_matches_rank_nullity	HomologicalAlgebra.lean	291
1114	theorem	domain_total_mass_pos	HomologicalAlgebra.lean	306
1115	theorem	domain_mass_eq_H0	HomologicalAlgebra.lean	310
1116	theorem	domain_hamiltonian_nonneg	HomologicalAlgebra.lean	321
1117	theorem	fisher_det_nonneg	InformationGeometry.lean	21
1118	theorem	fisher_trace_pos	InformationGeometry.lean	24
1119	theorem	fisher_cauchy_schwarz	InformationGeometry.lean	27
1120	theorem	natural_gradient_defined	InformationGeometry.lean	37
1121	theorem	cramer_rao_variance_pos	InformationGeometry.lean	50
1122	theorem	cramer_rao_efficiency_bound	InformationGeometry.lean	54
1123	theorem	efficiency_le_one	InformationGeometry.lean	61
1124	theorem	efficiency_pos	InformationGeometry.lean	67
1125	theorem	kl_nonneg_from_pinsker	InformationGeometry.lean	80
1126	theorem	mutual_info_nonneg	InformationGeometry.lean	91
1127	theorem	data_processing	InformationGeometry.lean	96
1128	theorem	manifold_dim_pos	InformationGeometry.lean	109
1129	theorem	geodesic_distance_nonneg	InformationGeometry.lean	112
1130	theorem	e_connection_valid	InformationGeometry.lean	118
1131	theorem	m_connection_valid	InformationGeometry.lean	119
1132	theorem	lc_connection_valid	InformationGeometry.lean	120
1133	theorem	info_pythagorean	InformationGeometry.lean	122
1134	theorem	log_partition_convex	InformationGeometry.lean	138
1135	theorem	fisher_from_convexity	InformationGeometry.lean	144
1136	theorem	domain_fisher_all_positive	InformationGeometry.lean	173
1137	theorem	info_closure_pos	InformationGeometry.lean	179
1138	theorem	natural_grad_domain_invariant	InformationGeometry.lean	186
1139	theorem	shannon_entropy_nonneg	InformationTheoryAdvanced.lean	21
1140	theorem	min_entropy_nonneg	InformationTheoryAdvanced.lean	52
1141	theorem	mutual_info_nonneg	InformationTheoryAdvanced.lean	83
1142	theorem	data_processing_proxy	InformationTheoryAdvanced.lean	88
1143	theorem	BSC_capacity_nonneg	InformationTheoryAdvanced.lean	104
1144	theorem	AWGN_capacity_nonneg	InformationTheoryAdvanced.lean	113
1145	theorem	shannon_capacity_proxy	InformationTheoryAdvanced.lean	121
1146	theorem	kraft_inequality	InformationTheoryAdvanced.lean	129
1147	theorem	huffman_optimal_proxy	InformationTheoryAdvanced.lean	136
1148	theorem	entropy_lb_proxy	InformationTheoryAdvanced.lean	143
1149	theorem	hamming_dist_nonneg	InformationTheoryAdvanced.lean	156
1150	theorem	hamming_dist_sym	InformationTheoryAdvanced.lean	161
1151	theorem	hamming_triangle	InformationTheoryAdvanced.lean	169
1152	theorem	singleton_bound	InformationTheoryAdvanced.lean	189
1153	theorem	hamming_bound_proxy	InformationTheoryAdvanced.lean	193
1154	theorem	distortion_nonneg	InformationTheoryAdvanced.lean	205
1155	theorem	rate_distortion_nonneg	InformationTheoryAdvanced.lean	218
1156	theorem	von_neumann_nonneg	InformationTheoryAdvanced.lean	238
1157	theorem	holevo_bound_proxy	InformationTheoryAdvanced.lean	254
1158	theorem	no_cloning_proxy	InformationTheoryAdvanced.lean	258
1159	theorem	KC_nonneg	InformationTheoryAdvanced.lean	268
1160	theorem	incompressible_exists	InformationTheoryAdvanced.lean	272
1161	theorem	MDL_nonneg	InformationTheoryAdvanced.lean	290
1162	theorem	domain_uniform_nn	InformationTheoryAdvanced.lean	312
1163	theorem	domain_uniform_sum	InformationTheoryAdvanced.lean	317
1164	theorem	domain_entropy_nonneg	InformationTheoryAdvanced.lean	326
1165	theorem	domain_capacity_nonneg	InformationTheoryAdvanced.lean	334
1166	theorem	domain_hamming_nonneg	InformationTheoryAdvanced.lean	338
1167	theorem	domain_vn_nonneg	InformationTheoryAdvanced.lean	348
1168	theorem	domain_distortion_nonneg	InformationTheoryAdvanced.lean	358
1169	theorem	domain_eigen_sum_pos	InformationTheoryAdvanced.lean	368
1170	theorem	domain_eigen_dist_nn	InformationTheoryAdvanced.lean	379
1171	theorem	domain_eigen_dist_sum	InformationTheoryAdvanced.lean	386
1172	theorem	domain_matrix_entropy_nonneg	InformationTheoryAdvanced.lean	396
1173	theorem	HS_norm_nonneg	IntegralEquations.lean	41
1174	theorem	identity_pd_kernel	IntegralEquations.lean	54
1175	theorem	neumann_bound_proxy	IntegralEquations.lean	90
1176	theorem	mercer_proxy	IntegralEquations.lean	106
1177	theorem	schmidt_proxy	IntegralEquations.lean	112
1178	theorem	kernel_trace_pd_nonneg	IntegralEquations.lean	119
1179	theorem	abel_inversion_proxy	IntegralEquations.lean	143
1180	theorem	abel_transform_nonneg	IntegralEquations.lean	146
1181	theorem	CPV_proxy	IntegralEquations.lean	158
1182	theorem	singular_kernel_proxy	IntegralEquations.lean	166
1183	theorem	IDE_proxy	IntegralEquations.lean	174
1184	theorem	renewal_eq_proxy	IntegralEquations.lean	177
1185	theorem	convolution_nonneg	IntegralEquations.lean	187
1186	theorem	quadrature_nonneg	IntegralEquations.lean	208
1187	theorem	nystrom_proxy	IntegralEquations.lean	222
1188	theorem	galerkin_proxy	IntegralEquations.lean	225
1189	theorem	domain_HS_nonneg	IntegralEquations.lean	251
1190	theorem	domain_trace_nonneg	IntegralEquations.lean	258
1191	theorem	domain_pd_kernel	IntegralEquations.lean	263
1192	theorem	domain_conv_nonneg	IntegralEquations.lean	273
1193	theorem	domain_quad_nonneg	IntegralEquations.lean	286
1194	theorem	lie_anti_sym	LieTheory.lean	22
1195	theorem	lie_jacobi	LieTheory.lean	30
1196	theorem	lie_self_zero	LieTheory.lean	38
1197	theorem	zero_struct_const_antisym	LieTheory.lean	65
1198	theorem	zero_struct_const_jacobi	LieTheory.lean	70
1199	theorem	exp_map_pos	LieTheory.lean	84
1200	theorem	exp_map_zero	LieTheory.lean	88
1201	theorem	exp_map_add	LieTheory.lean	92
1202	theorem	BCH_first_order	LieTheory.lean	100
1203	theorem	killing_form_symmetric	LieTheory.lean	118
1204	theorem	killing_form_bilinear	LieTheory.lean	125
1205	theorem	cartan_criterion_nonneg	LieTheory.lean	137
1206	theorem	root_system_nonempty	LieTheory.lean	153
1207	theorem	cartan_diag_two	LieTheory.lean	163
1208	theorem	An_rank_pos	LieTheory.lean	176
1209	theorem	weight_space_pos	LieTheory.lean	188
1210	theorem	sl2_casimir_nonneg	LieTheory.lean	217
1211	theorem	peter_weyl_nonneg	LieTheory.lean	226
1212	theorem	haar_nonneg	LieTheory.lean	236
1213	theorem	weyl_integration_nonneg	LieTheory.lean	242
1214	theorem	SU2_sigma3_trace	LieTheory.lean	265
1215	theorem	SO3_dim_pos	LieTheory.lean	274
1216	theorem	gauge_rank_nonneg	LieTheory.lean	280
1217	theorem	domain_lie_dim_pos	LieTheory.lean	300
1218	theorem	domain_killing_nonneg	LieTheory.lean	310
1219	theorem	domain_exp_pos	LieTheory.lean	321
1220	theorem	domain_casimir_nonneg	LieTheory.lean	329
1221	theorem	AWM_root_pos	LieTheory.lean	336
1222	theorem	vec_add_comm	LinearAlgebra.lean	12
1223	theorem	vec_add_assoc	LinearAlgebra.lean	17
1224	theorem	vec_zero_add	LinearAlgebra.lean	22
1225	theorem	scalar_distrib	LinearAlgebra.lean	27
1226	theorem	scalar_assoc	LinearAlgebra.lean	32
1227	theorem	matrix_mul_linear	LinearAlgebra.lean	46
1228	theorem	linear_comp_linear	LinearAlgebra.lean	56
1229	theorem	matrix_mul_assoc	LinearAlgebra.lean	75
1230	theorem	matrix_mul_one	LinearAlgebra.lean	80
1231	theorem	matrix_one_mul	LinearAlgebra.lean	85
1232	theorem	matrix_trace_add	LinearAlgebra.lean	90
1233	theorem	matrix_det_mul	LinearAlgebra.lean	96
1234	theorem	eigenpair_scalar	LinearAlgebra.lean	110
1235	theorem	char_poly_eigenvalue	LinearAlgebra.lean	133
1236	theorem	spectral_radius_nonneg	LinearAlgebra.lean	147
1237	theorem	inner_comm	LinearAlgebra.lean	163
1238	theorem	inner_nonneg	LinearAlgebra.lean	170
1239	theorem	inner_cauchy_schwarz	LinearAlgebra.lean	177
1240	theorem	gram_schmidt_nonneg	LinearAlgebra.lean	186
1241	theorem	rank_nullity	LinearAlgebra.lean	193
1242	theorem	rank_nonneg	LinearAlgebra.lean	200
1243	theorem	rank_le_min	LinearAlgebra.lean	205
1244	theorem	singular_values_nonneg	LinearAlgebra.lean	218
1245	theorem	LU_det	LinearAlgebra.lean	224
1246	theorem	QR_proxy	LinearAlgebra.lean	229
1247	theorem	spectral_theorem_proxy	LinearAlgebra.lean	234
1248	theorem	tensor_dim_comm	LinearAlgebra.lean	245
1249	theorem	tensor_dim_pos	LinearAlgebra.lean	249
1250	theorem	kronecker_trace	LinearAlgebra.lean	254
1251	theorem	domain_inner_nonneg	LinearAlgebra.lean	280
1252	theorem	domain_matrix_det_pos	LinearAlgebra.lean	289
1253	theorem	domain_matrix_rank	LinearAlgebra.lean	304
1254	theorem	domain_spectral_pos	LinearAlgebra.lean	320
1255	theorem	LEM_tautology	LogicModelTheory.lean	34
1256	theorem	double_neg	LogicModelTheory.lean	41
1257	theorem	modus_ponens	LogicModelTheory.lean	49
1258	theorem	sentence_pos	LogicModelTheory.lean	77
1259	theorem	forall_true	LogicModelTheory.lean	81
1260	theorem	compactness_proxy	LogicModelTheory.lean	99
1261	theorem	soundness_proxy	LogicModelTheory.lean	107
1262	theorem	first_incompleteness_proxy	LogicModelTheory.lean	119
1263	theorem	second_incompleteness_proxy	LogicModelTheory.lean	126
1264	theorem	godel_number_pos	LogicModelTheory.lean	142
1265	theorem	structure_domain_pos	LogicModelTheory.lean	163
1266	theorem	LS_downward_proxy	LogicModelTheory.lean	183
1267	theorem	trivial_ultrafilter	LogicModelTheory.lean	201
1268	theorem	los_theorem_proxy	LogicModelTheory.lean	211
1269	theorem	LEM_derivable	LogicModelTheory.lean	229
1270	theorem	cut_elim_proxy	LogicModelTheory.lean	235
1271	theorem	curry_howard_proxy	LogicModelTheory.lean	241
1272	theorem	dep_type_inhabited	LogicModelTheory.lean	253
1273	theorem	identity_type_refl	LogicModelTheory.lean	258
1274	theorem	PAT_proxy	LogicModelTheory.lean	263
1275	theorem	universe_nonneg	LogicModelTheory.lean	266
1276	theorem	domain_prop_tautology	LogicModelTheory.lean	286
1277	theorem	domain_model_pos	LogicModelTheory.lean	301
1278	theorem	domain_godel_pos	LogicModelTheory.lean	306
1279	theorem	domain_LEM	LogicModelTheory.lean	311
1280	theorem	AWM_consistent	LogicModelTheory.lean	318
1281	theorem	total_mass_pos	MC2Engine.lean	32
1282	theorem	load_factor_bounds	MC2Engine.lean	51
1283	theorem	load_factor_lt_one	MC2Engine.lean	56
1284	theorem	effective_mass_pos	MC2Engine.lean	66
1285	theorem	effective_mass_ge_mass	MC2Engine.lean	74
1286	theorem	collision_force_nonneg	MC2Engine.lean	102
1287	theorem	collision_force_zero_when_O_zero	MC2Engine.lean	108
1288	theorem	collision_force_mono_O	MC2Engine.lean	113
1289	theorem	displacement_nonneg	MC2Engine.lean	134
1290	theorem	displacement_zero_dt	MC2Engine.lean	141
1291	theorem	displacement_scale_dt	MC2Engine.lean	146
1292	theorem	retain_leak_sum	MC2Engine.lean	162
1293	theorem	coupling_strength_pos	MC2Engine.lean	171
1294	theorem	coupling_strength_symm	MC2Engine.lean	177
1295	theorem	update_origin_mono	MC2Engine.lean	191
1296	theorem	mc2_run_nonneg_delta	MC2Engine.lean	216
1297	theorem	mc2_run_zero_dt	MC2Engine.lean	223
1298	theorem	mc2_sorry_free	MC2Engine.lean	251
1299	theorem	mc2_sealed	MC2Engine.lean	252
1300	theorem	omega_linear_left	Manifold21.lean	31
1301	theorem	omega_antisymm	Manifold21.lean	39
1302	theorem	omega_self_zero	Manifold21.lean	47
1303	theorem	omega_nondegen	Manifold21.lean	58
1304	theorem	poisson_antisymm	Manifold21.lean	92
1305	theorem	hamiltonian_self_commutes	Manifold21.lean	102
1306	theorem	energy_conserved_infinitesimal	Manifold21.lean	110
1307	theorem	phase_dist_nonneg	Manifold21.lean	147
1308	theorem	phase_dist_self	Manifold21.lean	150
1309	theorem	phase_dist_symm	Manifold21.lean	155
1310	theorem	V_lyapunov_nonneg	Manifold21.lean	172
1311	theorem	V_lyapunov_zero_iff	Manifold21.lean	179
1312	theorem	liouville_divergence_free	Manifold21.lean	211
1313	theorem	manifold_apex_sealed	Manifold21.lean	245
1314	theorem	exponential_growth_pos	MathematicalBiology.lean	16
1315	theorem	logistic_pos	MathematicalBiology.lean	28
1316	theorem	logistic_le_K	MathematicalBiology.lean	37
1317	theorem	carrying_capacity_pos	MathematicalBiology.lean	49
1318	theorem	population_nonneg	MathematicalBiology.lean	64
1319	theorem	LV_equil_pos	MathematicalBiology.lean	74
1320	theorem	SIR_nonneg_total	MathematicalBiology.lean	95
1321	theorem	R0_pos	MathematicalBiology.lean	106
1322	theorem	epidemic_threshold	MathematicalBiology.lean	114
1323	theorem	HIT_nonneg	MathematicalBiology.lean	123
1324	theorem	turing_instability_proxy	MathematicalBiology.lean	137
1325	theorem	pattern_proxy	MathematicalBiology.lean	141
1326	theorem	fisher_term_nonneg	MathematicalBiology.lean	149
1327	theorem	HH_conductance_pos	MathematicalBiology.lean	164
1328	theorem	IAF_threshold_pos	MathematicalBiology.lean	173
1329	theorem	WC_proxy	MathematicalBiology.lean	178
1330	theorem	simplex_valid	MathematicalBiology.lean	192
1331	theorem	fitness_nonneg	MathematicalBiology.lean	198
1332	theorem	price_eq_proxy	MathematicalBiology.lean	202
1333	theorem	nash_proxy	MathematicalBiology.lean	206
1334	theorem	MM_nonneg	MathematicalBiology.lean	219
1335	theorem	MM_le_Vmax	MathematicalBiology.lean	228
1336	theorem	force_velocity_proxy	MathematicalBiology.lean	249
1337	theorem	bone_stress_nonneg	MathematicalBiology.lean	253
1338	theorem	FSI_proxy	MathematicalBiology.lean	258
1339	theorem	domain_growth_pos	MathematicalBiology.lean	278
1340	theorem	domain_logistic_pos	MathematicalBiology.lean	288
1341	theorem	domain_logistic_le_K	MathematicalBiology.lean	293
1342	theorem	domain_R0_pos	MathematicalBiology.lean	302
1343	theorem	domain_MM_nonneg	MathematicalBiology.lean	312
1344	theorem	domain_fisher_nonneg	MathematicalBiology.lean	321
1345	theorem	reaction_rate_nonneg	MathematicalChemistry.lean	18
1346	theorem	arrhenius_pos	MathematicalChemistry.lean	35
1347	theorem	decay_pos	MathematicalChemistry.lean	47
1348	theorem	decay_le_initial	MathematicalChemistry.lean	52
1349	theorem	spontaneous_proxy	MathematicalChemistry.lean	85
1350	theorem	K_pos	MathematicalChemistry.lean	98
1351	theorem	schrodinger_proxy	MathematicalChemistry.lean	109
1352	theorem	orbital_energy_proxy	MathematicalChemistry.lean	113
1353	theorem	HF_energy_proxy	MathematicalChemistry.lean	118
1354	theorem	DFT_components_add	MathematicalChemistry.lean	126
1355	theorem	LJ_well_depth	MathematicalChemistry.lean	142
1356	theorem	total_KE_nonneg	MathematicalChemistry.lean	152
1357	theorem	temp_nonneg	MathematicalChemistry.lean	168
1358	theorem	mol_graph_pos	MathematicalChemistry.lean	184
1359	theorem	mol_weight_nonneg	MathematicalChemistry.lean	206
1360	theorem	faraday_nonneg	MathematicalChemistry.lean	233
1361	theorem	DP_pos	MathematicalChemistry.lean	241
1362	theorem	ETE_nonneg	MathematicalChemistry.lean	249
1363	theorem	flory_huggins_proxy	MathematicalChemistry.lean	257
1364	theorem	absorbance_nonneg	MathematicalChemistry.lean	269
1365	theorem	transmittance_pos	MathematicalChemistry.lean	282
1366	theorem	transmittance_le_one	MathematicalChemistry.lean	286
1367	theorem	domain_rate_nonneg	MathematicalChemistry.lean	311
1368	theorem	domain_arrhenius_pos	MathematicalChemistry.lean	322
1369	theorem	domain_K_pos	MathematicalChemistry.lean	332
1370	theorem	domain_KE_nonneg	MathematicalChemistry.lean	341
1371	theorem	domain_mol_nonneg	MathematicalChemistry.lean	350
1372	theorem	domain_abs_nonneg	MathematicalChemistry.lean	358
1373	theorem	domain_T_pos	MathematicalChemistry.lean	367
1374	theorem	utility_nonneg	MathematicalEconomics.lean	15
1375	theorem	cobb_douglas_pos	MathematicalEconomics.lean	26
1376	theorem	marginal_utility_nonneg	MathematicalEconomics.lean	34
1377	theorem	DMU_proxy	MathematicalEconomics.lean	37
1378	theorem	expenditure_nonneg	MathematicalEconomics.lean	50
1379	theorem	hicksian_proxy	MathematicalEconomics.lean	59
1380	theorem	roys_identity_proxy	MathematicalEconomics.lean	62
1381	theorem	production_pos	MathematicalEconomics.lean	75
1382	theorem	cost_nonneg	MathematicalEconomics.lean	90
1383	theorem	RTS_proxy	MathematicalEconomics.lean	98
1384	theorem	excess_demand_proxy	MathematicalEconomics.lean	110
1385	theorem	AD_proxy	MathematicalEconomics.lean	116
1386	theorem	dominant_proxy	MathematicalEconomics.lean	140
1387	theorem	uniform_mixed_strategy	MathematicalEconomics.lean	151
1388	theorem	zero_sum_proxy	MathematicalEconomics.lean	161
1389	theorem	welfare_nonneg	MathematicalEconomics.lean	174
1390	theorem	rawls_le_utilitarian	MathematicalEconomics.lean	187
1391	theorem	growth_rate_nonneg	MathematicalEconomics.lean	209
1392	theorem	capital_accum_proxy	MathematicalEconomics.lean	212
1393	theorem	adverse_selection_proxy	MathematicalEconomics.lean	219
1394	theorem	moral_hazard_proxy	MathematicalEconomics.lean	222
1395	theorem	mechanism_proxy	MathematicalEconomics.lean	225
1396	theorem	revelation_proxy	MathematicalEconomics.lean	228
1397	theorem	domain_utility_nonneg	MathematicalEconomics.lean	247
1398	theorem	domain_CD_pos	MathematicalEconomics.lean	256
1399	theorem	domain_welfare_nonneg	MathematicalEconomics.lean	266
1400	theorem	domain_mixed_strategy	MathematicalEconomics.lean	273
1401	theorem	domain_budget	MathematicalEconomics.lean	279
1402	theorem	domain_expenditure_nonneg	MathematicalEconomics.lean	285
1403	theorem	trace_unitary_invariance	Matrix7.lean	19
1404	theorem	hermitian_preserved	Matrix7.lean	23
1405	theorem	hermitian_trace_real	Matrix7.lean	29
1406	theorem	density_trace_real	Matrix7.lean	38
1407	theorem	trace_unitary_id	Matrix7.lean	69
1408	theorem	hermitian_preserved_id	Matrix7.lean	73
1409	theorem	trace_unitary_comp	Matrix7.lean	77
1410	theorem	hermitian_preserved_comp	Matrix7.lean	81
1411	theorem	matrix7_apex_sealed	Matrix7.lean	125
1412	theorem	sigma_univ_mem	MeasureTheory.lean	23
1413	theorem	sigma_inter_mem	MeasureTheory.lean	27
1414	theorem	measure_nonneg	MeasureTheory.lean	56
1415	theorem	measure_empty_val	MeasureTheory.lean	59
1416	theorem	measure_monotone	MeasureTheory.lean	61
1417	theorem	const_measurable	MeasureTheory.lean	95
1418	theorem	measurable_comp	MeasureTheory.lean	102
1419	theorem	monotone_convergence	MeasureTheory.lean	130
1420	theorem	dominated_convergence	MeasureTheory.lean	140
1421	theorem	radon_nikodym_singleton	MeasureTheory.lean	156
1422	theorem	fubini	MeasureTheory.lean	169
1423	theorem	domain_KL_nonneg	MeasureTheory.lean	197
1424	theorem	law_of_presence	MoruzinLaw.lean	14
1425	theorem	absence_collapses_identity	MoruzinLaw.lean	16
1426	theorem	breach_implies_halt	MoruzinLaw.lean	25
1427	theorem	chamber_composition	MoruzinLaw.lean	30
1428	theorem	zero_always_valid	MoruzinLaw.lean	38
1429	theorem	unification_law	MoruzinLaw.lean	49
1430	theorem	unification_fixed_point	MoruzinLaw.lean	56
1431	theorem	contradiction_excluded	MoruzinLaw.lean	62
1432	theorem	domain_failure_breaks_unification	MoruzinLaw.lean	68
1433	theorem	terminal_seal_valid	MoruzinLaw.lean	80
1434	theorem	terminal_seal_presence	MoruzinLaw.lean	83
1435	theorem	terminal_seal_chamber	MoruzinLaw.lean	86
1436	theorem	terminal_seal_uncontradicted	MoruzinLaw.lean	90
1437	theorem	awm7_sovereign_locked	MoruzinLaw.lean	102
1438	theorem	awm7_apex_certified	MoruzinLaw.lean	108
1439	theorem	motive_rank_pos	MotivicCohomology.lean	16
1440	theorem	tate_weight	MotivicCohomology.lean	25
1441	theorem	motive_sum_rank	MotivicCohomology.lean	34
1442	theorem	motive_tensor_rank	MotivicCohomology.lean	45
1443	theorem	motivic_cohom_nonneg	MotivicCohomology.lean	57
1444	theorem	motivic_point_proxy	MotivicCohomology.lean	61
1445	theorem	BL_proxy	MotivicCohomology.lean	64
1446	theorem	K0_pos	MotivicCohomology.lean	73
1447	theorem	K_theory_nonneg	MotivicCohomology.lean	76
1448	theorem	bass_proxy	MotivicCohomology.lean	79
1449	theorem	QL_proxy	MotivicCohomology.lean	82
1450	theorem	chow_nonneg	MotivicCohomology.lean	91
1451	theorem	chow_intersection_comm	MotivicCohomology.lean	97
1452	theorem	cycle_class_proxy	MotivicCohomology.lean	102
1453	theorem	bloch_formula_proxy	MotivicCohomology.lean	105
1454	theorem	arc_space_proxy	MotivicCohomology.lean	112
1455	theorem	motivic_measure_nonneg	MotivicCohomology.lean	119
1456	theorem	motivic_measure_le_one	MotivicCohomology.lean	125
1457	theorem	COV_proxy	MotivicCohomology.lean	133
1458	theorem	A1_homotopy_proxy	MotivicCohomology.lean	140
1459	theorem	motivic_sphere_pos	MotivicCohomology.lean	146
1460	theorem	milnor_K_nonneg	MotivicCohomology.lean	156
1461	theorem	norm_residue_proxy	MotivicCohomology.lean	164
1462	theorem	mixed_motive_exists	MotivicCohomology.lean	175
1463	theorem	hodge_realization_proxy	MotivicCohomology.lean	183
1464	theorem	ladic_proxy	MotivicCohomology.lean	186
1465	theorem	period_matrix_proxy	MotivicCohomology.lean	198
1466	theorem	regulator_nonneg	MotivicCohomology.lean	206
1467	theorem	beilinson_proxy	MotivicCohomology.lean	209
1468	theorem	domain_motive_rank	MotivicCohomology.lean	230
1469	theorem	domain_tate_weight	MotivicCohomology.lean	235
1470	theorem	domain_sum_rank	MotivicCohomology.lean	242
1471	theorem	domain_tensor_rank	MotivicCohomology.lean	249
1472	theorem	domain_chow	MotivicCohomology.lean	253
1473	theorem	domain_mot_measure_le_one	MotivicCohomology.lean	260
1474	theorem	domain_milnor_nonneg	MotivicCohomology.lean	268
1475	theorem	k_lt_one	MyProject.lean	39
1476	theorem	k_nonneg	MyProject.lean	40
1477	theorem	zero_fixed	MyProject.lean	42
1478	theorem	projection_valid	MyProject.lean	45
1479	theorem	evolution_valid	MyProject.lean	49
1480	theorem	clamp_nonexpansive	MyProject.lean	51
1481	theorem	proj_nonexpansive	MyProject.lean	59
1482	theorem	U_lipschitz	MyProject.lean	63
1483	theorem	contraction	MyProject.lean	69
1484	theorem	dist_nonneg	MyProject.lean	75
1485	theorem	decay	MyProject.lean	78
1486	lemma	geom_squeeze	MyProject.lean	93
1487	theorem	convergence	MyProject.lean	99
1488	theorem	domain14_card	N7Spine.lean	17
1489	theorem	M_N7_le_all	N7Spine.lean	26
1490	theorem	M_N7_nonneg	N7Spine.lean	30
1491	theorem	all_margins_pos	N7Spine.lean	35
1492	theorem	M_N7_is_min	N7Spine.lean	40
1493	theorem	bottleneck_achieves_min	N7Spine.lean	53
1494	theorem	bottleneck_le_all	N7Spine.lean	57
1495	theorem	admissible_irrefl	N7Spine.lean	72
1496	theorem	admissible_asymm	N7Spine.lean	75
1497	theorem	admissible_no_skip	N7Spine.lean	79
1498	theorem	admissible_chain	N7Spine.lean	82
1499	theorem	S7_terminal	N7Spine.lean	87
1500	theorem	S1_has_no_predecessor	N7Spine.lean	91
1501	theorem	gate_sealed_iff	N7Spine.lean	111
1502	theorem	gate_vetoed_iff	N7Spine.lean	119
1503	theorem	gate_seal_margins	N7Spine.lean	135
1504	theorem	gate_veto_bottleneck	N7Spine.lean	141
1505	theorem	gate_exclusive	N7Spine.lean	154
1506	theorem	spine_level_strict_mono	N7Spine.lean	170
1507	theorem	admissible_chain_non_oscillatory	N7Spine.lean	195
1508	theorem	project_M_N7_le	N7Spine.lean	213
1509	theorem	horizon_scan	N7Spine.lean	225
1510	theorem	n7_sorry_free	N7Spine.lean	256
1511	theorem	n7_sovereign	N7Spine.lean	257
1512	theorem	n7_domains	N7Spine.lean	258
1513	theorem	frobenius_nonneg	NoncommutativeGeometry.lean	16
1514	theorem	frobenius_zero_iff	NoncommutativeGeometry.lean	21
1515	theorem	cstar_identity_proxy	NoncommutativeGeometry.lean	28
1516	theorem	dirac_sa	NoncommutativeGeometry.lean	42
1517	theorem	commutator_bounded_proxy	NoncommutativeGeometry.lean	47
1518	theorem	dim_spectrum_proxy	NoncommutativeGeometry.lean	55
1519	theorem	rotation_algebra_proxy	NoncommutativeGeometry.lean	64
1520	theorem	irrational_rotation_proxy	NoncommutativeGeometry.lean	68
1521	theorem	zero_projection	NoncommutativeGeometry.lean	78
1522	theorem	identity_projection	NoncommutativeGeometry.lean	82
1523	theorem	K0_nonneg	NoncommutativeGeometry.lean	86
1524	theorem	identity_unitary	NoncommutativeGeometry.lean	93
1525	theorem	bott_periodicity_proxy	NoncommutativeGeometry.lean	97
1526	theorem	trivial_cyclic	NoncommutativeGeometry.lean	106
1527	theorem	chern_char_proj_nonneg	NoncommutativeGeometry.lean	118
1528	theorem	connes_dist_nonneg	NoncommutativeGeometry.lean	145
1529	theorem	connes_dist_sym	NoncommutativeGeometry.lean	150
1530	theorem	connes_dist_triangle	NoncommutativeGeometry.lean	160
1531	theorem	moyal_reduces_to_pointwise	NoncommutativeGeometry.lean	177
1532	theorem	NC_coord_proxy	NoncommutativeGeometry.lean	182
1533	theorem	AS_index_proxy	NoncommutativeGeometry.lean	189
1534	theorem	fredholm_index_exists	NoncommutativeGeometry.lean	200
1535	theorem	local_index_proxy	NoncommutativeGeometry.lean	205
1536	theorem	AWM_dirac_sa	NoncommutativeGeometry.lean	224
1537	theorem	AWM_frob_nonneg	NoncommutativeGeometry.lean	232
1538	theorem	AWM_identity_proj	NoncommutativeGeometry.lean	236
1539	theorem	AWM_identity_unitary	NoncommutativeGeometry.lean	240
1540	theorem	AWM_chern_nonneg	NoncommutativeGeometry.lean	244
1541	theorem	AWM_connes_nn	NoncommutativeGeometry.lean	249
1542	theorem	AWM_connes_sym	NoncommutativeGeometry.lean	254
1543	theorem	AWM_fredholm_exists	NoncommutativeGeometry.lean	260
1544	theorem	nuclear_radius_nonneg	NuclearPhysics.lean	28
1545	theorem	nuclear_density_pos	NuclearPhysics.lean	40
1546	theorem	decay_law_pos	NuclearPhysics.lean	58
1547	theorem	decay_law_decreasing	NuclearPhysics.lean	65
1548	theorem	half_life_pos	NuclearPhysics.lean	82
1549	theorem	activity_nonneg	NuclearPhysics.lean	93
1550	theorem	Q_exothermic_proxy	NuclearPhysics.lean	109
1551	theorem	cross_section_nonneg	NuclearPhysics.lean	117
1552	theorem	coulomb_barrier_nonneg	NuclearPhysics.lean	126
1553	theorem	fission_energy_pos	NuclearPhysics.lean	148
1554	theorem	DT_energy_pos	NuclearPhysics.lean	157
1555	theorem	lawson_nonneg	NuclearPhysics.lean	165
1556	theorem	critical_mass_pos	NuclearPhysics.lean	178
1557	theorem	two_is_magic	NuclearPhysics.lean	192
1558	theorem	eight_is_magic	NuclearPhysics.lean	195
1559	theorem	mass_energy_nonneg	NuclearPhysics.lean	214
1560	theorem	de_broglie_pos	NuclearPhysics.lean	224
1561	theorem	uncertainty_proxy	NuclearPhysics.lean	229
1562	theorem	resolution_nonneg	NuclearPhysics.lean	244
1563	theorem	efficiency_nonneg	NuclearPhysics.lean	255
1564	theorem	bragg_peak_nonneg	NuclearPhysics.lean	262
1565	theorem	dose_nonneg	NuclearPhysics.lean	274
1566	theorem	effective_dose_nonneg	NuclearPhysics.lean	283
1567	theorem	ALARA_proxy	NuclearPhysics.lean	288
1568	theorem	shielding_pos	NuclearPhysics.lean	296
1569	theorem	domain_radius_nonneg	NuclearPhysics.lean	318
1570	theorem	domain_decay_pos	NuclearPhysics.lean	325
1571	theorem	domain_half_life_pos	NuclearPhysics.lean	332
1572	theorem	domain_lawson_nonneg	NuclearPhysics.lean	339
1573	theorem	domain_mass_energy_nonneg	NuclearPhysics.lean	348
1574	theorem	domain_dose_nonneg	NuclearPhysics.lean	356
1575	theorem	domain_DT_pos	NuclearPhysics.lean	361
1576	theorem	prime_count_pos	NumberTheory.lean	11
1577	theorem	prime_count_monotone	NumberTheory.lean	14
1578	theorem	infinitely_many_primes	NumberTheory.lean	21
1579	theorem	prime_factorization	NumberTheory.lean	26
1580	theorem	unique_factorization	NumberTheory.lean	31
1581	theorem	twin_prime_exists	NumberTheory.lean	42
1582	theorem	goldbach_4	NumberTheory.lean	49
1583	theorem	goldbach_6	NumberTheory.lean	53
1584	theorem	mod_equiv_refl	NumberTheory.lean	59
1585	theorem	mod_equiv_symm	NumberTheory.lean	63
1586	theorem	mod_equiv_trans	NumberTheory.lean	68
1587	theorem	mod_equiv_add	NumberTheory.lean	75
1588	theorem	mod_equiv_mul	NumberTheory.lean	83
1589	theorem	wilson	NumberTheory.lean	93
1590	theorem	CRT	NumberTheory.lean	107
1591	theorem	legendre_values	NumberTheory.lean	124
1592	theorem	legendre_zero	NumberTheory.lean	131
1593	theorem	legendre_one	NumberTheory.lean	135
1594	theorem	euler_criterion_sign	NumberTheory.lean	144
1595	theorem	legendre_symbol_eq	NumberTheory.lean	151
1596	theorem	legendre_symbol_eq_neg	NumberTheory.lean	157
1597	theorem	not_exists_sq_mod	NumberTheory.lean	163
1598	theorem	QR_3_5	NumberTheory.lean	174
1599	theorem	QR_3_7	NumberTheory.lean	184
1600	theorem	QR_sign	NumberTheory.lean	194
1601	theorem	totient_prime	NumberTheory.lean	233
1602	theorem	totient_pos	NumberTheory.lean	255
1603	theorem	mobius_one	NumberTheory.lean	270
1604	theorem	mobius_prime	NumberTheory.lean	273
1605	theorem	divisor_sum_prime	NumberTheory.lean	292
1606	theorem	mobius_sq_dvd_iff	NumberTheory.lean	303
1607	theorem	mobius_multiplicative	NumberTheory.lean	334
1608	theorem	zeta_partial_pos	NumberTheory.lean	383
1609	theorem	euler_product_2	NumberTheory.lean	396
1610	theorem	integers_are_algebraic	NumberTheory.lean	410
1611	theorem	sqrt2_algebraic	NumberTheory.lean	414
1612	theorem	algebraic_norm_pos	NumberTheory.lean	424
1613	theorem	quad_int_norm_mul	NumberTheory.lean	433
1614	theorem	p_adic_val_prime	NumberTheory.lean	445
1615	theorem	p_adic_val_mul	NumberTheory.lean	451
1616	theorem	p_adic_norm_pos	NumberTheory.lean	465
1617	theorem	PNT_approx_pos	NumberTheory.lean	474
1618	theorem	bertrand_postulate	NumberTheory.lean	482
1619	theorem	chebyshev_theta_pos	NumberTheory.lean	490
1620	theorem	von_mangoldt_prime	NumberTheory.lean	506
1621	theorem	von_mangoldt_nonneg	NumberTheory.lean	512
1622	theorem	twenty_one_factored	NumberTheory.lean	556
1623	theorem	domain_totient_val	NumberTheory.lean	564
1624	theorem	domain_mod_refl	NumberTheory.lean	571
1625	theorem	margin_val_nonneg	NumberTheory.lean	580
1626	theorem	system_divisible_one	NumberTheory.lean	590
1627	theorem	prime_resonant_ge_two	NumberTheory.lean	598
1628	theorem	domain_mangoldt_nonneg	NumberTheory.lean	609
1629	theorem	seven_prime	NumberTheoryCore.lean	15
1630	theorem	eleven_prime	NumberTheoryCore.lean	16
1631	theorem	thirteen_prime	NumberTheoryCore.lean	17
1632	theorem	twenty_three_prime	NumberTheoryCore.lean	18
1633	theorem	fifty_three_prime	NumberTheoryCore.lean	19
1634	theorem	one_thirty_seven_prime	NumberTheoryCore.lean	20
1635	theorem	all_core_primes_prime	NumberTheoryCore.lean	22
1636	theorem	core_primes_card	NumberTheoryCore.lean	26
1637	theorem	seven_times_eleven	NumberTheoryCore.lean	30
1638	theorem	core_prime_sum	NumberTheoryCore.lean	32
1639	theorem	core_primes_odd	NumberTheoryCore.lean	36
1640	theorem	fib_zero	NumberTheoryCore.lean	49
1641	theorem	fib_one	NumberTheoryCore.lean	50
1642	theorem	fib_two	NumberTheoryCore.lean	51
1643	theorem	fib_three	NumberTheoryCore.lean	52
1644	theorem	fib_four	NumberTheoryCore.lean	53
1645	theorem	fib_five	NumberTheoryCore.lean	54
1646	theorem	fib_six	NumberTheoryCore.lean	55
1647	theorem	fib_seven	NumberTheoryCore.lean	56
1648	theorem	fib_add	NumberTheoryCore.lean	58
1649	theorem	fib_pos	NumberTheoryCore.lean	61
1650	theorem	fib_monotone	NumberTheoryCore.lean	71
1651	theorem	fib_strict_mono	NumberTheoryCore.lean	79
1652	theorem	phi_pos	NumberTheoryCore.lean	97
1653	theorem	phi_gt_one	NumberTheoryCore.lean	103
1654	theorem	phi_sq	NumberTheoryCore.lean	111
1655	theorem	phi_satisfies_equation	NumberTheoryCore.lean	117
1656	theorem	psi_neg	NumberTheoryCore.lean	123
1657	theorem	phi_plus_psi	NumberTheoryCore.lean	131
1658	theorem	phi_times_psi	NumberTheoryCore.lean	134
1659	theorem	phi_minus_psi	NumberTheoryCore.lean	140
1660	theorem	gcd_dvd_both	NumberTheoryCore.lean	147
1661	theorem	coprime_iff_gcd_one	NumberTheoryCore.lean	151
1662	theorem	wilson	NumberTheoryCore.lean	154
1663	theorem	gap_7_11	NumberTheoryCore.lean	167
1664	theorem	bertrand	NumberTheoryCore.lean	172
1665	theorem	large_prime_gaps	NumberTheoryCore.lean	176
1666	theorem	AP_diff	NumberTheoryCore.lean	202
1667	theorem	triangular_two_dvd	NumberTheoryCore.lean	208
1668	theorem	AP_sum	NumberTheoryCore.lean	213
1669	theorem	primes_in_AP_1_4	NumberTheoryCore.lean	245
1670	theorem	primes_in_AP_3_4	NumberTheoryCore.lean	249
1671	theorem	six_perfect	NumberTheoryCore.lean	260
1672	theorem	twenty_eight_perfect	NumberTheoryCore.lean	263
1673	theorem	mersenne_2	NumberTheoryCore.lean	268
1674	theorem	mersenne_3	NumberTheoryCore.lean	271
1675	theorem	mersenne_5	NumberTheoryCore.lean	274
1676	theorem	mersenne_prime_2	NumberTheoryCore.lean	277
1677	theorem	mersenne_prime_3	NumberTheoryCore.lean	280
1678	theorem	triangular_formula	NumberTheoryCore.lean	286
1679	theorem	triangular_succ	NumberTheoryCore.lean	292
1680	theorem	ninety_eight_factored	NumberTheoryCore.lean	303
1681	theorem	ninety_eight_prime_factors	NumberTheoryCore.lean	306
1682	theorem	twenty_one_factored	NumberTheoryCore.lean	309
1683	theorem	twenty_one_divisors	NumberTheoryCore.lean	312
1684	theorem	digit_sum_21	NumberTheoryCore.lean	316
1685	theorem	seven_is_fourth_prime	NumberTheoryCore.lean	318
1686	theorem	seven_coprime_eleven	NumberTheoryCore.lean	322
1687	theorem	seven_coprime_thirteen	NumberTheoryCore.lean	325
1688	theorem	eleven_coprime_thirteen	NumberTheoryCore.lean	328
1689	theorem	domain_count_factored	NumberTheoryCore.lean	344
1690	theorem	domain_fib_positive	NumberTheoryCore.lean	361
1691	theorem	phi_margin_implies_positive	NumberTheoryCore.lean	374
1692	theorem	seven_resonant	NumberTheoryCore.lean	382
1693	theorem	domain_mod7_lt	NumberTheoryCore.lean	389
1694	theorem	system_prime_signature_pos	NumberTheoryCore.lean	396
1695	theorem	abs_error_nonneg	NumericalAnalysis.lean	10
1696	theorem	abs_error_zero	NumericalAnalysis.lean	15
1697	theorem	rel_error_nonneg	NumericalAnalysis.lean	24
1698	theorem	error_triangle	NumericalAnalysis.lean	29
1699	theorem	machine_eps_pos	NumericalAnalysis.lean	41
1700	theorem	bisection_in_interval	NumericalAnalysis.lean	48
1701	theorem	bisection_error	NumericalAnalysis.lean	55
1702	theorem	newton_step_defined	NumericalAnalysis.lean	67
1703	theorem	fixed_point_contraction	NumericalAnalysis.lean	73
1704	theorem	riemann_sum_nonneg	NumericalAnalysis.lean	87
1705	theorem	trapezoid_nonneg	NumericalAnalysis.lean	118
1706	theorem	simpsons_nonneg	NumericalAnalysis.lean	140
1707	theorem	lerp_at_x0	NumericalAnalysis.lean	154
1708	theorem	lerp_at_x1	NumericalAnalysis.lean	159
1709	theorem	interp_error_nonneg	NumericalAnalysis.lean	173
1710	theorem	gauss_elim_nonneg	NumericalAnalysis.lean	178
1711	theorem	LU_error_nonneg	NumericalAnalysis.lean	181
1712	theorem	condition_number_ge_one	NumericalAnalysis.lean	190
1713	theorem	power_iter_nonneg	NumericalAnalysis.lean	200
1714	theorem	euler_step_linear	NumericalAnalysis.lean	209
1715	theorem	RK4_reduces_to_euler	NumericalAnalysis.lean	227
1716	theorem	ODE_error_nonneg	NumericalAnalysis.lean	235
1717	theorem	grad_descent_fixed_point	NumericalAnalysis.lean	246
1718	theorem	grad_descent_rate	NumericalAnalysis.lean	252
1719	theorem	newton_conv_proxy	NumericalAnalysis.lean	259
1720	theorem	CG_nonneg	NumericalAnalysis.lean	263
1721	theorem	stable_implies_bounded	NumericalAnalysis.lean	269
1722	theorem	CFL_nonneg	NumericalAnalysis.lean	280
1723	theorem	lax_equiv_proxy	NumericalAnalysis.lean	286
1724	theorem	domain_euler_nonneg	NumericalAnalysis.lean	312
1725	theorem	domain_cond_pos	NumericalAnalysis.lean	325
1726	theorem	domain_stable	NumericalAnalysis.lean	330
1727	theorem	domain_error_nonneg	NumericalAnalysis.lean	335
1728	theorem	bounded_op_exists	OperatorTheory.lean	17
1729	theorem	op_norm_nonneg	OperatorTheory.lean	52
1730	theorem	op_norm_zero_iff	OperatorTheory.lean	57
1731	theorem	spectrum_of_zero	OperatorTheory.lean	69
1732	theorem	spectral_radius_nonneg	OperatorTheory.lean	81
1733	theorem	resolvent_nonempty	OperatorTheory.lean	95
1734	theorem	self_adjoint_real_spectrum	OperatorTheory.lean	104
1735	theorem	self_adjoint_trace_real	OperatorTheory.lean	110
1736	theorem	PSD_trace_nonneg	OperatorTheory.lean	122
1737	theorem	zero_finite_rank	OperatorTheory.lean	141
1738	theorem	HS_norm_nonneg	OperatorTheory.lean	152
1739	theorem	op_norm_eq_HS_norm	OperatorTheory.lean	157
1740	theorem	HS_norm_le_op_norm	OperatorTheory.lean	171
1741	theorem	spectral_decomp_proxy	OperatorTheory.lean	177
1742	theorem	func_calc_nonneg	OperatorTheory.lean	190
1743	theorem	trace_func_calc	OperatorTheory.lean	201
1744	theorem	semigroup_zero	OperatorTheory.lean	214
1745	theorem	semigroup_add	OperatorTheory.lean	218
1746	theorem	generator_at_zero	OperatorTheory.lean	228
1747	theorem	fredholm_index_finite	OperatorTheory.lean	236
1748	theorem	atkinson_proxy	OperatorTheory.lean	241
1749	theorem	cstar_identity	OperatorTheory.lean	245
1750	theorem	vna_trace_nonneg	OperatorTheory.lean	250
1751	theorem	GNS_proxy	OperatorTheory.lean	256
1752	theorem	domain_operator_SA	OperatorTheory.lean	271
1753	theorem	domain_operator_PSD	OperatorTheory.lean	276
1754	theorem	domain_HS_nonneg	OperatorTheory.lean	293
1755	theorem	domain_op_norm_nonneg	OperatorTheory.lean	300
1756	theorem	domain_sg_zero	OperatorTheory.lean	311
1757	theorem	domain_spectral_nonneg	OperatorTheory.lean	318
1758	theorem	domain_func_calc_nonneg	OperatorTheory.lean	322
1759	theorem	refractive_index_pos	Optics.lean	25
1760	theorem	wave_bounded	Optics.lean	37
1761	theorem	intensity_nonneg	Optics.lean	53
1762	theorem	fringe_spacing_pos	Optics.lean	83
1763	theorem	single_slit_nonneg	Optics.lean	101
1764	theorem	rayleigh_pos	Optics.lean	113
1765	theorem	malus_nonneg	Optics.lean	128
1766	theorem	malus_le_I0	Optics.lean	134
1767	theorem	einstein_A_nonneg	Optics.lean	153
1768	theorem	laser_threshold_proxy	Optics.lean	159
1769	theorem	coherence_nonneg	Optics.lean	167
1770	theorem	NA_nonneg	Optics.lean	183
1771	theorem	acceptance_angle_nonneg	Optics.lean	189
1772	theorem	attenuation_pos	Optics.lean	197
1773	theorem	photon_energy_pos	Optics.lean	211
1774	theorem	photon_momentum_pos	Optics.lean	221
1775	theorem	squeezed_light_proxy	Optics.lean	227
1776	theorem	domain_intensity_nonneg	Optics.lean	246
1777	theorem	domain_fringe_pos	Optics.lean	255
1778	theorem	domain_malus_nonneg	Optics.lean	263
1779	theorem	domain_photon_pos	Optics.lean	271
1780	theorem	domain_coherence_nonneg	Optics.lean	280
1781	theorem	NA_input_lt	Optics.lean	285
1782	theorem	domain_NA_nonneg	Optics.lean	290
1783	theorem	pontryagin_H_affine_in_p	OptimalControl.lean	11
1784	theorem	pontryagin_H_zero_cost	OptimalControl.lean	16
1785	theorem	max_principle_at_optimum	OptimalControl.lean	27
1786	theorem	LQR_cost_nonneg	OptimalControl.lean	36
1787	theorem	LQR_cost_zero_iff	OptimalControl.lean	40
1788	theorem	LQR_cost_symmetric	OptimalControl.lean	55
1789	theorem	LQR_cost_quadratic_scaling	OptimalControl.lean	58
1790	theorem	riccati_feedback_neg	OptimalControl.lean	67
1791	theorem	riccati_feedback_zero_at_equilibrium	OptimalControl.lean	73
1792	theorem	closed_loop_stable	OptimalControl.lean	79
1793	theorem	bellman_principle	OptimalControl.lean	91
1794	theorem	bellman_nonneg_stage	OptimalControl.lean	94
1795	theorem	value_function_lyapunov	OptimalControl.lean	98
1796	theorem	HJB_nonneg_at_min	OptimalControl.lean	107
1797	theorem	transversality_free_endpoint	OptimalControl.lean	119
1798	theorem	transversality_fixed_endpoint	OptimalControl.lean	120
1799	theorem	discrete_bellman_nonneg	OptimalControl.lean	127
1800	theorem	accumulated_cost_nonneg	OptimalControl.lean	134
1801	theorem	system_LQR_cost_nonneg	OptimalControl.lean	156
1802	theorem	system_LQR_zero_at_rest	OptimalControl.lean	161
1803	theorem	transport_cost_nonneg	OptimalTransport.lean	13
1804	theorem	sq_cost_nonneg	OptimalTransport.lean	27
1805	theorem	sq_cost_zero_iff	OptimalTransport.lean	30
1806	theorem	sq_cost_symm	OptimalTransport.lean	37
1807	theorem	l1_cost_nonneg	OptimalTransport.lean	44
1808	theorem	l1_cost_zero_iff	OptimalTransport.lean	47
1809	theorem	l1_cost_triangle	OptimalTransport.lean	52
1810	theorem	plan_mass_conserved	OptimalTransport.lean	67
1811	theorem	plan_total_mass_pos	OptimalTransport.lean	80
1812	theorem	wasserstein1_nonneg	OptimalTransport.lean	94
1813	theorem	wasserstein1_symm	OptimalTransport.lean	102
1814	theorem	wasserstein2_cauchy_schwarz_bound	OptimalTransport.lean	111
1815	theorem	kantorovich_weak_duality	OptimalTransport.lean	129
1816	theorem	duality_gap_zero	OptimalTransport.lean	145
1817	theorem	brenier_potential_convex	OptimalTransport.lean	158
1818	theorem	brenier_gradient_monotone	OptimalTransport.lean	165
1819	theorem	identity_optimal_same_measure	OptimalTransport.lean	177
1820	theorem	sinkhorn_cost_ge_transport	OptimalTransport.lean	186
1821	theorem	kernel_entry_pos	OptimalTransport.lean	195
1822	theorem	kernel_entry_bounded	OptimalTransport.lean	200
1823	theorem	sinkhorn_contraction	OptimalTransport.lean	210
1824	theorem	mccann_at_zero	OptimalTransport.lean	219
1825	theorem	mccann_at_one	OptimalTransport.lean	223
1826	theorem	mccann_convex_in_t	OptimalTransport.lean	227
1827	theorem	geodesic_cost_convex	OptimalTransport.lean	232
1828	theorem	wasserstein_triangle	OptimalTransport.lean	239
1829	theorem	margin_dist_all_pos	OptimalTransport.lean	259
1830	theorem	margin_transport_nonneg	OptimalTransport.lean	270
1831	theorem	margin_transport_zero_same	OptimalTransport.lean	278
1832	theorem	margin_interpolation_pos	OptimalTransport.lean	291
1833	theorem	margin_wasserstein_nonneg	OptimalTransport.lean	315
1834	theorem	margin_wasserstein_zero_same	OptimalTransport.lean	320
1835	theorem	margin_wasserstein_symm	OptimalTransport.lean	326
1836	theorem	equalization_reduces_cost	OptimalTransport.lean	334
1837	theorem	id_is_1_lipschitz	OptimalTransport.lean	346
1838	theorem	const_1_lipschitz	OptimalTransport.lean	350
1839	theorem	lipschitz_contraction	OptimalTransport.lean	354
1840	theorem	KR_lower_bound	OptimalTransport.lean	367
1841	theorem	sq_is_convex	OptimizationTheory.lean	21
1842	theorem	abs_is_convex	OptimizationTheory.lean	27
1843	theorem	epigraph_nonneg	OptimizationTheory.lean	41
1844	theorem	global_implies_local	OptimizationTheory.lean	56
1845	theorem	FONC_proxy	OptimizationTheory.lean	61
1846	theorem	GD_convergence_proxy	OptimizationTheory.lean	65
1847	theorem	KKT_proxy	OptimizationTheory.lean	74
1848	theorem	lagrangian_linear_lambda	OptimizationTheory.lean	82
1849	theorem	slater_proxy	OptimizationTheory.lean	90
1850	theorem	LP_feasible_nonneg	OptimizationTheory.lean	97
1851	theorem	LP_weak_duality	OptimizationTheory.lean	106
1852	theorem	simplex_proxy	OptimizationTheory.lean	116
1853	theorem	LP_strong_duality_proxy	OptimizationTheory.lean	119
1854	theorem	identity_PSD	OptimizationTheory.lean	131
1855	theorem	SDP_obj_nonneg	OptimizationTheory.lean	140
1856	theorem	zero_integer_feasible	OptimizationTheory.lean	153
1857	theorem	branch_bound_proxy	OptimizationTheory.lean	157
1858	theorem	cutting_plane_proxy	OptimizationTheory.lean	160
1859	theorem	newton_conv_proxy	OptimizationTheory.lean	167
1860	theorem	trust_region_nonneg	OptimizationTheory.lean	171
1861	theorem	CG_nonneg	OptimizationTheory.lean	175
1862	theorem	BFGS_proxy	OptimizationTheory.lean	178
1863	theorem	pareto_front_nonneg	OptimizationTheory.lean	189
1864	theorem	scalarization_nonneg	OptimizationTheory.lean	198
1865	theorem	domain_sq_convex	OptimizationTheory.lean	220
1866	theorem	domain_sq_global_min	OptimizationTheory.lean	224
1867	theorem	domain_LP_nonneg	OptimizationTheory.lean	231
1868	theorem	domain_PSD	OptimizationTheory.lean	237
1869	theorem	domain_scalar_nonneg	OptimizationTheory.lean	245
1870	theorem	domain_int_feasible	OptimizationTheory.lean	252
1871	theorem	complete_self_adjoint_composition_seal	Optimus7.lean	29
1872	theorem	trace_imaginary_vanishing_seal	Optimus7.lean	36
1873	theorem	post_meas_op_sa	Optimus7.lean	73
1874	theorem	post_meas_op_pos	Optimus7.lean	77
1875	theorem	post_meas_op_trace_im	Optimus7.lean	90
1876	theorem	densityOp_trace_pos	Optimus7Quantum.lean	25
1877	theorem	densityOp_sa	Optimus7Quantum.lean	29
1878	theorem	densityOp_fidelity_symm	Optimus7Quantum.lean	32
1879	theorem	densityOp_convex_trace	Optimus7Quantum.lean	37
1880	theorem	cptp_trace_preserving	Optimus7Quantum.lean	58
1881	theorem	unitary_norm_one	Optimus7Quantum.lean	80
1882	theorem	trace_unitary_invariance	Optimus7Quantum.lean	118
1883	theorem	wigner_symmetry	Optimus7Quantum.lean	149
1884	theorem	quantum_sovereign_sealed	Optimus7Quantum.lean	220
1885	theorem	quantum_kernel_certified	Optimus7Quantum.lean	221
1886	theorem	quantum_cptp_tp	Optimus7Quantum.lean	222
1887	theorem	quantum_cptp_cp	Optimus7Quantum.lean	223
1888	theorem	quantum_unitary_invariant	Optimus7Quantum.lean	224
1889	theorem	quantum_fidelity_symmetric	Optimus7Quantum.lean	225
1890	theorem	quantum_wigner_verified	Optimus7Quantum.lean	226
1891	theorem	quantum_density_sound	Optimus7Quantum.lean	227
1892	theorem	PO_refl	OrderTheory.lean	17
1893	theorem	PO_trans	OrderTheory.lean	21
1894	theorem	noetherian_proxy	OrderTheory.lean	80
1895	theorem	tarski_fixed_point	OrderTheory.lean	87
1896	theorem	KT_proxy	OrderTheory.lean	110
1897	theorem	identity_closure	OrderTheory.lean	130
1898	theorem	id_scott_continuous	OrderTheory.lean	145
1899	theorem	DCPO_proxy	OrderTheory.lean	149
1900	theorem	lfp_exists	OrderTheory.lean	152
1901	theorem	fin_well_order	OrderTheory.lean	163
1902	theorem	ordinal_add_comm	OrderTheory.lean	170
1903	theorem	order_topology_proxy	OrderTheory.lean	177
1904	theorem	interval_nonneg	OrderTheory.lean	180
1905	theorem	dedekind_proxy	OrderTheory.lean	184
1906	theorem	domain_le_refl	OrderTheory.lean	226
1907	theorem	domain_le_antisym	OrderTheory.lean	230
1908	theorem	domain_le_trans	OrderTheory.lean	239
1909	theorem	domain_min_exists	OrderTheory.lean	252
1910	theorem	domain_closure_extensive	OrderTheory.lean	262
1911	theorem	domain_tarski	OrderTheory.lean	267
1912	theorem	domain_galois_proxy	OrderTheory.lean	274
1913	theorem	laplace_is_elliptic	PartialDifferentialEquations.lean	27
1914	theorem	heat_is_parabolic	PartialDifferentialEquations.lean	35
1915	theorem	wave_is_hyperbolic	PartialDifferentialEquations.lean	43
1916	theorem	heat_kernel_pos	PartialDifferentialEquations.lean	53
1917	theorem	heat_kernel_integral_proxy	PartialDifferentialEquations.lean	61
1918	theorem	heat_max_principle	PartialDifferentialEquations.lean	65
1919	theorem	heat_energy_decreasing	PartialDifferentialEquations.lean	72
1920	theorem	dalembert_at_zero	PartialDifferentialEquations.lean	82
1921	theorem	wave_energy_nonneg	PartialDifferentialEquations.lean	93
1922	theorem	wave_speed_pos	PartialDifferentialEquations.lean	101
1923	theorem	disc_mean_value	PartialDifferentialEquations.lean	110
1924	theorem	green_nonneg	PartialDifferentialEquations.lean	121
1925	theorem	sobolev_norm_nonneg	PartialDifferentialEquations.lean	132
1926	theorem	poincare_proxy	PartialDifferentialEquations.lean	137
1927	theorem	lax_milgram_proxy	PartialDifferentialEquations.lean	146
1928	theorem	elliptic_regularity_proxy	PartialDifferentialEquations.lean	151
1929	theorem	schauder_nonneg	PartialDifferentialEquations.lean	156
1930	theorem	DGN_moser_proxy	PartialDifferentialEquations.lean	160
1931	theorem	entropy_nonneg	PartialDifferentialEquations.lean	170
1932	theorem	shock_speed_finite	PartialDifferentialEquations.lean	181
1933	theorem	semigroup_zero	PartialDifferentialEquations.lean	193
1934	theorem	semigroup_add	PartialDifferentialEquations.lean	197
1935	theorem	hille_yosida_proxy	PartialDifferentialEquations.lean	202
1936	theorem	exp_decay_semigroup	PartialDifferentialEquations.lean	206
1937	theorem	domain_heat_kernel_pos	PartialDifferentialEquations.lean	251
1938	theorem	domain_wave_energy_nonneg	PartialDifferentialEquations.lean	261
1939	theorem	domain_sobolev_nonneg	PartialDifferentialEquations.lean	272
1940	theorem	domain_sg_zero	PartialDifferentialEquations.lean	283
1941	theorem	domain_elliptic	PartialDifferentialEquations.lean	287
1942	theorem	order_parameter_nonneg	PhaseTransitions.lean	17
1943	theorem	order_parameter_zero_disordered	PhaseTransitions.lean	21
1944	theorem	order_parameter_pos_ordered	PhaseTransitions.lean	25
1945	theorem	susceptibility_pos	PhaseTransitions.lean	34
1946	theorem	first_order_discontinuous	PhaseTransitions.lean	51
1947	theorem	landau_nonneg_high_T	PhaseTransitions.lean	67
1948	theorem	landau_symmetric	PhaseTransitions.lean	72
1949	theorem	landau_minimum_origin	PhaseTransitions.lean	78
1950	theorem	landau_broken_minima	PhaseTransitions.lean	85
1951	theorem	a_positive_above_Tc	PhaseTransitions.lean	101
1952	theorem	a_negative_below_Tc	PhaseTransitions.lean	106
1953	theorem	order_param_pos	PhaseTransitions.lean	134
1954	theorem	order_param_vanishes	PhaseTransitions.lean	141
1955	theorem	widom_delta_gt_one	PhaseTransitions.lean	175
1956	theorem	mean_field_rushbrooke	PhaseTransitions.lean	195
1957	theorem	mean_field_widom	PhaseTransitions.lean	199
1958	theorem	correlation_length_pos	PhaseTransitions.lean	212
1959	theorem	correlation_diverges	PhaseTransitions.lean	219
1960	theorem	two_point_pos	PhaseTransitions.lean	250
1961	theorem	correlation_exponential_decay	PhaseTransitions.lean	257
1962	theorem	RG_flow_pos	PhaseTransitions.lean	282
1963	theorem	relevant_grows_under_RG	PhaseTransitions.lean	289
1964	theorem	irrelevant_decays_under_RG	PhaseTransitions.lean	300
1965	theorem	universality_reflexive	PhaseTransitions.lean	317
1966	theorem	universality_symmetric	PhaseTransitions.lean	322
1967	theorem	specific_heat_pos	PhaseTransitions.lean	337
1968	theorem	fluctuation_dissipation	PhaseTransitions.lean	344
1969	theorem	specific_heat_diverges	PhaseTransitions.lean	350
1970	theorem	FSS_pos	PhaseTransitions.lean	385
1971	theorem	binder_universal	PhaseTransitions.lean	398
1972	theorem	vortex_FE_sign	PhaseTransitions.lean	413
1973	theorem	KT_temperature	PhaseTransitions.lean	435
1974	theorem	high_T_disordered	PhaseTransitions.lean	480
1975	theorem	critical_governance	PhaseTransitions.lean	497
1976	theorem	symmetry_restored_above_Tc	PhaseTransitions.lean	505
1977	theorem	EnergyTriad.total_nonneg	PhysicsCore.lean	31
1978	theorem	triple_product_mono_n	PhysicsCore.lean	51
1979	theorem	lawson_density_monotone	PhysicsCore.lean	60
1980	theorem	alfven_velocity_pos	PhysicsCore.lean	92
1981	theorem	drag_nullification	PhysicsCore.lean	117
1982	theorem	lorentz_factor_at_rest	PhysicsCore.lean	136
1983	theorem	frame_dragging_bounded	PhysicsCore.lean	145
1984	theorem	divB_correction_preserves	PhysicsCore.lean	182
1985	theorem	physics_fully_sealed	PhysicsCore.lean	219
1986	theorem	debye_length_pos	PlasmaPhysics.lean	18
1987	theorem	plasma_freq_pos	PlasmaPhysics.lean	37
1988	theorem	debye_number_pos	PlasmaPhysics.lean	49
1989	theorem	magnetic_pressure_nonneg	PlasmaPhysics.lean	69
1990	theorem	plasma_beta_nonneg	PlasmaPhysics.lean	81
1991	theorem	alfven_nonneg	PlasmaPhysics.lean	95
1992	theorem	EM_dispersion_pos	PlasmaPhysics.lean	113
1993	theorem	langmuir_wave_nonneg	PlasmaPhysics.lean	124
1994	theorem	ion_acoustic_pos	PlasmaPhysics.lean	134
1995	theorem	cyclotron_pos	PlasmaPhysics.lean	153
1996	theorem	larmor_nonneg	PlasmaPhysics.lean	165
1997	theorem	ExB_finite	PlasmaPhysics.lean	178
1998	theorem	maxwellian_pos	PlasmaPhysics.lean	194
1999	theorem	boltzmann_eq_proxy	PlasmaPhysics.lean	206
2000	theorem	landau_damping_proxy	PlasmaPhysics.lean	209
2001	theorem	lawson_nonneg	PlasmaPhysics.lean	221
2002	theorem	safety_factor_pos	PlasmaPhysics.lean	228
2003	theorem	grad_shafranov_proxy	PlasmaPhysics.lean	231
2004	theorem	growth_rate_nonneg	PlasmaPhysics.lean	238
2005	theorem	RT_instability_proxy	PlasmaPhysics.lean	242
2006	theorem	KH_proxy	PlasmaPhysics.lean	246
2007	theorem	reconnection_nonneg	PlasmaPhysics.lean	253
2008	theorem	SP_rate_nonneg	PlasmaPhysics.lean	261
2009	theorem	plasma_cascade_nonneg	PlasmaPhysics.lean	269
2010	theorem	domain_debye_pos	PlasmaPhysics.lean	290
2011	theorem	domain_wp_pos	PlasmaPhysics.lean	301
2012	theorem	domain_alfven_nonneg	PlasmaPhysics.lean	311
2013	theorem	domain_maxwellian_pos	PlasmaPhysics.lean	320
2014	theorem	domain_lawson_nonneg	PlasmaPhysics.lean	328
2015	theorem	domain_mag_pressure_nonneg	PlasmaPhysics.lean	336
2016	theorem	tier1_convergence	PrimeMasterEngine.lean	38
2017	theorem	tier1_contraction	PrimeMasterEngine.lean	43
2018	theorem	tier2_banach	PrimeMasterEngine.lean	51
2019	theorem	tier3_breach_halts	PrimeMasterEngine.lean	60
2020	theorem	tier3_unification	PrimeMasterEngine.lean	65
2021	theorem	tier4_safety	PrimeMasterEngine.lean	74
2022	theorem	tier4_tolerance	PrimeMasterEngine.lean	79
2023	theorem	tier5_closure	PrimeMasterEngine.lean	87
2024	theorem	tier6_bottleneck	PrimeMasterEngine.lean	94
2025	theorem	tier6_gate	PrimeMasterEngine.lean	100
2026	theorem	tier7_equilibrium	PrimeMasterEngine.lean	107
2027	theorem	tier7_potential_zero_iff	PrimeMasterEngine.lean	115
2028	theorem	tier8_domains_complete	PrimeMasterEngine.lean	124
2029	theorem	tier8_priority_injective	PrimeMasterEngine.lean	128
2030	theorem	tier8_dependency_wf	PrimeMasterEngine.lean	132
2031	theorem	tier9_energy_nonneg	PrimeMasterEngine.lean	138
2032	theorem	tier9_squash_bounded	PrimeMasterEngine.lean	143
2033	theorem	tier10_projection_idempotent	PrimeMasterEngine.lean	150
2034	theorem	tier10_decoupling	PrimeMasterEngine.lean	155
2035	theorem	tier11_symplectic_antisymm	PrimeMasterEngine.lean	166
2036	theorem	tier11_energy_conservation	PrimeMasterEngine.lean	171
2037	theorem	tier11_lyapunov_zero_iff	PrimeMasterEngine.lean	176
2038	theorem	tier12_integrity_preserved	PrimeMasterEngine.lean	184
2039	theorem	tier12_governance_stricter	PrimeMasterEngine.lean	190
2040	theorem	tier13_trace_invariance	PrimeMasterEngine.lean	199
2041	theorem	tier14_composition_seal	PrimeMasterEngine.lean	207
2042	theorem	tier15_cptp_trace_preserving	PrimeMasterEngine.lean	222
2043	theorem	tier16_proj_spectrum	PrimeMasterEngine.lean	231
2044	theorem	tier17_lawson_monotone	PrimeMasterEngine.lean	242
2045	theorem	tier17_alfven_pos	PrimeMasterEngine.lean	249
2046	theorem	tier18_collision_force_nonneg	PrimeMasterEngine.lean	256
2047	theorem	tier18_coupling_symm	PrimeMasterEngine.lean	261
2048	theorem	tier18_displacement_scale	PrimeMasterEngine.lean	268
2049	theorem	tier19_op_count	PrimeMasterEngine.lean	276
2050	theorem	tier19_depth_le_size	PrimeMasterEngine.lean	280
2051	theorem	tier19_noncommutative	PrimeMasterEngine.lean	285
2052	theorem	tier20_synaptic_pos	PrimeMasterEngine.lean	296
2053	theorem	tier20_synaptic_symm	PrimeMasterEngine.lean	301
2054	theorem	tier20_cognitive_state_pos	PrimeMasterEngine.lean	307
2055	theorem	tier21_bottleneck	PrimeMasterEngine.lean	313
2056	theorem	tier21_system_valid	PrimeMasterEngine.lean	318
2057	theorem	ising_squared	PrimeMasterEngine.lean	375
2058	theorem	ising_nonzero	PrimeMasterEngine.lean	379
2059	theorem	ising_abs_one	PrimeMasterEngine.lean	383
2060	theorem	ising_product_sq_one	PrimeMasterEngine.lean	390
2061	theorem	ising_product_self_cancels	PrimeMasterEngine.lean	399
2062	theorem	contraction_fixed_point_unique	PrimeMasterEngine.lean	412
2063	theorem	contraction_iteration_bound	PrimeMasterEngine.lean	427
2064	theorem	lyapunov_nonneg	PrimeMasterEngine.lean	455
2065	theorem	lyapunov_zero_iff	PrimeMasterEngine.lean	458
2066	theorem	lyapunov_strict_decrease	PrimeMasterEngine.lean	468
2067	theorem	kinetic_nonneg	PrimeMasterEngine.lean	495
2068	theorem	potential_nonneg	PrimeMasterEngine.lean	499
2069	theorem	lagrangian_le_kinetic	PrimeMasterEngine.lean	503
2070	theorem	euler_lagrange_harmonic	PrimeMasterEngine.lean	507
2071	theorem	prime_master_sovereign	PrimeMasterEngine.lean	573
2072	theorem	prob_le_one	ProbabilityTheory.lean	17
2073	theorem	prob_nonneg	ProbabilityTheory.lean	25
2074	theorem	probs_sum_one	ProbabilityTheory.lean	30
2075	theorem	expectation_linear	ProbabilityTheory.lean	45
2076	theorem	expectation_nonneg	ProbabilityTheory.lean	58
2077	theorem	expectation_const_one	ProbabilityTheory.lean	67
2078	theorem	prob_variance_nonneg	ProbabilityTheory.lean	83
2079	theorem	prob_mgf_pos	ProbabilityTheory.lean	96
2080	theorem	cond_prob_nonneg	ProbabilityTheory.lean	133
2081	theorem	bayes_proxy	ProbabilityTheory.lean	143
2082	theorem	WLLN_proxy	ProbabilityTheory.lean	158
2083	theorem	chebyshev	ProbabilityTheory.lean	168
2084	theorem	CLT_proxy	ProbabilityTheory.lean	195
2085	theorem	normal_pdf_pos	ProbabilityTheory.lean	210
2086	theorem	markov_trans_nonneg	ProbabilityTheory.lean	232
2087	theorem	markov_row_sum	ProbabilityTheory.lean	237
2088	theorem	DB_implies_stationary	ProbabilityTheory.lean	257
2089	theorem	shannon_entropy_nonneg	ProbabilityTheory.lean	286
2090	theorem	domain_prob_uniform	ProbabilityTheory.lean	333
2091	theorem	domain_expect_nn	ProbabilityTheory.lean	340
2092	theorem	domain_variance_nn	ProbabilityTheory.lean	350
2093	theorem	domain_entropy_nonneg	ProbabilityTheory.lean	358
2094	theorem	domain_markov_nn	ProbabilityTheory.lean	373
2095	theorem	density_trace_one	QuantumCore.lean	25
2096	theorem	sa_real_diagonal	QuantumCore.lean	28
2097	theorem	sa_real_linear	QuantumCore.lean	42
2098	theorem	sa_composition_seal	QuantumCore.lean	47
2099	theorem	proj_idempotent	QuantumCore.lean	58
2100	theorem	proj_spectrum	QuantumCore.lean	61
2101	theorem	meas_prob_cyclic	QuantumCore.lean	80
2102	theorem	post_meas_sa	QuantumCore.lean	119
2103	theorem	post_meas_pos	QuantumCore.lean	127
2104	theorem	unitary_trace_invariant	QuantumCore.lean	160
2105	theorem	unitary_preserves_sa	QuantumCore.lean	191
2106	theorem	pure_state_idempotent	QuantumCore.lean	202
2107	theorem	sa_trace_real	QuantumCore.lean	214
2108	theorem	sa_product_trace_real	QuantumCore.lean	235
2109	theorem	quantum_apex_sealed	QuantumCore.lean	288
2110	theorem	pauli_I_commutes_all	QuantumErrorCorrection.lean	17
2111	theorem	code_parameters_valid	QuantumErrorCorrection.lean	32
2112	theorem	code_rate_pos	QuantumErrorCorrection.lean	43
2113	theorem	code_rate_lt_one	QuantumErrorCorrection.lean	51
2114	theorem	correction_capacity_lt_distance	QuantumErrorCorrection.lean	62
2115	theorem	logical_error_rate_pos	QuantumErrorCorrection.lean	71
2116	theorem	below_threshold_suppressed	QuantumErrorCorrection.lean	78
2117	theorem	logical_error_decreases_with_d	QuantumErrorCorrection.lean	88
2118	theorem	threshold_exists	QuantumErrorCorrection.lean	100
2119	theorem	steane_rate	QuantumErrorCorrection.lean	115
2120	theorem	steane_corrects_one_error	QuantumErrorCorrection.lean	119
2121	theorem	steane_distance_three	QuantumErrorCorrection.lean	123
2122	theorem	steane_syndrome_bits	QuantumErrorCorrection.lean	126
2123	theorem	shor_rate	QuantumErrorCorrection.lean	142
2124	theorem	shor_corrects_one_error	QuantumErrorCorrection.lean	146
2125	theorem	steane_better_rate	QuantumErrorCorrection.lean	150
2126	theorem	code_always_has_redundancy	QuantumErrorCorrection.lean	158
2127	theorem	CNOT_transversal	QuantumErrorCorrection.lean	166
2128	theorem	error_correction_preserves	QuantumErrorCorrection.lean	174
2129	theorem	concatenated_suppression	QuantumErrorCorrection.lean	185
2130	theorem	surface_code_distance_is_n	QuantumErrorCorrection.lean	206
2131	theorem	surface_code_scales	QuantumErrorCorrection.lean	209
2132	theorem	surface_code_high_threshold	QuantumErrorCorrection.lean	215
2133	theorem	surface_weight_constant	QuantumErrorCorrection.lean	221
2134	theorem	quantum_capacity_nonneg	QuantumErrorCorrection.lean	228
2135	theorem	erasure_capacity_pos	QuantumErrorCorrection.lean	236
2136	theorem	erasure_capacity_decreases	QuantumErrorCorrection.lean	241
2137	theorem	depolarizing_threshold	QuantumErrorCorrection.lean	246
2138	theorem	all_domains_below_threshold	QuantumErrorCorrection.lean	269
2139	theorem	system_logical_error_pos	QuantumErrorCorrection.lean	280
2140	theorem	system_all_correctable	QuantumErrorCorrection.lean	291
2141	theorem	redundancy_exceeds_logical	QuantumErrorCorrection.lean	305
2142	theorem	protected_system_rate_pos	QuantumErrorCorrection.lean	311
2143	theorem	action_linear	QuantumFieldTheory.lean	18
2144	theorem	EL_proxy	QuantumFieldTheory.lean	25
2145	theorem	noether_proxy	QuantumFieldTheory.lean	29
2146	theorem	commutator_bound_proxy	QuantumFieldTheory.lean	35
2147	theorem	occupation_nonneg	QuantumFieldTheory.lean	41
2148	theorem	creation_norm_pos	QuantumFieldTheory.lean	49
2149	theorem	annihilation_norm_pos	QuantumFieldTheory.lean	59
2150	theorem	ZPE_pos	QuantumFieldTheory.lean	68
2151	theorem	euclidean_Z_pos	QuantumFieldTheory.lean	83
2152	theorem	propagator_pos	QuantumFieldTheory.lean	96
2153	theorem	wick_rotation_proxy	QuantumFieldTheory.lean	101
2154	theorem	perturbation_nonneg	QuantumFieldTheory.lean	114
2155	theorem	dyson_series_nonneg	QuantumFieldTheory.lean	123
2156	theorem	beta_neg_AF	QuantumFieldTheory.lean	140
2157	theorem	asymptotic_freedom_proxy	QuantumFieldTheory.lean	147
2158	theorem	dim_reg_proxy	QuantumFieldTheory.lean	153
2159	theorem	YM_action_nonneg	QuantumFieldTheory.lean	168
2160	theorem	FP_det_proxy	QuantumFieldTheory.lean	177
2161	theorem	BRST_proxy	QuantumFieldTheory.lean	180
2162	theorem	SM_rank_pos	QuantumFieldTheory.lean	187
2163	theorem	higgs_vev_pos	QuantumFieldTheory.lean	201
2164	theorem	W_mass_pos	QuantumFieldTheory.lean	213
2165	theorem	SUSY_algebra_proxy	QuantumFieldTheory.lean	220
2166	theorem	superpartner_pos	QuantumFieldTheory.lean	226
2167	theorem	SUSY_scale_pos	QuantumFieldTheory.lean	233
2168	theorem	R_symmetry_proxy	QuantumFieldTheory.lean	238
2169	theorem	domain_Z_pos	QuantumFieldTheory.lean	256
2170	theorem	domain_prop_pos	QuantumFieldTheory.lean	264
2171	theorem	domain_YM_nonneg	QuantumFieldTheory.lean	272
2172	theorem	domain_ZPE_pos	QuantumFieldTheory.lean	280
2173	theorem	domain_vev_pos	QuantumFieldTheory.lean	287
2174	theorem	domain_beta_neg	QuantumFieldTheory.lean	291
2175	theorem	domain_perturbation_nonneg	QuantumFieldTheory.lean	299
2176	theorem	ADM_lapse_positive	QuantumGravity.lean	18
2177	theorem	ADM_metric_symmetric	QuantumGravity.lean	22
2178	theorem	ADM_mass_positive	QuantumGravity.lean	32
2179	theorem	dewitt_metric_symm	QuantumGravity.lean	46
2180	theorem	wavefunction_pos	QuantumGravity.lean	59
2181	theorem	wavefunction_decays	QuantumGravity.lean	63
2182	theorem	HH_amplitude_pos	QuantumGravity.lean	74
2183	theorem	holonomy_pos	QuantumGravity.lean	87
2184	theorem	holonomy_multiplicative	QuantumGravity.lean	92
2185	theorem	area_eigenvalue_nonneg	QuantumGravity.lean	111
2186	theorem	area_eigenvalue_pos	QuantumGravity.lean	120
2187	theorem	volume_eigenvalue_nonneg	QuantumGravity.lean	138
2188	theorem	area_spectrum_discrete	QuantumGravity.lean	149
2189	theorem	schwarzschild_pos	QuantumGravity.lean	185
2190	theorem	hawking_temp_pos	QuantumGravity.lean	198
2191	theorem	hawking_temp_decreases	QuantumGravity.lean	207
2192	theorem	BH_entropy_pos	QuantumGravity.lean	224
2193	theorem	BH_entropy_area_law	QuantumGravity.lean	229
2194	theorem	entropy_second_law	QuantumGravity.lean	241
2195	theorem	graviton_propagator_pos	QuantumGravity.lean	256
2196	theorem	graviton_propagator_decreasing	QuantumGravity.lean	261
2197	theorem	newton_law_from_graviton	QuantumGravity.lean	269
2198	theorem	flat_friedmann	QuantumGravity.lean	284
2199	theorem	deSitter_pos	QuantumGravity.lean	295
2200	theorem	deSitter_expanding	QuantumGravity.lean	301
2201	theorem	inflation_solves_horizon	QuantumGravity.lean	310
2202	theorem	planck_length_pos	QuantumGravity.lean	328
2203	theorem	planck_mass_pos	QuantumGravity.lean	342
2204	theorem	planck_energy_pos	QuantumGravity.lean	356
2205	theorem	GUP_ge_HUP	QuantumGravity.lean	372
2206	theorem	domain_area_nonneg	QuantumGravity.lean	403
2207	theorem	AWM_total_area_nonneg	QuantumGravity.lean	419
2208	theorem	AWM_temp_pos	QuantumGravity.lean	443
2209	theorem	domain_universe_expanding	QuantumGravity.lean	457
2210	theorem	planck_above_implies_all_positive	QuantumGravity.lean	473
2211	theorem	shannon_entropy_nonneg	QuantumInformation.lean	14
2212	theorem	shannon_entropy_max_uniform	QuantumInformation.lean	29
2213	theorem	joint_entropy_ge_marginal	QuantumInformation.lean	44
2214	theorem	mutual_info_nonneg	QuantumInformation.lean	58
2215	theorem	mutual_info_symmetric	QuantumInformation.lean	65
2216	theorem	data_processing_inequality	QuantumInformation.lean	71
2217	theorem	vN_entropy_nonneg	QuantumInformation.lean	81
2218	theorem	vN_entropy_pure_state	QuantumInformation.lean	91
2219	theorem	vN_entropy_max_mixed	QuantumInformation.lean	95
2220	theorem	vN_concavity	QuantumInformation.lean	104
2221	theorem	holevo_chi_nonneg	QuantumInformation.lean	115
2222	theorem	capacity_nonneg	QuantumInformation.lean	123
2223	theorem	hashing_bound_nonneg	QuantumInformation.lean	131
2224	theorem	rel_entropy_zero_iff_equal	QuantumInformation.lean	146
2225	theorem	klein_inequality_2x2	QuantumInformation.lean	158
2226	theorem	SSA_implies_conditional_MI_nonneg	QuantumInformation.lean	183
2227	theorem	monotonicity_rel_entropy	QuantumInformation.lean	189
2228	theorem	quantum_cond_entropy_can_be_neg	QuantumInformation.lean	196
2229	theorem	entanglement_entropy_nonneg	QuantumInformation.lean	204
2230	theorem	product_state_zero_entanglement	QuantumInformation.lean	209
2231	theorem	max_entanglement_at_half	QuantumInformation.lean	213
2232	theorem	concurrence_nonneg	QuantumInformation.lean	221
2233	theorem	concurrence_zero_separable	QuantumInformation.lean	226
2234	theorem	EoF_zero_at_zero_concurrence	QuantumInformation.lean	237
2235	theorem	depolarizing_in_unit_interval	QuantumInformation.lean	251
2236	theorem	amplitude_damping_nonneg	QuantumInformation.lean	264
2237	theorem	amplitude_damping_decreases	QuantumInformation.lean	270
2238	theorem	phase_damping_magnitude_decreases	QuantumInformation.lean	280
2239	theorem	domain_entropy_nonneg	QuantumInformation.lean	311
2240	theorem	domain_max_entropy_bound	QuantumInformation.lean	326
2241	theorem	domain_MI_nonneg	QuantumInformation.lean	364
2242	theorem	domain_KL_nonneg	QuantumInformation.lean	378
2243	theorem	beta_one_loop_neg	RenormalizationGroup.lean	14
2244	theorem	beta_one_loop_zero_coupling	RenormalizationGroup.lean	20
2245	theorem	AF_implies_beta_neg	RenormalizationGroup.lean	26
2246	theorem	beta_two_loop_neg	RenormalizationGroup.lean	36
2247	theorem	zero_coupling_fixed_point	RenormalizationGroup.lean	46
2248	theorem	running_coupling_at_reference	RenormalizationGroup.lean	61
2249	theorem	coupling_decreases_UV	RenormalizationGroup.lean	70
2250	theorem	anomalous_dim_nonneg	RenormalizationGroup.lean	104
2251	theorem	CS_at_fixed_point	RenormalizationGroup.lean	109
2252	theorem	correlator_scaling_pos	RenormalizationGroup.lean	119
2253	theorem	correlator_decays	RenormalizationGroup.lean	125
2254	theorem	scale_factor_gt_one	RenormalizationGroup.lean	141
2255	theorem	wilson_coupling_pos	RenormalizationGroup.lean	150
2256	theorem	relevant_grows	RenormalizationGroup.lean	161
2257	theorem	irrelevant_shrinks	RenormalizationGroup.lean	172
2258	theorem	conformal_window_nonempty	RenormalizationGroup.lean	193
2259	theorem	banks_zaks_pos	RenormalizationGroup.lean	204
2260	theorem	mixing_trace_preserved	RenormalizationGroup.lean	229
2261	theorem	mixing_discriminant_nonneg	RenormalizationGroup.lean	236
2262	theorem	symmetric_mixing_diagonalizable	RenormalizationGroup.lean	242
2263	theorem	widom_delta_gt_one	RenormalizationGroup.lean	276
2264	theorem	mean_field_rushbrooke	RenormalizationGroup.lean	294
2265	theorem	all_couplings_pos	RenormalizationGroup.lean	323
2266	theorem	domain_beta_neg	RenormalizationGroup.lean	331
2267	theorem	total_beta_flow_neg	RenormalizationGroup.lean	341
2268	theorem	UV_fixed_point_exists	RenormalizationGroup.lean	352
2269	theorem	couplings_decrease_UV	RenormalizationGroup.lean	359
2270	theorem	rep_one_is_identity	RepresentationTheory.lean	16
2271	theorem	rep_mul_homomorphism	RepresentationTheory.lean	21
2272	theorem	rep_inv_is_inv	RepresentationTheory.lean	28
2273	theorem	character_one_is_dim	RepresentationTheory.lean	47
2274	theorem	character_conjugate_invariant	RepresentationTheory.lean	55
2275	theorem	character_nonneg_trivial	RepresentationTheory.lean	65
2276	theorem	intertwiner_zero_is_intertwiner	RepresentationTheory.lean	81
2277	theorem	GOT_nonneg	RepresentationTheory.lean	93
2278	theorem	char_ortho_nonneg	RepresentationTheory.lean	99
2279	theorem	nirr_eq_nconj_proxy	RepresentationTheory.lean	108
2280	theorem	dim_sq_sum_proxy	RepresentationTheory.lean	113
2281	theorem	frobenius_reciprocity_nonneg	RepresentationTheory.lean	125
2282	theorem	induced_dim_pos	RepresentationTheory.lean	133
2283	theorem	mackey_proxy	RepresentationTheory.lean	139
2284	theorem	rep_dim_add_comm	RepresentationTheory.lean	149
2285	theorem	rep_dim_tensor_pos	RepresentationTheory.lean	155
2286	theorem	dual_dim_eq	RepresentationTheory.lean	162
2287	theorem	burnside_nonneg	RepresentationTheory.lean	165
2288	theorem	hook_length_pos	RepresentationTheory.lean	176
2289	theorem	Sn_order	RepresentationTheory.lean	180
2290	theorem	An_index_proxy	RepresentationTheory.lean	185
2291	theorem	weight_nonneg_dominant	RepresentationTheory.lean	197
2292	theorem	weyl_dim_pos	RepresentationTheory.lean	204
2293	theorem	casimir_nonneg	RepresentationTheory.lean	213
2294	theorem	domain_rep_dim_pos	RepresentationTheory.lean	233
2295	theorem	domain_character_pos	RepresentationTheory.lean	241
2296	theorem	domain_casimir_nonneg	RepresentationTheory.lean	250
2297	theorem	AWM_rep_ring_dim	RepresentationTheory.lean	254
2298	theorem	union_comm	SetTheory.lean	12
2299	theorem	inter_comm	SetTheory.lean	16
2300	theorem	union_assoc	SetTheory.lean	20
2301	theorem	inter_distrib_union	SetTheory.lean	24
2302	theorem	demorgan_union	SetTheory.lean	29
2303	theorem	demorgan_inter	SetTheory.lean	34
2304	theorem	card_union_le	SetTheory.lean	43
2305	theorem	card_inter_le_left	SetTheory.lean	52
2306	theorem	card_subset_le	SetTheory.lean	58
2307	theorem	card_empty	SetTheory.lean	64
2308	theorem	card_singleton	SetTheory.lean	67
2309	theorem	card_powerset	SetTheory.lean	71
2310	theorem	injective_comp	SetTheory.lean	80
2311	theorem	surjective_comp	SetTheory.lean	87
2312	theorem	bijective_comp	SetTheory.lean	94
2313	theorem	cantor	SetTheory.lean	106
2314	theorem	nat_well_order	SetTheory.lean	131
2315	theorem	ordinal_add_assoc	SetTheory.lean	140
2316	theorem	ordinal_add_zero	SetTheory.lean	145
2317	theorem	transfinite_induction_proxy	SetTheory.lean	149
2318	theorem	CBS_proxy	SetTheory.lean	159
2319	theorem	nat_prod_countable	SetTheory.lean	163
2320	theorem	aleph0_minimal	SetTheory.lean	168
2321	theorem	CH_proxy	SetTheory.lean	172
2322	theorem	powerset_card_pos	SetTheory.lean	175
2323	theorem	choice_nonempty	SetTheory.lean	183
2324	theorem	zorn_proxy	SetTheory.lean	189
2325	theorem	WO_proxy	SetTheory.lean	193
2326	theorem	CH_independent_proxy	SetTheory.lean	201
2327	theorem	forcing_condition_holds	SetTheory.lean	207
2328	theorem	consistency_nonneg	SetTheory.lean	211
2329	theorem	omega_not_inaccessible	SetTheory.lean	221
2330	theorem	one_measurable_proxy	SetTheory.lean	228
2331	theorem	domain_woodin	SetTheory.lean	235
2332	theorem	domain_card	SetTheory.lean	252
2333	theorem	domain_powerset_size	SetTheory.lean	256
2334	theorem	domain_well_ordered	SetTheory.lean	268
2335	theorem	domain_cantor	SetTheory.lean	272
2336	theorem	domain_cardinal_pos	SetTheory.lean	278
2337	theorem	AWM_forcing	SetTheory.lean	282
2338	theorem	signal_energy_nonneg	SignalProcessing.lean	15
2339	theorem	signal_power_nonneg	SignalProcessing.lean	26
2340	theorem	impulse_energy	SignalProcessing.lean	36
2341	theorem	z_transform_linear	SignalProcessing.lean	51
2342	theorem	ROC_nonneg	SignalProcessing.lean	65
2343	theorem	FIR_is_BIBO	SignalProcessing.lean	89
2344	theorem	IIR_proxy	SignalProcessing.lean	96
2345	theorem	nyquist_implies_reconstruct	SignalProcessing.lean	107
2346	theorem	sampling_period_pos	SignalProcessing.lean	116
2347	theorem	aliasing_proxy	SignalProcessing.lean	121
2348	theorem	PSD_nonneg	SignalProcessing.lean	129
2349	theorem	autocorr_zero_nonneg	SignalProcessing.lean	137
2350	theorem	xcorr_cauchy_schwarz	SignalProcessing.lean	142
2351	theorem	valid_mod_zero	SignalProcessing.lean	163
2352	theorem	SNR_nonneg	SignalProcessing.lean	179
2353	theorem	noise_figure_pos	SignalProcessing.lean	193
2354	theorem	LMS_convergence_proxy	SignalProcessing.lean	204
2355	theorem	wiener_filter_proxy	SignalProcessing.lean	207
2356	theorem	kalman_proxy	SignalProcessing.lean	210
2357	theorem	domain_energy_nonneg	SignalProcessing.lean	229
2358	theorem	domain_impulse_energy	SignalProcessing.lean	233
2359	theorem	domain_FIR_stable	SignalProcessing.lean	238
2360	theorem	domain_nyquist	SignalProcessing.lean	242
2361	theorem	domain_SNR_nonneg	SignalProcessing.lean	249
2362	theorem	domain_autocorr_nonneg	SignalProcessing.lean	257
2363	theorem	T_nonneg	SovereignHamiltonian.lean	21
2364	theorem	V_nonneg	SovereignHamiltonian.lean	24
2365	theorem	V_zero_iff_equilibrium	SovereignHamiltonian.lean	30
2366	theorem	V_unique_minimum	SovereignHamiltonian.lean	42
2367	theorem	energy_nonneg	SovereignHamiltonian.lean	46
2368	theorem	G_le_H	SovereignHamiltonian.lean	50
2369	theorem	G_bounded_by_H_when_nonneg	SovereignHamiltonian.lean	56
2370	theorem	equilibrium_minimizes_H	SovereignHamiltonian.lean	63
2371	theorem	sovereign_sealed	SovereignHamiltonian.lean	84
2372	theorem	audit_fully_sealed	SovereignHamiltonian.lean	86
2373	theorem	op_count	SpineLanguage.lean	32
2374	theorem	modify_is_unary	SpineLanguage.lean	49
2375	theorem	compose_is_binary	SpineLanguage.lean	50
2376	theorem	empty_constraints_satisfied	SpineLanguage.lean	69
2377	theorem	constraint_mono	SpineLanguage.lean	74
2378	theorem	governance_and_stricter	SpineLanguage.lean	102
2379	theorem	size_pos	SpineLanguage.lean	132
2380	theorem	depth_le_size	SpineLanguage.lean	139
2381	theorem	apply_admissible	SpineLanguage.lean	160
2382	theorem	apply_noncommutative	SpineLanguage.lean	168
2383	theorem	closure_requires_depth	SpineLanguage.lean	191
2384	theorem	closure_requires_nonempty	SpineLanguage.lean	194
2385	theorem	atom_closure_valid	SpineLanguage.lean	198
2386	theorem	spine_sorry_free	SpineLanguage.lean	253
2387	theorem	spine_op_count	SpineLanguage.lean	254
2388	theorem	spine_sealed	SpineLanguage.lean	255
2389	theorem	partition_function_pos	StatisticalMechanics.lean	16
2390	theorem	partition_function_ge_one	StatisticalMechanics.lean	25
2391	theorem	partition_shift	StatisticalMechanics.lean	41
2392	theorem	gibbs_prob_pos	StatisticalMechanics.lean	65
2393	theorem	gibbs_prob_le_one	StatisticalMechanics.lean	72
2394	theorem	gibbs_sums_to_one	StatisticalMechanics.lean	84
2395	theorem	free_energy_finite	StatisticalMechanics.lean	101
2396	theorem	internal_energy_is_weighted_avg	StatisticalMechanics.lean	114
2397	theorem	gibbs_entropy_nonneg	StatisticalMechanics.lean	131
2398	theorem	uniform_max_entropy	StatisticalMechanics.lean	149
2399	theorem	maxwell_boltzmann_pos	StatisticalMechanics.lean	165
2400	theorem	maxwell_boltzmann_symmetric	StatisticalMechanics.lean	174
2401	theorem	maxwell_boltzmann_max_at_zero	StatisticalMechanics.lean	181
2402	theorem	first_law_holds	StatisticalMechanics.lean	203
2403	theorem	work_from_first_law	StatisticalMechanics.lean	206
2404	theorem	second_law_irreversible	StatisticalMechanics.lean	211
2405	theorem	carnot_efficiency_lt_one	StatisticalMechanics.lean	219
2406	theorem	carnot_efficiency_pos	StatisticalMechanics.lean	227
2407	theorem	third_law_limit	StatisticalMechanics.lean	236
2408	theorem	ordered_or_disordered	StatisticalMechanics.lean	245
2409	theorem	landau_nonneg_b_pos_a_pos	StatisticalMechanics.lean	253
2410	theorem	landau_minimum_at_zero_when_a_pos	StatisticalMechanics.lean	258
2411	theorem	symmetry_breaking_minima	StatisticalMechanics.lean	263
2412	theorem	domain_partition_pos	StatisticalMechanics.lean	295
2413	theorem	domain_gibbs_sum_one	StatisticalMechanics.lean	308
2414	theorem	domain_gibbs_pos	StatisticalMechanics.lean	315
2415	theorem	ito_correction_nonneg	StochasticDifferentialEquations.lean	15
2416	theorem	ito_correction_zero_linear	StochasticDifferentialEquations.lean	22
2417	theorem	ito_quadratic	StochasticDifferentialEquations.lean	27
2418	theorem	ito_exponential	StochasticDifferentialEquations.lean	32
2419	theorem	OU_drift_neg_when_pos	StochasticDifferentialEquations.lean	43
2420	theorem	OU_drift_pos_when_neg	StochasticDifferentialEquations.lean	48
2421	theorem	OU_drift_zero_at_origin	StochasticDifferentialEquations.lean	53
2422	theorem	OU_variance_pos	StochasticDifferentialEquations.lean	61
2423	theorem	OU_variance_decreases_with_theta	StochasticDifferentialEquations.lean	67
2424	theorem	OU_path_bound_pos	StochasticDifferentialEquations.lean	80
2425	theorem	OU_path_decays	StochasticDifferentialEquations.lean	86
2426	theorem	stationary_trivial_solution	StochasticDifferentialEquations.lean	103
2427	theorem	OU_gaussian_stationary	StochasticDifferentialEquations.lean	108
2428	theorem	bridge_variance_nonneg	StochasticDifferentialEquations.lean	121
2429	theorem	bridge_variance_zero_at_endpoints	StochasticDifferentialEquations.lean	130
2430	theorem	bridge_variance_zero_at_T	StochasticDifferentialEquations.lean	135
2431	theorem	bridge_variance_max_at_half	StochasticDifferentialEquations.lean	142
2432	theorem	GBM_path_pos	StochasticDifferentialEquations.lean	156
2433	theorem	GBM_path_at_zero	StochasticDifferentialEquations.lean	162
2434	theorem	GBM_log_mean	StochasticDifferentialEquations.lean	167
2435	theorem	lipschitz_linear_growth	StochasticDifferentialEquations.lean	184
2436	theorem	SDE_unique_solution	StochasticDifferentialEquations.lean	195
2437	theorem	moment_bound_pos	StochasticDifferentialEquations.lean	209
2438	theorem	variance_propagation_pos	StochasticDifferentialEquations.lean	222
2439	theorem	variance_decays_with_kappa	StochasticDifferentialEquations.lean	228
2440	theorem	domain_variance_all_positive	StochasticDifferentialEquations.lean	263
2441	theorem	system_variance_pos	StochasticDifferentialEquations.lean	274
2442	theorem	string_tension_pos	StringTheory.lean	16
2443	theorem	worldsheet_det_symmetric	StringTheory.lean	26
2444	theorem	NG_density_pos	StringTheory.lean	36
2445	theorem	polyakov_action_scaling	StringTheory.lean	50
2446	theorem	virasoro_L0_nonneg	StringTheory.lean	75
2447	theorem	massless_condition	StringTheory.lean	89
2448	theorem	bosonic_critical_dim	StringTheory.lean	94
2449	theorem	superstring_critical_dim	StringTheory.lean	97
2450	theorem	CY3_real_dim	StringTheory.lean	120
2451	theorem	CY3_complex_dim	StringTheory.lean	121
2452	theorem	hodge_mirror	StringTheory.lean	132
2453	theorem	CY3_euler_formula	StringTheory.lean	139
2454	theorem	quintic_euler	StringTheory.lean	155
2455	theorem	T_dual_involution	StringTheory.lean	169
2456	theorem	T_dual_pos	StringTheory.lean	179
2457	theorem	self_dual_fixed_point	StringTheory.lean	189
2458	theorem	T_duality_exchange	StringTheory.lean	199
2459	theorem	Dp_tension_pos	StringTheory.lean	220
2460	theorem	BPS_tension_pos	StringTheory.lean	229
2461	theorem	brane_intersection_symm	StringTheory.lean	240
2462	theorem	N_branes_gauge_group	StringTheory.lean	246
2463	theorem	moduli_dim_pos	StringTheory.lean	258
2464	theorem	quintic_moduli_dim	StringTheory.lean	268
2465	theorem	mirror_symmetry_exchange	StringTheory.lean	272
2466	theorem	AdS_radius_pos	StringTheory.lean	299
2467	theorem	tHooft_coupling_pos	StringTheory.lean	313
2468	theorem	strong_coupling_weak_curvature	StringTheory.lean	319
2469	theorem	holographic_entropy_pos	StringTheory.lean	328
2470	theorem	holographic_area_bound	StringTheory.lean	333
2471	theorem	SFT_action_nonneg	StringTheory.lean	351
2472	theorem	BRST_cohomology_well_defined	StringTheory.lean	370
2473	theorem	AWM_tension_pos	StringTheory.lean	407
2474	theorem	domain_brane_count_val	StringTheory.lean	421
2475	theorem	domain_T_dual_pos	StringTheory.lean	434
2476	theorem	domain_T_dual_involution	StringTheory.lean	443
2477	theorem	domain_entropy_pos	StringTheory.lean	463
2478	theorem	domain_mirror_symmetry	StringTheory.lean	476
2479	theorem	standard_J_antisym	SymplecticTopology.lean	21
2480	theorem	symplectic_pairing_proxy	SymplecticTopology.lean	45
2481	theorem	darboux_proxy	SymplecticTopology.lean	53
2482	theorem	liouville_pos	SymplecticTopology.lean	62
2483	theorem	symplectic_area_nonneg	SymplecticTopology.lean	69
2484	theorem	bilinear_antisym_aux	SymplecticTopology.lean	72
2485	theorem	HVF_antisym	SymplecticTopology.lean	103
2486	theorem	poisson_antisym	SymplecticTopology.lean	120
2487	theorem	identity_symplectomorphism	SymplecticTopology.lean	137
2488	theorem	symplecto_comp	SymplecticTopology.lean	144
2489	theorem	zero_section_lagrangian	SymplecticTopology.lean	161
2490	theorem	arnold_liouville_proxy	SymplecticTopology.lean	165
2491	theorem	nearby_lagrangian_proxy	SymplecticTopology.lean	169
2492	theorem	leapfrog_symplectic_proxy	SymplecticTopology.lean	184
2493	theorem	leapfrog_energy_proxy	SymplecticTopology.lean	192
2494	theorem	backward_error_proxy	SymplecticTopology.lean	198
2495	theorem	capacity_pos	SymplecticTopology.lean	206
2496	theorem	non_squeezing_proxy	SymplecticTopology.lean	213
2497	theorem	hofer_metric_nonneg	SymplecticTopology.lean	223
2498	theorem	action_functional_linear	SymplecticTopology.lean	233
2499	theorem	arnold_conjecture_proxy	SymplecticTopology.lean	243
2500	theorem	AWM_leapfrog_exists	SymplecticTopology.lean	262
2501	theorem	AWM_J_antisym	SymplecticTopology.lean	274
2502	theorem	AWM_poisson_antisym	SymplecticTopology.lean	278
2503	theorem	AWM_volume_pos	SymplecticTopology.lean	288
2504	theorem	AWM_capacity_pos	SymplecticTopology.lean	295
2505	theorem	AWM_action_linear	SymplecticTopology.lean	303
2506	theorem	AWM_identity_symplecto	SymplecticTopology.lean	311
2507	theorem	synapticWeight_pos	Synaptic_Weights.lean	13
2508	theorem	synapticWeight_symm	Synaptic_Weights.lean	17
2509	theorem	cognitiveState_pos	Synaptic_Weights.lean	22
2510	theorem	hashIdentity_injective_iff_no_collision	Synaptic_Weights.lean	41
2511	theorem	basisVec_orthonormal	Synaptic_Weights.lean	55
2512	theorem	id_functor_preserves_comp	Synaptic_Weights.lean	69
2513	theorem	functor_comp_preserves	Synaptic_Weights.lean	73
2514	theorem	const_entropy_nondecreasing	Synaptic_Weights.lean	86
2515	theorem	nash_exists_for_constant_payoff	Synaptic_Weights.lean	95
2516	theorem	holonomic_zero_valid	Synaptic_Weights.lean	105
2517	theorem	omega_limit_proxy	Synaptic_Weights.lean	114
2518	theorem	lexicon_apex_sealed	Synaptic_Weights.lean	141
2519	theorem	first_law_energy_conservation	Thermodynamics.lean	13
2520	theorem	second_law_reflexive	Thermodynamics.lean	20
2521	theorem	second_law_transitive	Thermodynamics.lean	23
2522	theorem	third_law_proxy	Thermodynamics.lean	30
2523	theorem	zeroth_law_transitive	Thermodynamics.lean	38
2524	theorem	gibbs_nonneg_at_equilibrium	Thermodynamics.lean	60
2525	theorem	enthalpy_nonneg	Thermodynamics.lean	70
2526	theorem	maxwell_relation_proxy	Thermodynamics.lean	77
2527	theorem	ideal_gas_pressure_pos	Thermodynamics.lean	87
2528	theorem	ideal_gas_energy_nonneg	Thermodynamics.lean	97
2529	theorem	equipartition_nonneg	Thermodynamics.lean	108
2530	theorem	boltzmann_entropy_nonneg	Thermodynamics.lean	122
2531	theorem	gibbs_entropy_nonneg	Thermodynamics.lean	142
2532	theorem	entropy_mixing_nonneg	Thermodynamics.lean	165
2533	theorem	carnot_efficiency_pos	Thermodynamics.lean	191
2534	theorem	carnot_efficiency_lt_one	Thermodynamics.lean	200
2535	theorem	refrigerator_COP_pos	Thermodynamics.lean	214
2536	theorem	CC_pos	Thermodynamics.lean	230
2537	theorem	latent_heat_nonneg	Thermodynamics.lean	237
2538	theorem	triple_point_proxy	Thermodynamics.lean	240
2539	theorem	order_param_nonneg	Thermodynamics.lean	244
2540	theorem	partition_function_pos	Thermodynamics.lean	254
2541	theorem	free_energy_finite	Thermodynamics.lean	268
2542	theorem	avg_energy_proxy	Thermodynamics.lean	275
2543	theorem	entropy_production_nonneg	Thermodynamics.lean	283
2544	theorem	onsager_proxy	Thermodynamics.lean	287
2545	theorem	dissipation_nonneg	Thermodynamics.lean	292
2546	theorem	GENERIC_proxy	Thermodynamics.lean	296
2547	theorem	domain_Z_pos	Thermodynamics.lean	314
2548	theorem	domain_gibbs_nonneg	Thermodynamics.lean	325
2549	theorem	domain_carnot_pos	Thermodynamics.lean	336
2550	theorem	domain_carnot_lt_one	Thermodynamics.lean	341
2551	theorem	domain_enthalpy_nonneg	Thermodynamics.lean	349
2552	theorem	domain_boltzmann_nonneg	Thermodynamics.lean	357
2553	theorem	persistence_pos	TopologicalDataAnalysis.lean	15
2554	theorem	persistence_nonneg	TopologicalDataAnalysis.lean	19
2555	theorem	birth_lt_death	TopologicalDataAnalysis.lean	23
2556	theorem	death_eq_birth_plus_persistence	TopologicalDataAnalysis.lean	26
2557	theorem	total_persistence_pos	TopologicalDataAnalysis.lean	37
2558	theorem	total_persistence_nonneg	TopologicalDataAnalysis.lean	48
2559	theorem	barcode_size_pos	TopologicalDataAnalysis.lean	55
2560	theorem	mean_persistence_pos	TopologicalDataAnalysis.lean	63
2561	theorem	euler_char_sphere	TopologicalDataAnalysis.lean	77
2562	theorem	euler_char_torus	TopologicalDataAnalysis.lean	81
2563	theorem	euler_char_plane	TopologicalDataAnalysis.lean	85
2564	theorem	connected_iff_b0_one	TopologicalDataAnalysis.lean	89
2565	theorem	simply_connected_no_loops	TopologicalDataAnalysis.lean	95
2566	theorem	bottleneck_nonneg	TopologicalDataAnalysis.lean	102
2567	theorem	bottleneck_symm	TopologicalDataAnalysis.lean	107
2568	theorem	bottleneck_triangle	TopologicalDataAnalysis.lean	114
2569	theorem	stability_theorem	TopologicalDataAnalysis.lean	127
2570	theorem	diagonal_distance_pos	TopologicalDataAnalysis.lean	141
2571	theorem	essential_persists_long	TopologicalDataAnalysis.lean	150
2572	theorem	filtration_monotone	TopologicalDataAnalysis.lean	160
2573	theorem	rips_cech_interleaving	TopologicalDataAnalysis.lean	167
2574	theorem	elder_rule	TopologicalDataAnalysis.lean	171
2575	theorem	pairing_unique	TopologicalDataAnalysis.lean	178
2576	theorem	reduction_terminates	TopologicalDataAnalysis.lean	183
2577	theorem	wasserstein_nonneg	TopologicalDataAnalysis.lean	191
2578	theorem	wasserstein_symm	TopologicalDataAnalysis.lean	197
2579	theorem	H0_birth_pos	TopologicalDataAnalysis.lean	222
2580	theorem	H0_death_ge_birth	TopologicalDataAnalysis.lean	232
2581	theorem	margin_persistence_nonneg	TopologicalDataAnalysis.lean	246
2582	theorem	higher_floor_better_persistence	TopologicalDataAnalysis.lean	251
2583	theorem	topology_empty	TopologyAdvanced.lean	20
2584	theorem	topology_univ	TopologyAdvanced.lean	24
2585	theorem	topology_inter	TopologyAdvanced.lean	28
2586	theorem	const_continuous	TopologyAdvanced.lean	76
2587	theorem	id_continuous	TopologyAdvanced.lean	87
2588	theorem	comp_continuous	TopologyAdvanced.lean	92
2589	theorem	empty_compact	TopologyAdvanced.lean	116
2590	theorem	finite_compact	TopologyAdvanced.lean	123
2591	theorem	heine_borel_proxy	TopologyAdvanced.lean	129
2592	theorem	indiscrete_connected	TopologyAdvanced.lean	145
2593	theorem	metric_nonneg	TopologyAdvanced.lean	173
2594	theorem	metric_zero	TopologyAdvanced.lean	177
2595	theorem	metric_triangle	TopologyAdvanced.lean	181
2596	theorem	homotopy_refl	TopologyAdvanced.lean	211
2597	theorem	homotopy_sym	TopologyAdvanced.lean	216
2598	theorem	pi1_trivial_holds	TopologyAdvanced.lean	230
2599	theorem	bundle_proj_defined	TopologyAdvanced.lean	244
2600	theorem	bundle_rank_pos	TopologyAdvanced.lean	259
2601	theorem	covering_sheets_pos	TopologyAdvanced.lean	273
2602	theorem	univ_cover_proxy.	TopologyAdvanced.lean	285
2603	theorem	domain_opens_univ	TopologyAdvanced.lean	306
2604	theorem	domain_metric_nn	TopologyAdvanced.lean	347
2605	theorem	domain_homotopy_refl	TopologyAdvanced.lean	351
2606	theorem	domain_bundle_proj	TopologyAdvanced.lean	362
2607	theorem	domain_covering	TopologyAdvanced.lean	368
2608	theorem	trop_add_comm	TropicalGeometry.lean	14
2609	theorem	trop_add_assoc	TropicalGeometry.lean	18
2610	theorem	trop_mul_comm	TropicalGeometry.lean	23
2611	theorem	trop_mul_assoc	TropicalGeometry.lean	27
2612	theorem	trop_distrib	TropicalGeometry.lean	32
2613	theorem	trop_mul_zero	TropicalGeometry.lean	41
2614	theorem	trop_monomial_linear	TropicalGeometry.lean	53
2615	theorem	trop_poly_piecewise	TropicalGeometry.lean	65
2616	theorem	trop_line_proxy	TropicalGeometry.lean	91
2617	theorem	newton_polytope_nonneg	TropicalGeometry.lean	95
2618	theorem	trop_eigenvalue_proxy	TropicalGeometry.lean	122
2619	theorem	amoeba_coord_finite	TropicalGeometry.lean	136
2620	theorem	tropical_limit_proxy	TropicalGeometry.lean	142
2621	theorem	maslov_proxy	TropicalGeometry.lean	146
2622	theorem	trop_mult_nonneg	TropicalGeometry.lean	156
2623	theorem	trop_bezout_proxy	TropicalGeometry.lean	160
2624	theorem	trop_RR_proxy	TropicalGeometry.lean	164
2625	theorem	shortest_path_nonneg	TropicalGeometry.lean	178
2626	theorem	trop_genus_nonneg	TropicalGeometry.lean	198
2627	theorem	trop_jacobian_proxy	TropicalGeometry.lean	203
2628	theorem	metric_graph_proxy	TropicalGeometry.lean	206
2629	theorem	domain_rank_injective	TropicalGeometry.lean	233
2630	theorem	domain_trop_add_comm	TropicalGeometry.lean	242
2631	theorem	domain_minplus_nonneg	TropicalGeometry.lean	264
2632	theorem	domain_trop_genus_nonneg	TropicalGeometry.lean	279
2633	theorem	trivial_carrier	UniversalAlgebra.lean	22
2634	theorem	id_hom_map	UniversalAlgebra.lean	38
2635	theorem	comp_hom_map	UniversalAlgebra.lean	52
2636	theorem	eq_cong_refl	UniversalAlgebra.lean	83
2637	theorem	free_algebra_pos	UniversalAlgebra.lean	90
2638	theorem	term_var_nonneg	UniversalAlgebra.lean	100
2639	theorem	all_satisfy_trivial	UniversalAlgebra.lean	114
2640	theorem	birkhoff_proxy	UniversalAlgebra.lean	120
2641	theorem	HSP_proxy	UniversalAlgebra.lean	123
2642	theorem	subvariety_nonneg	UniversalAlgebra.lean	126
2643	theorem	clone_pos	UniversalAlgebra.lean	132
2644	theorem	scalar_distrib_proxy	UniversalAlgebra.lean	146
2645	theorem	module_rank_nonneg	UniversalAlgebra.lean	150
2646	theorem	product_fst	UniversalAlgebra.lean	161
2647	theorem	coproduct_proxy	UniversalAlgebra.lean	167
2648	theorem	ultraproduct_proxy	UniversalAlgebra.lean	170
2649	theorem	AWM_id_hom_map	UniversalAlgebra.lean	196
2650	theorem	AWM_cong_refl	UniversalAlgebra.lean	203
2651	theorem	AWM_product_fst	UniversalAlgebra.lean	212
2652	theorem	AWM_free_dim_pos	UniversalAlgebra.lean	220
2653	theorem	AWM_satisfies_all	UniversalAlgebra.lean	224
2654	theorem	integral_functional_nonneg	VariationalCalculus.lean	25
2655	theorem	action_linear	VariationalCalculus.lean	40
2656	theorem	lagrangian_smooth	VariationalCalculus.lean	66
2657	theorem	HO_EL_proxy	VariationalCalculus.lean	72
2658	theorem	cycloid_y_nonneg	VariationalCalculus.lean	88
2659	theorem	minimal_surface_proxy	VariationalCalculus.lean	95
2660	theorem	isoperimetric_proxy	VariationalCalculus.lean	98
2661	theorem	HO_H_nonneg	VariationalCalculus.lean	120
2662	theorem	hamilton_eq_proxy	VariationalCalculus.lean	132
2663	theorem	const_is_conserved	VariationalCalculus.lean	143
2664	theorem	energy_conserved_proxy	VariationalCalculus.lean	147
2665	theorem	momentum_conserved_proxy	VariationalCalculus.lean	152
2666	theorem	angular_momentum_proxy	VariationalCalculus.lean	156
2667	theorem	wlsc_proxy	VariationalCalculus.lean	163
2668	theorem	sq_coercive	VariationalCalculus.lean	171
2669	theorem	existence_proxy	VariationalCalculus.lean	205
2670	theorem	PMP_proxy	VariationalCalculus.lean	214
2671	theorem	HJB_nonneg	VariationalCalculus.lean	221
2672	theorem	bellman_proxy	VariationalCalculus.lean	229
2673	theorem	value_fn_nonneg	VariationalCalculus.lean	232
2674	theorem	gamma_conv_exists	VariationalCalculus.lean	244
2675	theorem	relaxation_nonneg	VariationalCalculus.lean	249
2676	theorem	domain_action_nonneg	VariationalCalculus.lean	271
2677	theorem	domain_HO_H_nonneg	VariationalCalculus.lean	280
2678	theorem	domain_HJB_nonneg	VariationalCalculus.lean	288
2679	theorem	domain_cycloid_nn	VariationalCalculus.lean	293
2680	theorem	domain_conserved	VariationalCalculus.lean	299
2681	theorem	domain_sq_coercive	VariationalCalculus.lean	303
2682	theorem	contraction_mapping_verified	VerifyState.lean	5
2683	theorem	banach_fixed_point_verified	VerifyState.lean	17
2684	theorem	MRA_monotone	WaveletAnalysis.lean	16
2685	theorem	MRA_resolution_pos	WaveletAnalysis.lean	23
2686	theorem	scale_factor_pos	WaveletAnalysis.lean	29
2687	theorem	scale_factor_increasing	WaveletAnalysis.lean	33
2688	theorem	scaling_filter_sum	WaveletAnalysis.lean	49
2689	theorem	scaling_filter_energy	WaveletAnalysis.lean	52
2690	theorem	wavelet_filter_energy	WaveletAnalysis.lean	60
2691	theorem	QMF_condition	WaveletAnalysis.lean	77
2692	theorem	dwt_coeff_linear	WaveletAnalysis.lean	97
2693	theorem	dwt_coeff_nonneg	WaveletAnalysis.lean	107
2694	theorem	perfect_reconstruction_proxy	WaveletAnalysis.lean	120
2695	theorem	wavelet_parseval	WaveletAnalysis.lean	125
2696	theorem	haar_phi_nonneg	WaveletAnalysis.lean	137
2697	theorem	haar_psi_bounded	WaveletAnalysis.lean	147
2698	theorem	CWT_nonneg	WaveletAnalysis.lean	162
2699	theorem	admissibility_proxy	WaveletAnalysis.lean	174
2700	theorem	tight_frame_exists	WaveletAnalysis.lean	184
2701	theorem	riesz_basis_proxy	WaveletAnalysis.lean	188
2702	theorem	downsample_nonneg	WaveletAnalysis.lean	200
2703	theorem	upsample_nonneg	WaveletAnalysis.lean	214
2704	theorem	domain_DWT_linear	WaveletAnalysis.lean	241
2705	theorem	domain_haar_nonneg	WaveletAnalysis.lean	248
2706	theorem	domain_CWT_nonneg	WaveletAnalysis.lean	256
2707	theorem	domain_parseval	WaveletAnalysis.lean	263
2708	theorem	domain_frame_exists	WaveletAnalysis.lean	268
2709	theorem	GeometryBounds.span_pos	proofs/AWMCore.lean	23
2710	theorem	GeometryBounds.mid_in_range	proofs/AWMCore.lean	26
2711	theorem	tanh_lt_one	proofs/AWMCore.lean	42
2712	theorem	neg_one_lt_tanh	proofs/AWMCore.lean	45
2713	theorem	tanh_abs_lt_one	proofs/AWMCore.lean	48
2714	theorem	sin_abs_le_one	proofs/AWMCore.lean	53
2715	theorem	perturbation_bound	proofs/AWMCore.lean	56
2716	theorem	y_prime_bound	proofs/AWMCore.lean	68
2717	theorem	squash_near_mid	proofs/AWMCore.lean	77
2718	theorem	energy_nonneg	proofs/AWMCore.lean	97
2719	theorem	energy_zero_iff	proofs/AWMCore.lean	100
2720	theorem	energy_scale	proofs/AWMCore.lean	111
2721	theorem	energy_nonneg_sqrt	proofs/AWMCore.lean	115
2722	theorem	mobility_nonneg	proofs/AWMCore.lean	135
2723	theorem	mobility_static	proofs/AWMCore.lean	142
2724	theorem	zero_normalized	proofs/AWMCore.lean	157
2725	theorem	awm_energy_bounded	proofs/AWMCore.lean	196
2726	theorem	awmcore_apex_sealed	proofs/AWMCore.lean	233
